filename,modality,channel,emotion,emotion_code,intensity,statement,repetition,actor,gender,path
03-02-01-01-01-01-01.wav,audio-only,song,neutral,1,normal,Kids are talking by the door,1,1,male,C:\Users\rbk55\OneDrive\Documents\Project_CSE432-532\SER_Project\data\audio_song_actors\Actor_01\03-02-01-01-01-01-01.wav
03-02-01-01-01-02-01.wav,audio-only,song,neutral,1,normal,Kids are talking by the door,2,1,male,C:\Users\rbk55\OneDrive\Documents\Project_CSE432-532\SER_Project\data\audio_song_actors\Actor_01\03-02-01-01-01-02-01.wav
03-02-01-01-02-01-01.wav,audio-only,song,neutral,1,normal,Dogs are sitting by the door,1,1,male,C:\Users\rbk55\OneDrive\Documents\Project_CSE432-532\SER_Project\data\audio_song_actors\Actor_01\03-02-01-01-02-01-01.wav
03-02-01-01-02-02-01.wav,audio-only,song,neutral,1,normal,Dogs are sitting by the door,2,1,male,C:\Users\rbk55\OneDrive\Documents\Project_CSE432-532\SER_Project\data\audio_song_actors\Actor_01\03-02-01-01-02-02-01.wav
03-02-02-01-01-01-01.wav,audio-only,song,calm,2,normal,Kids are talking by the door,1,1,male,C:\Users\rbk55\OneDrive\Documents\Project_CSE432-532\SER_Project\data\audio_song_actors\Actor_01\03-02-02-01-01-01-01.wav
03-02-02-01-01-02-01.wav,audio-only,song,calm,2,normal,Kids are talking by the door,2,1,male,C:\Users\rbk55\OneDrive\Documents\Project_CSE432-532\SER_Project\data\audio_song_actors\Actor_01\03-02-02-01-01-02-01.wav
03-02-02-01-02-01-01.wav,audio-only,song,calm,2,normal,Dogs are sitting by the door,1,1,male,C:\Users\rbk55\OneDrive\Documents\Project_CSE432-532\SER_Project\data\audio_song_actors\Actor_01\03-02-02-01-02-01-01.wav
03-02-02-01-02-02-01.wav,audio-only,song,calm,2,normal,Dogs are sitting by the door,2,1,male,C:\Users\rbk55\OneDrive\Documents\Project_CSE432-532\SER_Project\data\audio_song_actors\Actor_01\03-02-02-01-02-02-01.wav
03-02-02-02-01-01-01.wav,audio-only,song,calm,2,strong,Kids are talking by the door,1,1,male,C:\Users\rbk55\OneDrive\Documents\Project_CSE432-532\SER_Project\data\audio_song_actors\Actor_01\03-02-02-02-01-01-01.wav
03-02-02-02-01-02-01.wav,audio-only,song,calm,2,strong,Kids are talking by the door,2,1,male,C:\Users\rbk55\OneDrive\Documents\Project_CSE432-532\SER_Project\data\audio_song_actors\Actor_01\03-02-02-02-01-02-01.wav
03-02-02-02-02-01-01.wav,audio-only,song,calm,2,strong,Dogs are sitting by the door,1,1,male,C:\Users\rbk55\OneDrive\Documents\Project_CSE432-532\SER_Project\data\audio_song_actors\Actor_01\03-02-02-02-02-01-01.wav
03-02-02-02-02-02-01.wav,audio-only,song,calm,2,strong,Dogs are sitting by the door,2,1,male,C:\Users\rbk55\OneDrive\Documents\Project_CSE432-532\SER_Project\data\audio_song_actors\Actor_01\03-02-02-02-02-02-01.wav
03-02-03-01-01-01-01.wav,audio-only,song,happy,3,normal,Kids are talking by the door,1,1,male,C:\Users\rbk55\OneDrive\Documents\Project_CSE432-532\SER_Project\data\audio_song_actors\Actor_01\03-02-03-01-01-01-01.wav
03-02-03-01-01-02-01.wav,audio-only,song,happy,3,normal,Kids are talking by the door,2,1,male,C:\Users\rbk55\OneDrive\Documents\Project_CSE432-532\SER_Project\data\audio_song_actors\Actor_01\03-02-03-01-01-02-01.wav
03-02-03-01-02-01-01.wav,audio-only,song,happy,3,normal,Dogs are sitting by the door,1,1,male,C:\Users\rbk55\OneDrive\Documents\Project_CSE432-532\SER_Project\data\audio_song_actors\Actor_01\03-02-03-01-02-01-01.wav
03-02-03-01-02-02-01.wav,audio-only,song,happy,3,normal,Dogs are sitting by the door,2,1,male,C:\Users\rbk55\OneDrive\Documents\Project_CSE432-532\SER_Project\data\audio_song_actors\Actor_01\03-02-03-01-02-02-01.wav
03-02-03-02-01-01-01.wav,audio-only,song,happy,3,strong,Kids are talking by the door,1,1,male,C:\Users\rbk55\OneDrive\Documents\Project_CSE432-532\SER_Project\data\audio_song_actors\Actor_01\03-02-03-02-01-01-01.wav
03-02-03-02-01-02-01.wav,audio-only,song,happy,3,strong,Kids are talking by the door,2,1,male,C:\Users\rbk55\OneDrive\Documents\Project_CSE432-532\SER_Project\data\audio_song_actors\Actor_01\03-02-03-02-01-02-01.wav
03-02-03-02-02-01-01.wav,audio-only,song,happy,3,strong,Dogs are sitting by the door,1,1,male,C:\Users\rbk55\OneDrive\Documents\Project_CSE432-532\SER_Project\data\audio_song_actors\Actor_01\03-02-03-02-02-01-01.wav
03-02-03-02-02-02-01.wav,audio-only,song,happy,3,strong,Dogs are sitting by the door,2,1,male,C:\Users\rbk55\OneDrive\Documents\Project_CSE432-532\SER_Project\data\audio_song_actors\Actor_01\03-02-03-02-02-02-01.wav
03-02-04-01-01-01-01.wav,audio-only,song,sad,4,normal,Kids are talking by the door,1,1,male,C:\Users\rbk55\OneDrive\Documents\Project_CSE432-532\SER_Project\data\audio_song_actors\Actor_01\03-02-04-01-01-01-01.wav
03-02-04-01-01-02-01.wav,audio-only,song,sad,4,normal,Kids are talking by the door,2,1,male,C:\Users\rbk55\OneDrive\Documents\Project_CSE432-532\SER_Project\data\audio_song_actors\Actor_01\03-02-04-01-01-02-01.wav
03-02-04-01-02-01-01.wav,audio-only,song,sad,4,normal,Dogs are sitting by the door,1,1,male,C:\Users\rbk55\OneDrive\Documents\Project_CSE432-532\SER_Project\data\audio_song_actors\Actor_01\03-02-04-01-02-01-01.wav
03-02-04-01-02-02-01.wav,audio-only,song,sad,4,normal,Dogs are sitting by the door,2,1,male,C:\Users\rbk55\OneDrive\Documents\Project_CSE432-532\SER_Project\data\audio_song_actors\Actor_01\03-02-04-01-02-02-01.wav
03-02-04-02-01-01-01.wav,audio-only,song,sad,4,strong,Kids are talking by the door,1,1,male,C:\Users\rbk55\OneDrive\Documents\Project_CSE432-532\SER_Project\data\audio_song_actors\Actor_01\03-02-04-02-01-01-01.wav
03-02-04-02-01-02-01.wav,audio-only,song,sad,4,strong,Kids are talking by the door,2,1,male,C:\Users\rbk55\OneDrive\Documents\Project_CSE432-532\SER_Project\data\audio_song_actors\Actor_01\03-02-04-02-01-02-01.wav
03-02-04-02-02-01-01.wav,audio-only,song,sad,4,strong,Dogs are sitting by the door,1,1,male,C:\Users\rbk55\OneDrive\Documents\Project_CSE432-532\SER_Project\data\audio_song_actors\Actor_01\03-02-04-02-02-01-01.wav
03-02-04-02-02-02-01.wav,audio-only,song,sad,4,strong,Dogs are sitting by the door,2,1,male,C:\Users\rbk55\OneDrive\Documents\Project_CSE432-532\SER_Project\data\audio_song_actors\Actor_01\03-02-04-02-02-02-01.wav
03-02-05-01-01-01-01.wav,audio-only,song,angry,5,normal,Kids are talking by the door,1,1,male,C:\Users\rbk55\OneDrive\Documents\Project_CSE432-532\SER_Project\data\audio_song_actors\Actor_01\03-02-05-01-01-01-01.wav
03-02-05-01-01-02-01.wav,audio-only,song,angry,5,normal,Kids are talking by the door,2,1,male,C:\Users\rbk55\OneDrive\Documents\Project_CSE432-532\SER_Project\data\audio_song_actors\Actor_01\03-02-05-01-01-02-01.wav
03-02-05-01-02-01-01.wav,audio-only,song,angry,5,normal,Dogs are sitting by the door,1,1,male,C:\Users\rbk55\OneDrive\Documents\Project_CSE432-532\SER_Project\data\audio_song_actors\Actor_01\03-02-05-01-02-01-01.wav
03-02-05-01-02-02-01.wav,audio-only,song,angry,5,normal,Dogs are sitting by the door,2,1,male,C:\Users\rbk55\OneDrive\Documents\Project_CSE432-532\SER_Project\data\audio_song_actors\Actor_01\03-02-05-01-02-02-01.wav
03-02-05-02-01-01-01.wav,audio-only,song,angry,5,strong,Kids are talking by the door,1,1,male,C:\Users\rbk55\OneDrive\Documents\Project_CSE432-532\SER_Project\data\audio_song_actors\Actor_01\03-02-05-02-01-01-01.wav
03-02-05-02-01-02-01.wav,audio-only,song,angry,5,strong,Kids are talking by the door,2,1,male,C:\Users\rbk55\OneDrive\Documents\Project_CSE432-532\SER_Project\data\audio_song_actors\Actor_01\03-02-05-02-01-02-01.wav
03-02-05-02-02-01-01.wav,audio-only,song,angry,5,strong,Dogs are sitting by the door,1,1,male,C:\Users\rbk55\OneDrive\Documents\Project_CSE432-532\SER_Project\data\audio_song_actors\Actor_01\03-02-05-02-02-01-01.wav
03-02-05-02-02-02-01.wav,audio-only,song,angry,5,strong,Dogs are sitting by the door,2,1,male,C:\Users\rbk55\OneDrive\Documents\Project_CSE432-532\SER_Project\data\audio_song_actors\Actor_01\03-02-05-02-02-02-01.wav
03-02-06-01-01-01-01.wav,audio-only,song,fearful,6,normal,Kids are talking by the door,1,1,male,C:\Users\rbk55\OneDrive\Documents\Project_CSE432-532\SER_Project\data\audio_song_actors\Actor_01\03-02-06-01-01-01-01.wav
03-02-06-01-01-02-01.wav,audio-only,song,fearful,6,normal,Kids are talking by the door,2,1,male,C:\Users\rbk55\OneDrive\Documents\Project_CSE432-532\SER_Project\data\audio_song_actors\Actor_01\03-02-06-01-01-02-01.wav
03-02-06-01-02-01-01.wav,audio-only,song,fearful,6,normal,Dogs are sitting by the door,1,1,male,C:\Users\rbk55\OneDrive\Documents\Project_CSE432-532\SER_Project\data\audio_song_actors\Actor_01\03-02-06-01-02-01-01.wav
03-02-06-01-02-02-01.wav,audio-only,song,fearful,6,normal,Dogs are sitting by the door,2,1,male,C:\Users\rbk55\OneDrive\Documents\Project_CSE432-532\SER_Project\data\audio_song_actors\Actor_01\03-02-06-01-02-02-01.wav
03-02-06-02-01-01-01.wav,audio-only,song,fearful,6,strong,Kids are talking by the door,1,1,male,C:\Users\rbk55\OneDrive\Documents\Project_CSE432-532\SER_Project\data\audio_song_actors\Actor_01\03-02-06-02-01-01-01.wav
03-02-06-02-01-02-01.wav,audio-only,song,fearful,6,strong,Kids are talking by the door,2,1,male,C:\Users\rbk55\OneDrive\Documents\Project_CSE432-532\SER_Project\data\audio_song_actors\Actor_01\03-02-06-02-01-02-01.wav
03-02-06-02-02-01-01.wav,audio-only,song,fearful,6,strong,Dogs are sitting by the door,1,1,male,C:\Users\rbk55\OneDrive\Documents\Project_CSE432-532\SER_Project\data\audio_song_actors\Actor_01\03-02-06-02-02-01-01.wav
03-02-06-02-02-02-01.wav,audio-only,song,fearful,6,strong,Dogs are sitting by the door,2,1,male,C:\Users\rbk55\OneDrive\Documents\Project_CSE432-532\SER_Project\data\audio_song_actors\Actor_01\03-02-06-02-02-02-01.wav
03-02-01-01-01-01-02.wav,audio-only,song,neutral,1,normal,Kids are talking by the door,1,2,female,C:\Users\rbk55\OneDrive\Documents\Project_CSE432-532\SER_Project\data\audio_song_actors\Actor_02\03-02-01-01-01-01-02.wav
03-02-01-01-01-02-02.wav,audio-only,song,neutral,1,normal,Kids are talking by the door,2,2,female,C:\Users\rbk55\OneDrive\Documents\Project_CSE432-532\SER_Project\data\audio_song_actors\Actor_02\03-02-01-01-01-02-02.wav
03-02-01-01-02-01-02.wav,audio-only,song,neutral,1,normal,Dogs are sitting by the door,1,2,female,C:\Users\rbk55\OneDrive\Documents\Project_CSE432-532\SER_Project\data\audio_song_actors\Actor_02\03-02-01-01-02-01-02.wav
03-02-01-01-02-02-02.wav,audio-only,song,neutral,1,normal,Dogs are sitting by the door,2,2,female,C:\Users\rbk55\OneDrive\Documents\Project_CSE432-532\SER_Project\data\audio_song_actors\Actor_02\03-02-01-01-02-02-02.wav
03-02-02-01-01-01-02.wav,audio-only,song,calm,2,normal,Kids are talking by the door,1,2,female,C:\Users\rbk55\OneDrive\Documents\Project_CSE432-532\SER_Project\data\audio_song_actors\Actor_02\03-02-02-01-01-01-02.wav
03-02-02-01-01-02-02.wav,audio-only,song,calm,2,normal,Kids are talking by the door,2,2,female,C:\Users\rbk55\OneDrive\Documents\Project_CSE432-532\SER_Project\data\audio_song_actors\Actor_02\03-02-02-01-01-02-02.wav
03-02-02-01-02-01-02.wav,audio-only,song,calm,2,normal,Dogs are sitting by the door,1,2,female,C:\Users\rbk55\OneDrive\Documents\Project_CSE432-532\SER_Project\data\audio_song_actors\Actor_02\03-02-02-01-02-01-02.wav
03-02-02-01-02-02-02.wav,audio-only,song,calm,2,normal,Dogs are sitting by the door,2,2,female,C:\Users\rbk55\OneDrive\Documents\Project_CSE432-532\SER_Project\data\audio_song_actors\Actor_02\03-02-02-01-02-02-02.wav
03-02-02-02-01-01-02.wav,audio-only,song,calm,2,strong,Kids are talking by the door,1,2,female,C:\Users\rbk55\OneDrive\Documents\Project_CSE432-532\SER_Project\data\audio_song_actors\Actor_02\03-02-02-02-01-01-02.wav
03-02-02-02-01-02-02.wav,audio-only,song,calm,2,strong,Kids are talking by the door,2,2,female,C:\Users\rbk55\OneDrive\Documents\Project_CSE432-532\SER_Project\data\audio_song_actors\Actor_02\03-02-02-02-01-02-02.wav
03-02-02-02-02-01-02.wav,audio-only,song,calm,2,strong,Dogs are sitting by the door,1,2,female,C:\Users\rbk55\OneDrive\Documents\Project_CSE432-532\SER_Project\data\audio_song_actors\Actor_02\03-02-02-02-02-01-02.wav
03-02-02-02-02-02-02.wav,audio-only,song,calm,2,strong,Dogs are sitting by the door,2,2,female,C:\Users\rbk55\OneDrive\Documents\Project_CSE432-532\SER_Project\data\audio_song_actors\Actor_02\03-02-02-02-02-02-02.wav
03-02-03-01-01-01-02.wav,audio-only,song,happy,3,normal,Kids are talking by the door,1,2,female,C:\Users\rbk55\OneDrive\Documents\Project_CSE432-532\SER_Project\data\audio_song_actors\Actor_02\03-02-03-01-01-01-02.wav
03-02-03-01-01-02-02.wav,audio-only,song,happy,3,normal,Kids are talking by the door,2,2,female,C:\Users\rbk55\OneDrive\Documents\Project_CSE432-532\SER_Project\data\audio_song_actors\Actor_02\03-02-03-01-01-02-02.wav
03-02-03-01-02-01-02.wav,audio-only,song,happy,3,normal,Dogs are sitting by the door,1,2,female,C:\Users\rbk55\OneDrive\Documents\Project_CSE432-532\SER_Project\data\audio_song_actors\Actor_02\03-02-03-01-02-01-02.wav
03-02-03-01-02-02-02.wav,audio-only,song,happy,3,normal,Dogs are sitting by the door,2,2,female,C:\Users\rbk55\OneDrive\Documents\Project_CSE432-532\SER_Project\data\audio_song_actors\Actor_02\03-02-03-01-02-02-02.wav
03-02-03-02-01-01-02.wav,audio-only,song,happy,3,strong,Kids are talking by the door,1,2,female,C:\Users\rbk55\OneDrive\Documents\Project_CSE432-532\SER_Project\data\audio_song_actors\Actor_02\03-02-03-02-01-01-02.wav
03-02-03-02-01-02-02.wav,audio-only,song,happy,3,strong,Kids are talking by the door,2,2,female,C:\Users\rbk55\OneDrive\Documents\Project_CSE432-532\SER_Project\data\audio_song_actors\Actor_02\03-02-03-02-01-02-02.wav
03-02-03-02-02-01-02.wav,audio-only,song,happy,3,strong,Dogs are sitting by the door,1,2,female,C:\Users\rbk55\OneDrive\Documents\Project_CSE432-532\SER_Project\data\audio_song_actors\Actor_02\03-02-03-02-02-01-02.wav
03-02-03-02-02-02-02.wav,audio-only,song,happy,3,strong,Dogs are sitting by the door,2,2,female,C:\Users\rbk55\OneDrive\Documents\Project_CSE432-532\SER_Project\data\audio_song_actors\Actor_02\03-02-03-02-02-02-02.wav
03-02-04-01-01-01-02.wav,audio-only,song,sad,4,normal,Kids are talking by the door,1,2,female,C:\Users\rbk55\OneDrive\Documents\Project_CSE432-532\SER_Project\data\audio_song_actors\Actor_02\03-02-04-01-01-01-02.wav
03-02-04-01-01-02-02.wav,audio-only,song,sad,4,normal,Kids are talking by the door,2,2,female,C:\Users\rbk55\OneDrive\Documents\Project_CSE432-532\SER_Project\data\audio_song_actors\Actor_02\03-02-04-01-01-02-02.wav
03-02-04-01-02-01-02.wav,audio-only,song,sad,4,normal,Dogs are sitting by the door,1,2,female,C:\Users\rbk55\OneDrive\Documents\Project_CSE432-532\SER_Project\data\audio_song_actors\Actor_02\03-02-04-01-02-01-02.wav
03-02-04-01-02-02-02.wav,audio-only,song,sad,4,normal,Dogs are sitting by the door,2,2,female,C:\Users\rbk55\OneDrive\Documents\Project_CSE432-532\SER_Project\data\audio_song_actors\Actor_02\03-02-04-01-02-02-02.wav
03-02-04-02-01-01-02.wav,audio-only,song,sad,4,strong,Kids are talking by the door,1,2,female,C:\Users\rbk55\OneDrive\Documents\Project_CSE432-532\SER_Project\data\audio_song_actors\Actor_02\03-02-04-02-01-01-02.wav
03-02-04-02-01-02-02.wav,audio-only,song,sad,4,strong,Kids are talking by the door,2,2,female,C:\Users\rbk55\OneDrive\Documents\Project_CSE432-532\SER_Project\data\audio_song_actors\Actor_02\03-02-04-02-01-02-02.wav
03-02-04-02-02-01-02.wav,audio-only,song,sad,4,strong,Dogs are sitting by the door,1,2,female,C:\Users\rbk55\OneDrive\Documents\Project_CSE432-532\SER_Project\data\audio_song_actors\Actor_02\03-02-04-02-02-01-02.wav
03-02-04-02-02-02-02.wav,audio-only,song,sad,4,strong,Dogs are sitting by the door,2,2,female,C:\Users\rbk55\OneDrive\Documents\Project_CSE432-532\SER_Project\data\audio_song_actors\Actor_02\03-02-04-02-02-02-02.wav
03-02-05-01-01-01-02.wav,audio-only,song,angry,5,normal,Kids are talking by the door,1,2,female,C:\Users\rbk55\OneDrive\Documents\Project_CSE432-532\SER_Project\data\audio_song_actors\Actor_02\03-02-05-01-01-01-02.wav
03-02-05-01-01-02-02.wav,audio-only,song,angry,5,normal,Kids are talking by the door,2,2,female,C:\Users\rbk55\OneDrive\Documents\Project_CSE432-532\SER_Project\data\audio_song_actors\Actor_02\03-02-05-01-01-02-02.wav
03-02-05-01-02-01-02.wav,audio-only,song,angry,5,normal,Dogs are sitting by the door,1,2,female,C:\Users\rbk55\OneDrive\Documents\Project_CSE432-532\SER_Project\data\audio_song_actors\Actor_02\03-02-05-01-02-01-02.wav
03-02-05-01-02-02-02.wav,audio-only,song,angry,5,normal,Dogs are sitting by the door,2,2,female,C:\Users\rbk55\OneDrive\Documents\Project_CSE432-532\SER_Project\data\audio_song_actors\Actor_02\03-02-05-01-02-02-02.wav
03-02-05-02-01-01-02.wav,audio-only,song,angry,5,strong,Kids are talking by the door,1,2,female,C:\Users\rbk55\OneDrive\Documents\Project_CSE432-532\SER_Project\data\audio_song_actors\Actor_02\03-02-05-02-01-01-02.wav
03-02-05-02-01-02-02.wav,audio-only,song,angry,5,strong,Kids are talking by the door,2,2,female,C:\Users\rbk55\OneDrive\Documents\Project_CSE432-532\SER_Project\data\audio_song_actors\Actor_02\03-02-05-02-01-02-02.wav
03-02-05-02-02-01-02.wav,audio-only,song,angry,5,strong,Dogs are sitting by the door,1,2,female,C:\Users\rbk55\OneDrive\Documents\Project_CSE432-532\SER_Project\data\audio_song_actors\Actor_02\03-02-05-02-02-01-02.wav
03-02-05-02-02-02-02.wav,audio-only,song,angry,5,strong,Dogs are sitting by the door,2,2,female,C:\Users\rbk55\OneDrive\Documents\Project_CSE432-532\SER_Project\data\audio_song_actors\Actor_02\03-02-05-02-02-02-02.wav
03-02-06-01-01-01-02.wav,audio-only,song,fearful,6,normal,Kids are talking by the door,1,2,female,C:\Users\rbk55\OneDrive\Documents\Project_CSE432-532\SER_Project\data\audio_song_actors\Actor_02\03-02-06-01-01-01-02.wav
03-02-06-01-01-02-02.wav,audio-only,song,fearful,6,normal,Kids are talking by the door,2,2,female,C:\Users\rbk55\OneDrive\Documents\Project_CSE432-532\SER_Project\data\audio_song_actors\Actor_02\03-02-06-01-01-02-02.wav
03-02-06-01-02-01-02.wav,audio-only,song,fearful,6,normal,Dogs are sitting by the door,1,2,female,C:\Users\rbk55\OneDrive\Documents\Project_CSE432-532\SER_Project\data\audio_song_actors\Actor_02\03-02-06-01-02-01-02.wav
03-02-06-01-02-02-02.wav,audio-only,song,fearful,6,normal,Dogs are sitting by the door,2,2,female,C:\Users\rbk55\OneDrive\Documents\Project_CSE432-532\SER_Project\data\audio_song_actors\Actor_02\03-02-06-01-02-02-02.wav
03-02-06-02-01-01-02.wav,audio-only,song,fearful,6,strong,Kids are talking by the door,1,2,female,C:\Users\rbk55\OneDrive\Documents\Project_CSE432-532\SER_Project\data\audio_song_actors\Actor_02\03-02-06-02-01-01-02.wav
03-02-06-02-01-02-02.wav,audio-only,song,fearful,6,strong,Kids are talking by the door,2,2,female,C:\Users\rbk55\OneDrive\Documents\Project_CSE432-532\SER_Project\data\audio_song_actors\Actor_02\03-02-06-02-01-02-02.wav
03-02-06-02-02-01-02.wav,audio-only,song,fearful,6,strong,Dogs are sitting by the door,1,2,female,C:\Users\rbk55\OneDrive\Documents\Project_CSE432-532\SER_Project\data\audio_song_actors\Actor_02\03-02-06-02-02-01-02.wav
03-02-06-02-02-02-02.wav,audio-only,song,fearful,6,strong,Dogs are sitting by the door,2,2,female,C:\Users\rbk55\OneDrive\Documents\Project_CSE432-532\SER_Project\data\audio_song_actors\Actor_02\03-02-06-02-02-02-02.wav
03-02-01-01-01-01-03.wav,audio-only,song,neutral,1,normal,Kids are talking by the door,1,3,male,C:\Users\rbk55\OneDrive\Documents\Project_CSE432-532\SER_Project\data\audio_song_actors\Actor_03\03-02-01-01-01-01-03.wav
03-02-01-01-01-02-03.wav,audio-only,song,neutral,1,normal,Kids are talking by the door,2,3,male,C:\Users\rbk55\OneDrive\Documents\Project_CSE432-532\SER_Project\data\audio_song_actors\Actor_03\03-02-01-01-01-02-03.wav
03-02-01-01-02-01-03.wav,audio-only,song,neutral,1,normal,Dogs are sitting by the door,1,3,male,C:\Users\rbk55\OneDrive\Documents\Project_CSE432-532\SER_Project\data\audio_song_actors\Actor_03\03-02-01-01-02-01-03.wav
03-02-01-01-02-02-03.wav,audio-only,song,neutral,1,normal,Dogs are sitting by the door,2,3,male,C:\Users\rbk55\OneDrive\Documents\Project_CSE432-532\SER_Project\data\audio_song_actors\Actor_03\03-02-01-01-02-02-03.wav
03-02-02-01-01-01-03.wav,audio-only,song,calm,2,normal,Kids are talking by the door,1,3,male,C:\Users\rbk55\OneDrive\Documents\Project_CSE432-532\SER_Project\data\audio_song_actors\Actor_03\03-02-02-01-01-01-03.wav
03-02-02-01-01-02-03.wav,audio-only,song,calm,2,normal,Kids are talking by the door,2,3,male,C:\Users\rbk55\OneDrive\Documents\Project_CSE432-532\SER_Project\data\audio_song_actors\Actor_03\03-02-02-01-01-02-03.wav
03-02-02-01-02-01-03.wav,audio-only,song,calm,2,normal,Dogs are sitting by the door,1,3,male,C:\Users\rbk55\OneDrive\Documents\Project_CSE432-532\SER_Project\data\audio_song_actors\Actor_03\03-02-02-01-02-01-03.wav
03-02-02-01-02-02-03.wav,audio-only,song,calm,2,normal,Dogs are sitting by the door,2,3,male,C:\Users\rbk55\OneDrive\Documents\Project_CSE432-532\SER_Project\data\audio_song_actors\Actor_03\03-02-02-01-02-02-03.wav
03-02-02-02-01-01-03.wav,audio-only,song,calm,2,strong,Kids are talking by the door,1,3,male,C:\Users\rbk55\OneDrive\Documents\Project_CSE432-532\SER_Project\data\audio_song_actors\Actor_03\03-02-02-02-01-01-03.wav
03-02-02-02-01-02-03.wav,audio-only,song,calm,2,strong,Kids are talking by the door,2,3,male,C:\Users\rbk55\OneDrive\Documents\Project_CSE432-532\SER_Project\data\audio_song_actors\Actor_03\03-02-02-02-01-02-03.wav
03-02-02-02-02-01-03.wav,audio-only,song,calm,2,strong,Dogs are sitting by the door,1,3,male,C:\Users\rbk55\OneDrive\Documents\Project_CSE432-532\SER_Project\data\audio_song_actors\Actor_03\03-02-02-02-02-01-03.wav
03-02-02-02-02-02-03.wav,audio-only,song,calm,2,strong,Dogs are sitting by the door,2,3,male,C:\Users\rbk55\OneDrive\Documents\Project_CSE432-532\SER_Project\data\audio_song_actors\Actor_03\03-02-02-02-02-02-03.wav
03-02-03-01-01-01-03.wav,audio-only,song,happy,3,normal,Kids are talking by the door,1,3,male,C:\Users\rbk55\OneDrive\Documents\Project_CSE432-532\SER_Project\data\audio_song_actors\Actor_03\03-02-03-01-01-01-03.wav
03-02-03-01-01-02-03.wav,audio-only,song,happy,3,normal,Kids are talking by the door,2,3,male,C:\Users\rbk55\OneDrive\Documents\Project_CSE432-532\SER_Project\data\audio_song_actors\Actor_03\03-02-03-01-01-02-03.wav
03-02-03-01-02-01-03.wav,audio-only,song,happy,3,normal,Dogs are sitting by the door,1,3,male,C:\Users\rbk55\OneDrive\Documents\Project_CSE432-532\SER_Project\data\audio_song_actors\Actor_03\03-02-03-01-02-01-03.wav
03-02-03-01-02-02-03.wav,audio-only,song,happy,3,normal,Dogs are sitting by the door,2,3,male,C:\Users\rbk55\OneDrive\Documents\Project_CSE432-532\SER_Project\data\audio_song_actors\Actor_03\03-02-03-01-02-02-03.wav
03-02-03-02-01-01-03.wav,audio-only,song,happy,3,strong,Kids are talking by the door,1,3,male,C:\Users\rbk55\OneDrive\Documents\Project_CSE432-532\SER_Project\data\audio_song_actors\Actor_03\03-02-03-02-01-01-03.wav
03-02-03-02-01-02-03.wav,audio-only,song,happy,3,strong,Kids are talking by the door,2,3,male,C:\Users\rbk55\OneDrive\Documents\Project_CSE432-532\SER_Project\data\audio_song_actors\Actor_03\03-02-03-02-01-02-03.wav
03-02-03-02-02-01-03.wav,audio-only,song,happy,3,strong,Dogs are sitting by the door,1,3,male,C:\Users\rbk55\OneDrive\Documents\Project_CSE432-532\SER_Project\data\audio_song_actors\Actor_03\03-02-03-02-02-01-03.wav
03-02-03-02-02-02-03.wav,audio-only,song,happy,3,strong,Dogs are sitting by the door,2,3,male,C:\Users\rbk55\OneDrive\Documents\Project_CSE432-532\SER_Project\data\audio_song_actors\Actor_03\03-02-03-02-02-02-03.wav
03-02-04-01-01-01-03.wav,audio-only,song,sad,4,normal,Kids are talking by the door,1,3,male,C:\Users\rbk55\OneDrive\Documents\Project_CSE432-532\SER_Project\data\audio_song_actors\Actor_03\03-02-04-01-01-01-03.wav
03-02-04-01-01-02-03.wav,audio-only,song,sad,4,normal,Kids are talking by the door,2,3,male,C:\Users\rbk55\OneDrive\Documents\Project_CSE432-532\SER_Project\data\audio_song_actors\Actor_03\03-02-04-01-01-02-03.wav
03-02-04-01-02-01-03.wav,audio-only,song,sad,4,normal,Dogs are sitting by the door,1,3,male,C:\Users\rbk55\OneDrive\Documents\Project_CSE432-532\SER_Project\data\audio_song_actors\Actor_03\03-02-04-01-02-01-03.wav
03-02-04-01-02-02-03.wav,audio-only,song,sad,4,normal,Dogs are sitting by the door,2,3,male,C:\Users\rbk55\OneDrive\Documents\Project_CSE432-532\SER_Project\data\audio_song_actors\Actor_03\03-02-04-01-02-02-03.wav
03-02-04-02-01-01-03.wav,audio-only,song,sad,4,strong,Kids are talking by the door,1,3,male,C:\Users\rbk55\OneDrive\Documents\Project_CSE432-532\SER_Project\data\audio_song_actors\Actor_03\03-02-04-02-01-01-03.wav
03-02-04-02-01-02-03.wav,audio-only,song,sad,4,strong,Kids are talking by the door,2,3,male,C:\Users\rbk55\OneDrive\Documents\Project_CSE432-532\SER_Project\data\audio_song_actors\Actor_03\03-02-04-02-01-02-03.wav
03-02-04-02-02-01-03.wav,audio-only,song,sad,4,strong,Dogs are sitting by the door,1,3,male,C:\Users\rbk55\OneDrive\Documents\Project_CSE432-532\SER_Project\data\audio_song_actors\Actor_03\03-02-04-02-02-01-03.wav
03-02-04-02-02-02-03.wav,audio-only,song,sad,4,strong,Dogs are sitting by the door,2,3,male,C:\Users\rbk55\OneDrive\Documents\Project_CSE432-532\SER_Project\data\audio_song_actors\Actor_03\03-02-04-02-02-02-03.wav
03-02-05-01-01-01-03.wav,audio-only,song,angry,5,normal,Kids are talking by the door,1,3,male,C:\Users\rbk55\OneDrive\Documents\Project_CSE432-532\SER_Project\data\audio_song_actors\Actor_03\03-02-05-01-01-01-03.wav
03-02-05-01-01-02-03.wav,audio-only,song,angry,5,normal,Kids are talking by the door,2,3,male,C:\Users\rbk55\OneDrive\Documents\Project_CSE432-532\SER_Project\data\audio_song_actors\Actor_03\03-02-05-01-01-02-03.wav
03-02-05-01-02-01-03.wav,audio-only,song,angry,5,normal,Dogs are sitting by the door,1,3,male,C:\Users\rbk55\OneDrive\Documents\Project_CSE432-532\SER_Project\data\audio_song_actors\Actor_03\03-02-05-01-02-01-03.wav
03-02-05-01-02-02-03.wav,audio-only,song,angry,5,normal,Dogs are sitting by the door,2,3,male,C:\Users\rbk55\OneDrive\Documents\Project_CSE432-532\SER_Project\data\audio_song_actors\Actor_03\03-02-05-01-02-02-03.wav
03-02-05-02-01-01-03.wav,audio-only,song,angry,5,strong,Kids are talking by the door,1,3,male,C:\Users\rbk55\OneDrive\Documents\Project_CSE432-532\SER_Project\data\audio_song_actors\Actor_03\03-02-05-02-01-01-03.wav
03-02-05-02-01-02-03.wav,audio-only,song,angry,5,strong,Kids are talking by the door,2,3,male,C:\Users\rbk55\OneDrive\Documents\Project_CSE432-532\SER_Project\data\audio_song_actors\Actor_03\03-02-05-02-01-02-03.wav
03-02-05-02-02-01-03.wav,audio-only,song,angry,5,strong,Dogs are sitting by the door,1,3,male,C:\Users\rbk55\OneDrive\Documents\Project_CSE432-532\SER_Project\data\audio_song_actors\Actor_03\03-02-05-02-02-01-03.wav
03-02-05-02-02-02-03.wav,audio-only,song,angry,5,strong,Dogs are sitting by the door,2,3,male,C:\Users\rbk55\OneDrive\Documents\Project_CSE432-532\SER_Project\data\audio_song_actors\Actor_03\03-02-05-02-02-02-03.wav
03-02-06-01-01-01-03.wav,audio-only,song,fearful,6,normal,Kids are talking by the door,1,3,male,C:\Users\rbk55\OneDrive\Documents\Project_CSE432-532\SER_Project\data\audio_song_actors\Actor_03\03-02-06-01-01-01-03.wav
03-02-06-01-01-02-03.wav,audio-only,song,fearful,6,normal,Kids are talking by the door,2,3,male,C:\Users\rbk55\OneDrive\Documents\Project_CSE432-532\SER_Project\data\audio_song_actors\Actor_03\03-02-06-01-01-02-03.wav
03-02-06-01-02-01-03.wav,audio-only,song,fearful,6,normal,Dogs are sitting by the door,1,3,male,C:\Users\rbk55\OneDrive\Documents\Project_CSE432-532\SER_Project\data\audio_song_actors\Actor_03\03-02-06-01-02-01-03.wav
03-02-06-01-02-02-03.wav,audio-only,song,fearful,6,normal,Dogs are sitting by the door,2,3,male,C:\Users\rbk55\OneDrive\Documents\Project_CSE432-532\SER_Project\data\audio_song_actors\Actor_03\03-02-06-01-02-02-03.wav
03-02-06-02-01-01-03.wav,audio-only,song,fearful,6,strong,Kids are talking by the door,1,3,male,C:\Users\rbk55\OneDrive\Documents\Project_CSE432-532\SER_Project\data\audio_song_actors\Actor_03\03-02-06-02-01-01-03.wav
03-02-06-02-01-02-03.wav,audio-only,song,fearful,6,strong,Kids are talking by the door,2,3,male,C:\Users\rbk55\OneDrive\Documents\Project_CSE432-532\SER_Project\data\audio_song_actors\Actor_03\03-02-06-02-01-02-03.wav
03-02-06-02-02-01-03.wav,audio-only,song,fearful,6,strong,Dogs are sitting by the door,1,3,male,C:\Users\rbk55\OneDrive\Documents\Project_CSE432-532\SER_Project\data\audio_song_actors\Actor_03\03-02-06-02-02-01-03.wav
03-02-06-02-02-02-03.wav,audio-only,song,fearful,6,strong,Dogs are sitting by the door,2,3,male,C:\Users\rbk55\OneDrive\Documents\Project_CSE432-532\SER_Project\data\audio_song_actors\Actor_03\03-02-06-02-02-02-03.wav
03-02-01-01-01-01-04.wav,audio-only,song,neutral,1,normal,Kids are talking by the door,1,4,female,C:\Users\rbk55\OneDrive\Documents\Project_CSE432-532\SER_Project\data\audio_song_actors\Actor_04\03-02-01-01-01-01-04.wav
03-02-01-01-01-02-04.wav,audio-only,song,neutral,1,normal,Kids are talking by the door,2,4,female,C:\Users\rbk55\OneDrive\Documents\Project_CSE432-532\SER_Project\data\audio_song_actors\Actor_04\03-02-01-01-01-02-04.wav
03-02-01-01-02-01-04.wav,audio-only,song,neutral,1,normal,Dogs are sitting by the door,1,4,female,C:\Users\rbk55\OneDrive\Documents\Project_CSE432-532\SER_Project\data\audio_song_actors\Actor_04\03-02-01-01-02-01-04.wav
03-02-01-01-02-02-04.wav,audio-only,song,neutral,1,normal,Dogs are sitting by the door,2,4,female,C:\Users\rbk55\OneDrive\Documents\Project_CSE432-532\SER_Project\data\audio_song_actors\Actor_04\03-02-01-01-02-02-04.wav
03-02-02-01-01-01-04.wav,audio-only,song,calm,2,normal,Kids are talking by the door,1,4,female,C:\Users\rbk55\OneDrive\Documents\Project_CSE432-532\SER_Project\data\audio_song_actors\Actor_04\03-02-02-01-01-01-04.wav
03-02-02-01-01-02-04.wav,audio-only,song,calm,2,normal,Kids are talking by the door,2,4,female,C:\Users\rbk55\OneDrive\Documents\Project_CSE432-532\SER_Project\data\audio_song_actors\Actor_04\03-02-02-01-01-02-04.wav
03-02-02-01-02-01-04.wav,audio-only,song,calm,2,normal,Dogs are sitting by the door,1,4,female,C:\Users\rbk55\OneDrive\Documents\Project_CSE432-532\SER_Project\data\audio_song_actors\Actor_04\03-02-02-01-02-01-04.wav
03-02-02-01-02-02-04.wav,audio-only,song,calm,2,normal,Dogs are sitting by the door,2,4,female,C:\Users\rbk55\OneDrive\Documents\Project_CSE432-532\SER_Project\data\audio_song_actors\Actor_04\03-02-02-01-02-02-04.wav
03-02-02-02-01-01-04.wav,audio-only,song,calm,2,strong,Kids are talking by the door,1,4,female,C:\Users\rbk55\OneDrive\Documents\Project_CSE432-532\SER_Project\data\audio_song_actors\Actor_04\03-02-02-02-01-01-04.wav
03-02-02-02-01-02-04.wav,audio-only,song,calm,2,strong,Kids are talking by the door,2,4,female,C:\Users\rbk55\OneDrive\Documents\Project_CSE432-532\SER_Project\data\audio_song_actors\Actor_04\03-02-02-02-01-02-04.wav
03-02-02-02-02-01-04.wav,audio-only,song,calm,2,strong,Dogs are sitting by the door,1,4,female,C:\Users\rbk55\OneDrive\Documents\Project_CSE432-532\SER_Project\data\audio_song_actors\Actor_04\03-02-02-02-02-01-04.wav
03-02-02-02-02-02-04.wav,audio-only,song,calm,2,strong,Dogs are sitting by the door,2,4,female,C:\Users\rbk55\OneDrive\Documents\Project_CSE432-532\SER_Project\data\audio_song_actors\Actor_04\03-02-02-02-02-02-04.wav
03-02-03-01-01-01-04.wav,audio-only,song,happy,3,normal,Kids are talking by the door,1,4,female,C:\Users\rbk55\OneDrive\Documents\Project_CSE432-532\SER_Project\data\audio_song_actors\Actor_04\03-02-03-01-01-01-04.wav
03-02-03-01-01-02-04.wav,audio-only,song,happy,3,normal,Kids are talking by the door,2,4,female,C:\Users\rbk55\OneDrive\Documents\Project_CSE432-532\SER_Project\data\audio_song_actors\Actor_04\03-02-03-01-01-02-04.wav
03-02-03-01-02-01-04.wav,audio-only,song,happy,3,normal,Dogs are sitting by the door,1,4,female,C:\Users\rbk55\OneDrive\Documents\Project_CSE432-532\SER_Project\data\audio_song_actors\Actor_04\03-02-03-01-02-01-04.wav
03-02-03-01-02-02-04.wav,audio-only,song,happy,3,normal,Dogs are sitting by the door,2,4,female,C:\Users\rbk55\OneDrive\Documents\Project_CSE432-532\SER_Project\data\audio_song_actors\Actor_04\03-02-03-01-02-02-04.wav
03-02-03-02-01-01-04.wav,audio-only,song,happy,3,strong,Kids are talking by the door,1,4,female,C:\Users\rbk55\OneDrive\Documents\Project_CSE432-532\SER_Project\data\audio_song_actors\Actor_04\03-02-03-02-01-01-04.wav
03-02-03-02-01-02-04.wav,audio-only,song,happy,3,strong,Kids are talking by the door,2,4,female,C:\Users\rbk55\OneDrive\Documents\Project_CSE432-532\SER_Project\data\audio_song_actors\Actor_04\03-02-03-02-01-02-04.wav
03-02-03-02-02-01-04.wav,audio-only,song,happy,3,strong,Dogs are sitting by the door,1,4,female,C:\Users\rbk55\OneDrive\Documents\Project_CSE432-532\SER_Project\data\audio_song_actors\Actor_04\03-02-03-02-02-01-04.wav
03-02-03-02-02-02-04.wav,audio-only,song,happy,3,strong,Dogs are sitting by the door,2,4,female,C:\Users\rbk55\OneDrive\Documents\Project_CSE432-532\SER_Project\data\audio_song_actors\Actor_04\03-02-03-02-02-02-04.wav
03-02-04-01-01-01-04.wav,audio-only,song,sad,4,normal,Kids are talking by the door,1,4,female,C:\Users\rbk55\OneDrive\Documents\Project_CSE432-532\SER_Project\data\audio_song_actors\Actor_04\03-02-04-01-01-01-04.wav
03-02-04-01-01-02-04.wav,audio-only,song,sad,4,normal,Kids are talking by the door,2,4,female,C:\Users\rbk55\OneDrive\Documents\Project_CSE432-532\SER_Project\data\audio_song_actors\Actor_04\03-02-04-01-01-02-04.wav
03-02-04-01-02-01-04.wav,audio-only,song,sad,4,normal,Dogs are sitting by the door,1,4,female,C:\Users\rbk55\OneDrive\Documents\Project_CSE432-532\SER_Project\data\audio_song_actors\Actor_04\03-02-04-01-02-01-04.wav
03-02-04-01-02-02-04.wav,audio-only,song,sad,4,normal,Dogs are sitting by the door,2,4,female,C:\Users\rbk55\OneDrive\Documents\Project_CSE432-532\SER_Project\data\audio_song_actors\Actor_04\03-02-04-01-02-02-04.wav
03-02-04-02-01-01-04.wav,audio-only,song,sad,4,strong,Kids are talking by the door,1,4,female,C:\Users\rbk55\OneDrive\Documents\Project_CSE432-532\SER_Project\data\audio_song_actors\Actor_04\03-02-04-02-01-01-04.wav
03-02-04-02-01-02-04.wav,audio-only,song,sad,4,strong,Kids are talking by the door,2,4,female,C:\Users\rbk55\OneDrive\Documents\Project_CSE432-532\SER_Project\data\audio_song_actors\Actor_04\03-02-04-02-01-02-04.wav
03-02-04-02-02-01-04.wav,audio-only,song,sad,4,strong,Dogs are sitting by the door,1,4,female,C:\Users\rbk55\OneDrive\Documents\Project_CSE432-532\SER_Project\data\audio_song_actors\Actor_04\03-02-04-02-02-01-04.wav
03-02-04-02-02-02-04.wav,audio-only,song,sad,4,strong,Dogs are sitting by the door,2,4,female,C:\Users\rbk55\OneDrive\Documents\Project_CSE432-532\SER_Project\data\audio_song_actors\Actor_04\03-02-04-02-02-02-04.wav
03-02-05-01-01-01-04.wav,audio-only,song,angry,5,normal,Kids are talking by the door,1,4,female,C:\Users\rbk55\OneDrive\Documents\Project_CSE432-532\SER_Project\data\audio_song_actors\Actor_04\03-02-05-01-01-01-04.wav
03-02-05-01-01-02-04.wav,audio-only,song,angry,5,normal,Kids are talking by the door,2,4,female,C:\Users\rbk55\OneDrive\Documents\Project_CSE432-532\SER_Project\data\audio_song_actors\Actor_04\03-02-05-01-01-02-04.wav
03-02-05-01-02-01-04.wav,audio-only,song,angry,5,normal,Dogs are sitting by the door,1,4,female,C:\Users\rbk55\OneDrive\Documents\Project_CSE432-532\SER_Project\data\audio_song_actors\Actor_04\03-02-05-01-02-01-04.wav
03-02-05-01-02-02-04.wav,audio-only,song,angry,5,normal,Dogs are sitting by the door,2,4,female,C:\Users\rbk55\OneDrive\Documents\Project_CSE432-532\SER_Project\data\audio_song_actors\Actor_04\03-02-05-01-02-02-04.wav
03-02-05-02-01-01-04.wav,audio-only,song,angry,5,strong,Kids are talking by the door,1,4,female,C:\Users\rbk55\OneDrive\Documents\Project_CSE432-532\SER_Project\data\audio_song_actors\Actor_04\03-02-05-02-01-01-04.wav
03-02-05-02-01-02-04.wav,audio-only,song,angry,5,strong,Kids are talking by the door,2,4,female,C:\Users\rbk55\OneDrive\Documents\Project_CSE432-532\SER_Project\data\audio_song_actors\Actor_04\03-02-05-02-01-02-04.wav
03-02-05-02-02-01-04.wav,audio-only,song,angry,5,strong,Dogs are sitting by the door,1,4,female,C:\Users\rbk55\OneDrive\Documents\Project_CSE432-532\SER_Project\data\audio_song_actors\Actor_04\03-02-05-02-02-01-04.wav
03-02-05-02-02-02-04.wav,audio-only,song,angry,5,strong,Dogs are sitting by the door,2,4,female,C:\Users\rbk55\OneDrive\Documents\Project_CSE432-532\SER_Project\data\audio_song_actors\Actor_04\03-02-05-02-02-02-04.wav
03-02-06-01-01-01-04.wav,audio-only,song,fearful,6,normal,Kids are talking by the door,1,4,female,C:\Users\rbk55\OneDrive\Documents\Project_CSE432-532\SER_Project\data\audio_song_actors\Actor_04\03-02-06-01-01-01-04.wav
03-02-06-01-01-02-04.wav,audio-only,song,fearful,6,normal,Kids are talking by the door,2,4,female,C:\Users\rbk55\OneDrive\Documents\Project_CSE432-532\SER_Project\data\audio_song_actors\Actor_04\03-02-06-01-01-02-04.wav
03-02-06-01-02-01-04.wav,audio-only,song,fearful,6,normal,Dogs are sitting by the door,1,4,female,C:\Users\rbk55\OneDrive\Documents\Project_CSE432-532\SER_Project\data\audio_song_actors\Actor_04\03-02-06-01-02-01-04.wav
03-02-06-01-02-02-04.wav,audio-only,song,fearful,6,normal,Dogs are sitting by the door,2,4,female,C:\Users\rbk55\OneDrive\Documents\Project_CSE432-532\SER_Project\data\audio_song_actors\Actor_04\03-02-06-01-02-02-04.wav
03-02-06-02-01-01-04.wav,audio-only,song,fearful,6,strong,Kids are talking by the door,1,4,female,C:\Users\rbk55\OneDrive\Documents\Project_CSE432-532\SER_Project\data\audio_song_actors\Actor_04\03-02-06-02-01-01-04.wav
03-02-06-02-01-02-04.wav,audio-only,song,fearful,6,strong,Kids are talking by the door,2,4,female,C:\Users\rbk55\OneDrive\Documents\Project_CSE432-532\SER_Project\data\audio_song_actors\Actor_04\03-02-06-02-01-02-04.wav
03-02-06-02-02-01-04.wav,audio-only,song,fearful,6,strong,Dogs are sitting by the door,1,4,female,C:\Users\rbk55\OneDrive\Documents\Project_CSE432-532\SER_Project\data\audio_song_actors\Actor_04\03-02-06-02-02-01-04.wav
03-02-06-02-02-02-04.wav,audio-only,song,fearful,6,strong,Dogs are sitting by the door,2,4,female,C:\Users\rbk55\OneDrive\Documents\Project_CSE432-532\SER_Project\data\audio_song_actors\Actor_04\03-02-06-02-02-02-04.wav
03-02-01-01-01-01-05.wav,audio-only,song,neutral,1,normal,Kids are talking by the door,1,5,male,C:\Users\rbk55\OneDrive\Documents\Project_CSE432-532\SER_Project\data\audio_song_actors\Actor_05\03-02-01-01-01-01-05.wav
03-02-01-01-01-02-05.wav,audio-only,song,neutral,1,normal,Kids are talking by the door,2,5,male,C:\Users\rbk55\OneDrive\Documents\Project_CSE432-532\SER_Project\data\audio_song_actors\Actor_05\03-02-01-01-01-02-05.wav
03-02-01-01-02-01-05.wav,audio-only,song,neutral,1,normal,Dogs are sitting by the door,1,5,male,C:\Users\rbk55\OneDrive\Documents\Project_CSE432-532\SER_Project\data\audio_song_actors\Actor_05\03-02-01-01-02-01-05.wav
03-02-01-01-02-02-05.wav,audio-only,song,neutral,1,normal,Dogs are sitting by the door,2,5,male,C:\Users\rbk55\OneDrive\Documents\Project_CSE432-532\SER_Project\data\audio_song_actors\Actor_05\03-02-01-01-02-02-05.wav
03-02-02-01-01-01-05.wav,audio-only,song,calm,2,normal,Kids are talking by the door,1,5,male,C:\Users\rbk55\OneDrive\Documents\Project_CSE432-532\SER_Project\data\audio_song_actors\Actor_05\03-02-02-01-01-01-05.wav
03-02-02-01-01-02-05.wav,audio-only,song,calm,2,normal,Kids are talking by the door,2,5,male,C:\Users\rbk55\OneDrive\Documents\Project_CSE432-532\SER_Project\data\audio_song_actors\Actor_05\03-02-02-01-01-02-05.wav
03-02-02-01-02-01-05.wav,audio-only,song,calm,2,normal,Dogs are sitting by the door,1,5,male,C:\Users\rbk55\OneDrive\Documents\Project_CSE432-532\SER_Project\data\audio_song_actors\Actor_05\03-02-02-01-02-01-05.wav
03-02-02-01-02-02-05.wav,audio-only,song,calm,2,normal,Dogs are sitting by the door,2,5,male,C:\Users\rbk55\OneDrive\Documents\Project_CSE432-532\SER_Project\data\audio_song_actors\Actor_05\03-02-02-01-02-02-05.wav
03-02-02-02-01-01-05.wav,audio-only,song,calm,2,strong,Kids are talking by the door,1,5,male,C:\Users\rbk55\OneDrive\Documents\Project_CSE432-532\SER_Project\data\audio_song_actors\Actor_05\03-02-02-02-01-01-05.wav
03-02-02-02-01-02-05.wav,audio-only,song,calm,2,strong,Kids are talking by the door,2,5,male,C:\Users\rbk55\OneDrive\Documents\Project_CSE432-532\SER_Project\data\audio_song_actors\Actor_05\03-02-02-02-01-02-05.wav
03-02-02-02-02-01-05.wav,audio-only,song,calm,2,strong,Dogs are sitting by the door,1,5,male,C:\Users\rbk55\OneDrive\Documents\Project_CSE432-532\SER_Project\data\audio_song_actors\Actor_05\03-02-02-02-02-01-05.wav
03-02-02-02-02-02-05.wav,audio-only,song,calm,2,strong,Dogs are sitting by the door,2,5,male,C:\Users\rbk55\OneDrive\Documents\Project_CSE432-532\SER_Project\data\audio_song_actors\Actor_05\03-02-02-02-02-02-05.wav
03-02-03-01-01-01-05.wav,audio-only,song,happy,3,normal,Kids are talking by the door,1,5,male,C:\Users\rbk55\OneDrive\Documents\Project_CSE432-532\SER_Project\data\audio_song_actors\Actor_05\03-02-03-01-01-01-05.wav
03-02-03-01-01-02-05.wav,audio-only,song,happy,3,normal,Kids are talking by the door,2,5,male,C:\Users\rbk55\OneDrive\Documents\Project_CSE432-532\SER_Project\data\audio_song_actors\Actor_05\03-02-03-01-01-02-05.wav
03-02-03-01-02-01-05.wav,audio-only,song,happy,3,normal,Dogs are sitting by the door,1,5,male,C:\Users\rbk55\OneDrive\Documents\Project_CSE432-532\SER_Project\data\audio_song_actors\Actor_05\03-02-03-01-02-01-05.wav
03-02-03-01-02-02-05.wav,audio-only,song,happy,3,normal,Dogs are sitting by the door,2,5,male,C:\Users\rbk55\OneDrive\Documents\Project_CSE432-532\SER_Project\data\audio_song_actors\Actor_05\03-02-03-01-02-02-05.wav
03-02-03-02-01-01-05.wav,audio-only,song,happy,3,strong,Kids are talking by the door,1,5,male,C:\Users\rbk55\OneDrive\Documents\Project_CSE432-532\SER_Project\data\audio_song_actors\Actor_05\03-02-03-02-01-01-05.wav
03-02-03-02-01-02-05.wav,audio-only,song,happy,3,strong,Kids are talking by the door,2,5,male,C:\Users\rbk55\OneDrive\Documents\Project_CSE432-532\SER_Project\data\audio_song_actors\Actor_05\03-02-03-02-01-02-05.wav
03-02-03-02-02-01-05.wav,audio-only,song,happy,3,strong,Dogs are sitting by the door,1,5,male,C:\Users\rbk55\OneDrive\Documents\Project_CSE432-532\SER_Project\data\audio_song_actors\Actor_05\03-02-03-02-02-01-05.wav
03-02-03-02-02-02-05.wav,audio-only,song,happy,3,strong,Dogs are sitting by the door,2,5,male,C:\Users\rbk55\OneDrive\Documents\Project_CSE432-532\SER_Project\data\audio_song_actors\Actor_05\03-02-03-02-02-02-05.wav
03-02-04-01-01-01-05.wav,audio-only,song,sad,4,normal,Kids are talking by the door,1,5,male,C:\Users\rbk55\OneDrive\Documents\Project_CSE432-532\SER_Project\data\audio_song_actors\Actor_05\03-02-04-01-01-01-05.wav
03-02-04-01-01-02-05.wav,audio-only,song,sad,4,normal,Kids are talking by the door,2,5,male,C:\Users\rbk55\OneDrive\Documents\Project_CSE432-532\SER_Project\data\audio_song_actors\Actor_05\03-02-04-01-01-02-05.wav
03-02-04-01-02-01-05.wav,audio-only,song,sad,4,normal,Dogs are sitting by the door,1,5,male,C:\Users\rbk55\OneDrive\Documents\Project_CSE432-532\SER_Project\data\audio_song_actors\Actor_05\03-02-04-01-02-01-05.wav
03-02-04-01-02-02-05.wav,audio-only,song,sad,4,normal,Dogs are sitting by the door,2,5,male,C:\Users\rbk55\OneDrive\Documents\Project_CSE432-532\SER_Project\data\audio_song_actors\Actor_05\03-02-04-01-02-02-05.wav
03-02-04-02-01-01-05.wav,audio-only,song,sad,4,strong,Kids are talking by the door,1,5,male,C:\Users\rbk55\OneDrive\Documents\Project_CSE432-532\SER_Project\data\audio_song_actors\Actor_05\03-02-04-02-01-01-05.wav
03-02-04-02-01-02-05.wav,audio-only,song,sad,4,strong,Kids are talking by the door,2,5,male,C:\Users\rbk55\OneDrive\Documents\Project_CSE432-532\SER_Project\data\audio_song_actors\Actor_05\03-02-04-02-01-02-05.wav
03-02-04-02-02-01-05.wav,audio-only,song,sad,4,strong,Dogs are sitting by the door,1,5,male,C:\Users\rbk55\OneDrive\Documents\Project_CSE432-532\SER_Project\data\audio_song_actors\Actor_05\03-02-04-02-02-01-05.wav
03-02-04-02-02-02-05.wav,audio-only,song,sad,4,strong,Dogs are sitting by the door,2,5,male,C:\Users\rbk55\OneDrive\Documents\Project_CSE432-532\SER_Project\data\audio_song_actors\Actor_05\03-02-04-02-02-02-05.wav
03-02-05-01-01-01-05.wav,audio-only,song,angry,5,normal,Kids are talking by the door,1,5,male,C:\Users\rbk55\OneDrive\Documents\Project_CSE432-532\SER_Project\data\audio_song_actors\Actor_05\03-02-05-01-01-01-05.wav
03-02-05-01-01-02-05.wav,audio-only,song,angry,5,normal,Kids are talking by the door,2,5,male,C:\Users\rbk55\OneDrive\Documents\Project_CSE432-532\SER_Project\data\audio_song_actors\Actor_05\03-02-05-01-01-02-05.wav
03-02-05-01-02-01-05.wav,audio-only,song,angry,5,normal,Dogs are sitting by the door,1,5,male,C:\Users\rbk55\OneDrive\Documents\Project_CSE432-532\SER_Project\data\audio_song_actors\Actor_05\03-02-05-01-02-01-05.wav
03-02-05-01-02-02-05.wav,audio-only,song,angry,5,normal,Dogs are sitting by the door,2,5,male,C:\Users\rbk55\OneDrive\Documents\Project_CSE432-532\SER_Project\data\audio_song_actors\Actor_05\03-02-05-01-02-02-05.wav
03-02-05-02-01-01-05.wav,audio-only,song,angry,5,strong,Kids are talking by the door,1,5,male,C:\Users\rbk55\OneDrive\Documents\Project_CSE432-532\SER_Project\data\audio_song_actors\Actor_05\03-02-05-02-01-01-05.wav
03-02-05-02-01-02-05.wav,audio-only,song,angry,5,strong,Kids are talking by the door,2,5,male,C:\Users\rbk55\OneDrive\Documents\Project_CSE432-532\SER_Project\data\audio_song_actors\Actor_05\03-02-05-02-01-02-05.wav
03-02-05-02-02-01-05.wav,audio-only,song,angry,5,strong,Dogs are sitting by the door,1,5,male,C:\Users\rbk55\OneDrive\Documents\Project_CSE432-532\SER_Project\data\audio_song_actors\Actor_05\03-02-05-02-02-01-05.wav
03-02-05-02-02-02-05.wav,audio-only,song,angry,5,strong,Dogs are sitting by the door,2,5,male,C:\Users\rbk55\OneDrive\Documents\Project_CSE432-532\SER_Project\data\audio_song_actors\Actor_05\03-02-05-02-02-02-05.wav
03-02-06-01-01-01-05.wav,audio-only,song,fearful,6,normal,Kids are talking by the door,1,5,male,C:\Users\rbk55\OneDrive\Documents\Project_CSE432-532\SER_Project\data\audio_song_actors\Actor_05\03-02-06-01-01-01-05.wav
03-02-06-01-01-02-05.wav,audio-only,song,fearful,6,normal,Kids are talking by the door,2,5,male,C:\Users\rbk55\OneDrive\Documents\Project_CSE432-532\SER_Project\data\audio_song_actors\Actor_05\03-02-06-01-01-02-05.wav
03-02-06-01-02-01-05.wav,audio-only,song,fearful,6,normal,Dogs are sitting by the door,1,5,male,C:\Users\rbk55\OneDrive\Documents\Project_CSE432-532\SER_Project\data\audio_song_actors\Actor_05\03-02-06-01-02-01-05.wav
03-02-06-01-02-02-05.wav,audio-only,song,fearful,6,normal,Dogs are sitting by the door,2,5,male,C:\Users\rbk55\OneDrive\Documents\Project_CSE432-532\SER_Project\data\audio_song_actors\Actor_05\03-02-06-01-02-02-05.wav
03-02-06-02-01-01-05.wav,audio-only,song,fearful,6,strong,Kids are talking by the door,1,5,male,C:\Users\rbk55\OneDrive\Documents\Project_CSE432-532\SER_Project\data\audio_song_actors\Actor_05\03-02-06-02-01-01-05.wav
03-02-06-02-01-02-05.wav,audio-only,song,fearful,6,strong,Kids are talking by the door,2,5,male,C:\Users\rbk55\OneDrive\Documents\Project_CSE432-532\SER_Project\data\audio_song_actors\Actor_05\03-02-06-02-01-02-05.wav
03-02-06-02-02-01-05.wav,audio-only,song,fearful,6,strong,Dogs are sitting by the door,1,5,male,C:\Users\rbk55\OneDrive\Documents\Project_CSE432-532\SER_Project\data\audio_song_actors\Actor_05\03-02-06-02-02-01-05.wav
03-02-06-02-02-02-05.wav,audio-only,song,fearful,6,strong,Dogs are sitting by the door,2,5,male,C:\Users\rbk55\OneDrive\Documents\Project_CSE432-532\SER_Project\data\audio_song_actors\Actor_05\03-02-06-02-02-02-05.wav
03-02-01-01-01-01-06.wav,audio-only,song,neutral,1,normal,Kids are talking by the door,1,6,female,C:\Users\rbk55\OneDrive\Documents\Project_CSE432-532\SER_Project\data\audio_song_actors\Actor_06\03-02-01-01-01-01-06.wav
03-02-01-01-01-02-06.wav,audio-only,song,neutral,1,normal,Kids are talking by the door,2,6,female,C:\Users\rbk55\OneDrive\Documents\Project_CSE432-532\SER_Project\data\audio_song_actors\Actor_06\03-02-01-01-01-02-06.wav
03-02-01-01-02-01-06.wav,audio-only,song,neutral,1,normal,Dogs are sitting by the door,1,6,female,C:\Users\rbk55\OneDrive\Documents\Project_CSE432-532\SER_Project\data\audio_song_actors\Actor_06\03-02-01-01-02-01-06.wav
03-02-01-01-02-02-06.wav,audio-only,song,neutral,1,normal,Dogs are sitting by the door,2,6,female,C:\Users\rbk55\OneDrive\Documents\Project_CSE432-532\SER_Project\data\audio_song_actors\Actor_06\03-02-01-01-02-02-06.wav
03-02-02-01-01-01-06.wav,audio-only,song,calm,2,normal,Kids are talking by the door,1,6,female,C:\Users\rbk55\OneDrive\Documents\Project_CSE432-532\SER_Project\data\audio_song_actors\Actor_06\03-02-02-01-01-01-06.wav
03-02-02-01-01-02-06.wav,audio-only,song,calm,2,normal,Kids are talking by the door,2,6,female,C:\Users\rbk55\OneDrive\Documents\Project_CSE432-532\SER_Project\data\audio_song_actors\Actor_06\03-02-02-01-01-02-06.wav
03-02-02-01-02-01-06.wav,audio-only,song,calm,2,normal,Dogs are sitting by the door,1,6,female,C:\Users\rbk55\OneDrive\Documents\Project_CSE432-532\SER_Project\data\audio_song_actors\Actor_06\03-02-02-01-02-01-06.wav
03-02-02-01-02-02-06.wav,audio-only,song,calm,2,normal,Dogs are sitting by the door,2,6,female,C:\Users\rbk55\OneDrive\Documents\Project_CSE432-532\SER_Project\data\audio_song_actors\Actor_06\03-02-02-01-02-02-06.wav
03-02-02-02-01-01-06.wav,audio-only,song,calm,2,strong,Kids are talking by the door,1,6,female,C:\Users\rbk55\OneDrive\Documents\Project_CSE432-532\SER_Project\data\audio_song_actors\Actor_06\03-02-02-02-01-01-06.wav
03-02-02-02-01-02-06.wav,audio-only,song,calm,2,strong,Kids are talking by the door,2,6,female,C:\Users\rbk55\OneDrive\Documents\Project_CSE432-532\SER_Project\data\audio_song_actors\Actor_06\03-02-02-02-01-02-06.wav
03-02-02-02-02-01-06.wav,audio-only,song,calm,2,strong,Dogs are sitting by the door,1,6,female,C:\Users\rbk55\OneDrive\Documents\Project_CSE432-532\SER_Project\data\audio_song_actors\Actor_06\03-02-02-02-02-01-06.wav
03-02-02-02-02-02-06.wav,audio-only,song,calm,2,strong,Dogs are sitting by the door,2,6,female,C:\Users\rbk55\OneDrive\Documents\Project_CSE432-532\SER_Project\data\audio_song_actors\Actor_06\03-02-02-02-02-02-06.wav
03-02-03-01-01-01-06.wav,audio-only,song,happy,3,normal,Kids are talking by the door,1,6,female,C:\Users\rbk55\OneDrive\Documents\Project_CSE432-532\SER_Project\data\audio_song_actors\Actor_06\03-02-03-01-01-01-06.wav
03-02-03-01-01-02-06.wav,audio-only,song,happy,3,normal,Kids are talking by the door,2,6,female,C:\Users\rbk55\OneDrive\Documents\Project_CSE432-532\SER_Project\data\audio_song_actors\Actor_06\03-02-03-01-01-02-06.wav
03-02-03-01-02-01-06.wav,audio-only,song,happy,3,normal,Dogs are sitting by the door,1,6,female,C:\Users\rbk55\OneDrive\Documents\Project_CSE432-532\SER_Project\data\audio_song_actors\Actor_06\03-02-03-01-02-01-06.wav
03-02-03-01-02-02-06.wav,audio-only,song,happy,3,normal,Dogs are sitting by the door,2,6,female,C:\Users\rbk55\OneDrive\Documents\Project_CSE432-532\SER_Project\data\audio_song_actors\Actor_06\03-02-03-01-02-02-06.wav
03-02-03-02-01-01-06.wav,audio-only,song,happy,3,strong,Kids are talking by the door,1,6,female,C:\Users\rbk55\OneDrive\Documents\Project_CSE432-532\SER_Project\data\audio_song_actors\Actor_06\03-02-03-02-01-01-06.wav
03-02-03-02-01-02-06.wav,audio-only,song,happy,3,strong,Kids are talking by the door,2,6,female,C:\Users\rbk55\OneDrive\Documents\Project_CSE432-532\SER_Project\data\audio_song_actors\Actor_06\03-02-03-02-01-02-06.wav
03-02-03-02-02-01-06.wav,audio-only,song,happy,3,strong,Dogs are sitting by the door,1,6,female,C:\Users\rbk55\OneDrive\Documents\Project_CSE432-532\SER_Project\data\audio_song_actors\Actor_06\03-02-03-02-02-01-06.wav
03-02-03-02-02-02-06.wav,audio-only,song,happy,3,strong,Dogs are sitting by the door,2,6,female,C:\Users\rbk55\OneDrive\Documents\Project_CSE432-532\SER_Project\data\audio_song_actors\Actor_06\03-02-03-02-02-02-06.wav
03-02-04-01-01-01-06.wav,audio-only,song,sad,4,normal,Kids are talking by the door,1,6,female,C:\Users\rbk55\OneDrive\Documents\Project_CSE432-532\SER_Project\data\audio_song_actors\Actor_06\03-02-04-01-01-01-06.wav
03-02-04-01-01-02-06.wav,audio-only,song,sad,4,normal,Kids are talking by the door,2,6,female,C:\Users\rbk55\OneDrive\Documents\Project_CSE432-532\SER_Project\data\audio_song_actors\Actor_06\03-02-04-01-01-02-06.wav
03-02-04-01-02-01-06.wav,audio-only,song,sad,4,normal,Dogs are sitting by the door,1,6,female,C:\Users\rbk55\OneDrive\Documents\Project_CSE432-532\SER_Project\data\audio_song_actors\Actor_06\03-02-04-01-02-01-06.wav
03-02-04-01-02-02-06.wav,audio-only,song,sad,4,normal,Dogs are sitting by the door,2,6,female,C:\Users\rbk55\OneDrive\Documents\Project_CSE432-532\SER_Project\data\audio_song_actors\Actor_06\03-02-04-01-02-02-06.wav
03-02-04-02-01-01-06.wav,audio-only,song,sad,4,strong,Kids are talking by the door,1,6,female,C:\Users\rbk55\OneDrive\Documents\Project_CSE432-532\SER_Project\data\audio_song_actors\Actor_06\03-02-04-02-01-01-06.wav
03-02-04-02-01-02-06.wav,audio-only,song,sad,4,strong,Kids are talking by the door,2,6,female,C:\Users\rbk55\OneDrive\Documents\Project_CSE432-532\SER_Project\data\audio_song_actors\Actor_06\03-02-04-02-01-02-06.wav
03-02-04-02-02-01-06.wav,audio-only,song,sad,4,strong,Dogs are sitting by the door,1,6,female,C:\Users\rbk55\OneDrive\Documents\Project_CSE432-532\SER_Project\data\audio_song_actors\Actor_06\03-02-04-02-02-01-06.wav
03-02-04-02-02-02-06.wav,audio-only,song,sad,4,strong,Dogs are sitting by the door,2,6,female,C:\Users\rbk55\OneDrive\Documents\Project_CSE432-532\SER_Project\data\audio_song_actors\Actor_06\03-02-04-02-02-02-06.wav
03-02-05-01-01-01-06.wav,audio-only,song,angry,5,normal,Kids are talking by the door,1,6,female,C:\Users\rbk55\OneDrive\Documents\Project_CSE432-532\SER_Project\data\audio_song_actors\Actor_06\03-02-05-01-01-01-06.wav
03-02-05-01-01-02-06.wav,audio-only,song,angry,5,normal,Kids are talking by the door,2,6,female,C:\Users\rbk55\OneDrive\Documents\Project_CSE432-532\SER_Project\data\audio_song_actors\Actor_06\03-02-05-01-01-02-06.wav
03-02-05-01-02-01-06.wav,audio-only,song,angry,5,normal,Dogs are sitting by the door,1,6,female,C:\Users\rbk55\OneDrive\Documents\Project_CSE432-532\SER_Project\data\audio_song_actors\Actor_06\03-02-05-01-02-01-06.wav
03-02-05-01-02-02-06.wav,audio-only,song,angry,5,normal,Dogs are sitting by the door,2,6,female,C:\Users\rbk55\OneDrive\Documents\Project_CSE432-532\SER_Project\data\audio_song_actors\Actor_06\03-02-05-01-02-02-06.wav
03-02-05-02-01-01-06.wav,audio-only,song,angry,5,strong,Kids are talking by the door,1,6,female,C:\Users\rbk55\OneDrive\Documents\Project_CSE432-532\SER_Project\data\audio_song_actors\Actor_06\03-02-05-02-01-01-06.wav
03-02-05-02-01-02-06.wav,audio-only,song,angry,5,strong,Kids are talking by the door,2,6,female,C:\Users\rbk55\OneDrive\Documents\Project_CSE432-532\SER_Project\data\audio_song_actors\Actor_06\03-02-05-02-01-02-06.wav
03-02-05-02-02-01-06.wav,audio-only,song,angry,5,strong,Dogs are sitting by the door,1,6,female,C:\Users\rbk55\OneDrive\Documents\Project_CSE432-532\SER_Project\data\audio_song_actors\Actor_06\03-02-05-02-02-01-06.wav
03-02-05-02-02-02-06.wav,audio-only,song,angry,5,strong,Dogs are sitting by the door,2,6,female,C:\Users\rbk55\OneDrive\Documents\Project_CSE432-532\SER_Project\data\audio_song_actors\Actor_06\03-02-05-02-02-02-06.wav
03-02-06-01-01-01-06.wav,audio-only,song,fearful,6,normal,Kids are talking by the door,1,6,female,C:\Users\rbk55\OneDrive\Documents\Project_CSE432-532\SER_Project\data\audio_song_actors\Actor_06\03-02-06-01-01-01-06.wav
03-02-06-01-01-02-06.wav,audio-only,song,fearful,6,normal,Kids are talking by the door,2,6,female,C:\Users\rbk55\OneDrive\Documents\Project_CSE432-532\SER_Project\data\audio_song_actors\Actor_06\03-02-06-01-01-02-06.wav
03-02-06-01-02-01-06.wav,audio-only,song,fearful,6,normal,Dogs are sitting by the door,1,6,female,C:\Users\rbk55\OneDrive\Documents\Project_CSE432-532\SER_Project\data\audio_song_actors\Actor_06\03-02-06-01-02-01-06.wav
03-02-06-01-02-02-06.wav,audio-only,song,fearful,6,normal,Dogs are sitting by the door,2,6,female,C:\Users\rbk55\OneDrive\Documents\Project_CSE432-532\SER_Project\data\audio_song_actors\Actor_06\03-02-06-01-02-02-06.wav
03-02-06-02-01-01-06.wav,audio-only,song,fearful,6,strong,Kids are talking by the door,1,6,female,C:\Users\rbk55\OneDrive\Documents\Project_CSE432-532\SER_Project\data\audio_song_actors\Actor_06\03-02-06-02-01-01-06.wav
03-02-06-02-01-02-06.wav,audio-only,song,fearful,6,strong,Kids are talking by the door,2,6,female,C:\Users\rbk55\OneDrive\Documents\Project_CSE432-532\SER_Project\data\audio_song_actors\Actor_06\03-02-06-02-01-02-06.wav
03-02-06-02-02-01-06.wav,audio-only,song,fearful,6,strong,Dogs are sitting by the door,1,6,female,C:\Users\rbk55\OneDrive\Documents\Project_CSE432-532\SER_Project\data\audio_song_actors\Actor_06\03-02-06-02-02-01-06.wav
03-02-06-02-02-02-06.wav,audio-only,song,fearful,6,strong,Dogs are sitting by the door,2,6,female,C:\Users\rbk55\OneDrive\Documents\Project_CSE432-532\SER_Project\data\audio_song_actors\Actor_06\03-02-06-02-02-02-06.wav
03-02-01-01-01-01-07.wav,audio-only,song,neutral,1,normal,Kids are talking by the door,1,7,male,C:\Users\rbk55\OneDrive\Documents\Project_CSE432-532\SER_Project\data\audio_song_actors\Actor_07\03-02-01-01-01-01-07.wav
03-02-01-01-01-02-07.wav,audio-only,song,neutral,1,normal,Kids are talking by the door,2,7,male,C:\Users\rbk55\OneDrive\Documents\Project_CSE432-532\SER_Project\data\audio_song_actors\Actor_07\03-02-01-01-01-02-07.wav
03-02-01-01-02-01-07.wav,audio-only,song,neutral,1,normal,Dogs are sitting by the door,1,7,male,C:\Users\rbk55\OneDrive\Documents\Project_CSE432-532\SER_Project\data\audio_song_actors\Actor_07\03-02-01-01-02-01-07.wav
03-02-01-01-02-02-07.wav,audio-only,song,neutral,1,normal,Dogs are sitting by the door,2,7,male,C:\Users\rbk55\OneDrive\Documents\Project_CSE432-532\SER_Project\data\audio_song_actors\Actor_07\03-02-01-01-02-02-07.wav
03-02-02-01-01-01-07.wav,audio-only,song,calm,2,normal,Kids are talking by the door,1,7,male,C:\Users\rbk55\OneDrive\Documents\Project_CSE432-532\SER_Project\data\audio_song_actors\Actor_07\03-02-02-01-01-01-07.wav
03-02-02-01-01-02-07.wav,audio-only,song,calm,2,normal,Kids are talking by the door,2,7,male,C:\Users\rbk55\OneDrive\Documents\Project_CSE432-532\SER_Project\data\audio_song_actors\Actor_07\03-02-02-01-01-02-07.wav
03-02-02-01-02-01-07.wav,audio-only,song,calm,2,normal,Dogs are sitting by the door,1,7,male,C:\Users\rbk55\OneDrive\Documents\Project_CSE432-532\SER_Project\data\audio_song_actors\Actor_07\03-02-02-01-02-01-07.wav
03-02-02-01-02-02-07.wav,audio-only,song,calm,2,normal,Dogs are sitting by the door,2,7,male,C:\Users\rbk55\OneDrive\Documents\Project_CSE432-532\SER_Project\data\audio_song_actors\Actor_07\03-02-02-01-02-02-07.wav
03-02-02-02-01-01-07.wav,audio-only,song,calm,2,strong,Kids are talking by the door,1,7,male,C:\Users\rbk55\OneDrive\Documents\Project_CSE432-532\SER_Project\data\audio_song_actors\Actor_07\03-02-02-02-01-01-07.wav
03-02-02-02-01-02-07.wav,audio-only,song,calm,2,strong,Kids are talking by the door,2,7,male,C:\Users\rbk55\OneDrive\Documents\Project_CSE432-532\SER_Project\data\audio_song_actors\Actor_07\03-02-02-02-01-02-07.wav
03-02-02-02-02-01-07.wav,audio-only,song,calm,2,strong,Dogs are sitting by the door,1,7,male,C:\Users\rbk55\OneDrive\Documents\Project_CSE432-532\SER_Project\data\audio_song_actors\Actor_07\03-02-02-02-02-01-07.wav
03-02-02-02-02-02-07.wav,audio-only,song,calm,2,strong,Dogs are sitting by the door,2,7,male,C:\Users\rbk55\OneDrive\Documents\Project_CSE432-532\SER_Project\data\audio_song_actors\Actor_07\03-02-02-02-02-02-07.wav
03-02-03-01-01-01-07.wav,audio-only,song,happy,3,normal,Kids are talking by the door,1,7,male,C:\Users\rbk55\OneDrive\Documents\Project_CSE432-532\SER_Project\data\audio_song_actors\Actor_07\03-02-03-01-01-01-07.wav
03-02-03-01-01-02-07.wav,audio-only,song,happy,3,normal,Kids are talking by the door,2,7,male,C:\Users\rbk55\OneDrive\Documents\Project_CSE432-532\SER_Project\data\audio_song_actors\Actor_07\03-02-03-01-01-02-07.wav
03-02-03-01-02-01-07.wav,audio-only,song,happy,3,normal,Dogs are sitting by the door,1,7,male,C:\Users\rbk55\OneDrive\Documents\Project_CSE432-532\SER_Project\data\audio_song_actors\Actor_07\03-02-03-01-02-01-07.wav
03-02-03-01-02-02-07.wav,audio-only,song,happy,3,normal,Dogs are sitting by the door,2,7,male,C:\Users\rbk55\OneDrive\Documents\Project_CSE432-532\SER_Project\data\audio_song_actors\Actor_07\03-02-03-01-02-02-07.wav
03-02-03-02-01-01-07.wav,audio-only,song,happy,3,strong,Kids are talking by the door,1,7,male,C:\Users\rbk55\OneDrive\Documents\Project_CSE432-532\SER_Project\data\audio_song_actors\Actor_07\03-02-03-02-01-01-07.wav
03-02-03-02-01-02-07.wav,audio-only,song,happy,3,strong,Kids are talking by the door,2,7,male,C:\Users\rbk55\OneDrive\Documents\Project_CSE432-532\SER_Project\data\audio_song_actors\Actor_07\03-02-03-02-01-02-07.wav
03-02-03-02-02-01-07.wav,audio-only,song,happy,3,strong,Dogs are sitting by the door,1,7,male,C:\Users\rbk55\OneDrive\Documents\Project_CSE432-532\SER_Project\data\audio_song_actors\Actor_07\03-02-03-02-02-01-07.wav
03-02-03-02-02-02-07.wav,audio-only,song,happy,3,strong,Dogs are sitting by the door,2,7,male,C:\Users\rbk55\OneDrive\Documents\Project_CSE432-532\SER_Project\data\audio_song_actors\Actor_07\03-02-03-02-02-02-07.wav
03-02-04-01-01-01-07.wav,audio-only,song,sad,4,normal,Kids are talking by the door,1,7,male,C:\Users\rbk55\OneDrive\Documents\Project_CSE432-532\SER_Project\data\audio_song_actors\Actor_07\03-02-04-01-01-01-07.wav
03-02-04-01-01-02-07.wav,audio-only,song,sad,4,normal,Kids are talking by the door,2,7,male,C:\Users\rbk55\OneDrive\Documents\Project_CSE432-532\SER_Project\data\audio_song_actors\Actor_07\03-02-04-01-01-02-07.wav
03-02-04-01-02-01-07.wav,audio-only,song,sad,4,normal,Dogs are sitting by the door,1,7,male,C:\Users\rbk55\OneDrive\Documents\Project_CSE432-532\SER_Project\data\audio_song_actors\Actor_07\03-02-04-01-02-01-07.wav
03-02-04-01-02-02-07.wav,audio-only,song,sad,4,normal,Dogs are sitting by the door,2,7,male,C:\Users\rbk55\OneDrive\Documents\Project_CSE432-532\SER_Project\data\audio_song_actors\Actor_07\03-02-04-01-02-02-07.wav
03-02-04-02-01-01-07.wav,audio-only,song,sad,4,strong,Kids are talking by the door,1,7,male,C:\Users\rbk55\OneDrive\Documents\Project_CSE432-532\SER_Project\data\audio_song_actors\Actor_07\03-02-04-02-01-01-07.wav
03-02-04-02-01-02-07.wav,audio-only,song,sad,4,strong,Kids are talking by the door,2,7,male,C:\Users\rbk55\OneDrive\Documents\Project_CSE432-532\SER_Project\data\audio_song_actors\Actor_07\03-02-04-02-01-02-07.wav
03-02-04-02-02-01-07.wav,audio-only,song,sad,4,strong,Dogs are sitting by the door,1,7,male,C:\Users\rbk55\OneDrive\Documents\Project_CSE432-532\SER_Project\data\audio_song_actors\Actor_07\03-02-04-02-02-01-07.wav
03-02-04-02-02-02-07.wav,audio-only,song,sad,4,strong,Dogs are sitting by the door,2,7,male,C:\Users\rbk55\OneDrive\Documents\Project_CSE432-532\SER_Project\data\audio_song_actors\Actor_07\03-02-04-02-02-02-07.wav
03-02-05-01-01-01-07.wav,audio-only,song,angry,5,normal,Kids are talking by the door,1,7,male,C:\Users\rbk55\OneDrive\Documents\Project_CSE432-532\SER_Project\data\audio_song_actors\Actor_07\03-02-05-01-01-01-07.wav
03-02-05-01-01-02-07.wav,audio-only,song,angry,5,normal,Kids are talking by the door,2,7,male,C:\Users\rbk55\OneDrive\Documents\Project_CSE432-532\SER_Project\data\audio_song_actors\Actor_07\03-02-05-01-01-02-07.wav
03-02-05-01-02-01-07.wav,audio-only,song,angry,5,normal,Dogs are sitting by the door,1,7,male,C:\Users\rbk55\OneDrive\Documents\Project_CSE432-532\SER_Project\data\audio_song_actors\Actor_07\03-02-05-01-02-01-07.wav
03-02-05-01-02-02-07.wav,audio-only,song,angry,5,normal,Dogs are sitting by the door,2,7,male,C:\Users\rbk55\OneDrive\Documents\Project_CSE432-532\SER_Project\data\audio_song_actors\Actor_07\03-02-05-01-02-02-07.wav
03-02-05-02-01-01-07.wav,audio-only,song,angry,5,strong,Kids are talking by the door,1,7,male,C:\Users\rbk55\OneDrive\Documents\Project_CSE432-532\SER_Project\data\audio_song_actors\Actor_07\03-02-05-02-01-01-07.wav
03-02-05-02-01-02-07.wav,audio-only,song,angry,5,strong,Kids are talking by the door,2,7,male,C:\Users\rbk55\OneDrive\Documents\Project_CSE432-532\SER_Project\data\audio_song_actors\Actor_07\03-02-05-02-01-02-07.wav
03-02-05-02-02-01-07.wav,audio-only,song,angry,5,strong,Dogs are sitting by the door,1,7,male,C:\Users\rbk55\OneDrive\Documents\Project_CSE432-532\SER_Project\data\audio_song_actors\Actor_07\03-02-05-02-02-01-07.wav
03-02-05-02-02-02-07.wav,audio-only,song,angry,5,strong,Dogs are sitting by the door,2,7,male,C:\Users\rbk55\OneDrive\Documents\Project_CSE432-532\SER_Project\data\audio_song_actors\Actor_07\03-02-05-02-02-02-07.wav
03-02-06-01-01-01-07.wav,audio-only,song,fearful,6,normal,Kids are talking by the door,1,7,male,C:\Users\rbk55\OneDrive\Documents\Project_CSE432-532\SER_Project\data\audio_song_actors\Actor_07\03-02-06-01-01-01-07.wav
03-02-06-01-01-02-07.wav,audio-only,song,fearful,6,normal,Kids are talking by the door,2,7,male,C:\Users\rbk55\OneDrive\Documents\Project_CSE432-532\SER_Project\data\audio_song_actors\Actor_07\03-02-06-01-01-02-07.wav
03-02-06-01-02-01-07.wav,audio-only,song,fearful,6,normal,Dogs are sitting by the door,1,7,male,C:\Users\rbk55\OneDrive\Documents\Project_CSE432-532\SER_Project\data\audio_song_actors\Actor_07\03-02-06-01-02-01-07.wav
03-02-06-01-02-02-07.wav,audio-only,song,fearful,6,normal,Dogs are sitting by the door,2,7,male,C:\Users\rbk55\OneDrive\Documents\Project_CSE432-532\SER_Project\data\audio_song_actors\Actor_07\03-02-06-01-02-02-07.wav
03-02-06-02-01-01-07.wav,audio-only,song,fearful,6,strong,Kids are talking by the door,1,7,male,C:\Users\rbk55\OneDrive\Documents\Project_CSE432-532\SER_Project\data\audio_song_actors\Actor_07\03-02-06-02-01-01-07.wav
03-02-06-02-01-02-07.wav,audio-only,song,fearful,6,strong,Kids are talking by the door,2,7,male,C:\Users\rbk55\OneDrive\Documents\Project_CSE432-532\SER_Project\data\audio_song_actors\Actor_07\03-02-06-02-01-02-07.wav
03-02-06-02-02-01-07.wav,audio-only,song,fearful,6,strong,Dogs are sitting by the door,1,7,male,C:\Users\rbk55\OneDrive\Documents\Project_CSE432-532\SER_Project\data\audio_song_actors\Actor_07\03-02-06-02-02-01-07.wav
03-02-06-02-02-02-07.wav,audio-only,song,fearful,6,strong,Dogs are sitting by the door,2,7,male,C:\Users\rbk55\OneDrive\Documents\Project_CSE432-532\SER_Project\data\audio_song_actors\Actor_07\03-02-06-02-02-02-07.wav
03-02-01-01-01-01-08.wav,audio-only,song,neutral,1,normal,Kids are talking by the door,1,8,female,C:\Users\rbk55\OneDrive\Documents\Project_CSE432-532\SER_Project\data\audio_song_actors\Actor_08\03-02-01-01-01-01-08.wav
03-02-01-01-01-02-08.wav,audio-only,song,neutral,1,normal,Kids are talking by the door,2,8,female,C:\Users\rbk55\OneDrive\Documents\Project_CSE432-532\SER_Project\data\audio_song_actors\Actor_08\03-02-01-01-01-02-08.wav
03-02-01-01-02-01-08.wav,audio-only,song,neutral,1,normal,Dogs are sitting by the door,1,8,female,C:\Users\rbk55\OneDrive\Documents\Project_CSE432-532\SER_Project\data\audio_song_actors\Actor_08\03-02-01-01-02-01-08.wav
03-02-01-01-02-02-08.wav,audio-only,song,neutral,1,normal,Dogs are sitting by the door,2,8,female,C:\Users\rbk55\OneDrive\Documents\Project_CSE432-532\SER_Project\data\audio_song_actors\Actor_08\03-02-01-01-02-02-08.wav
03-02-02-01-01-01-08.wav,audio-only,song,calm,2,normal,Kids are talking by the door,1,8,female,C:\Users\rbk55\OneDrive\Documents\Project_CSE432-532\SER_Project\data\audio_song_actors\Actor_08\03-02-02-01-01-01-08.wav
03-02-02-01-01-02-08.wav,audio-only,song,calm,2,normal,Kids are talking by the door,2,8,female,C:\Users\rbk55\OneDrive\Documents\Project_CSE432-532\SER_Project\data\audio_song_actors\Actor_08\03-02-02-01-01-02-08.wav
03-02-02-01-02-01-08.wav,audio-only,song,calm,2,normal,Dogs are sitting by the door,1,8,female,C:\Users\rbk55\OneDrive\Documents\Project_CSE432-532\SER_Project\data\audio_song_actors\Actor_08\03-02-02-01-02-01-08.wav
03-02-02-01-02-02-08.wav,audio-only,song,calm,2,normal,Dogs are sitting by the door,2,8,female,C:\Users\rbk55\OneDrive\Documents\Project_CSE432-532\SER_Project\data\audio_song_actors\Actor_08\03-02-02-01-02-02-08.wav
03-02-02-02-01-01-08.wav,audio-only,song,calm,2,strong,Kids are talking by the door,1,8,female,C:\Users\rbk55\OneDrive\Documents\Project_CSE432-532\SER_Project\data\audio_song_actors\Actor_08\03-02-02-02-01-01-08.wav
03-02-02-02-01-02-08.wav,audio-only,song,calm,2,strong,Kids are talking by the door,2,8,female,C:\Users\rbk55\OneDrive\Documents\Project_CSE432-532\SER_Project\data\audio_song_actors\Actor_08\03-02-02-02-01-02-08.wav
03-02-02-02-02-01-08.wav,audio-only,song,calm,2,strong,Dogs are sitting by the door,1,8,female,C:\Users\rbk55\OneDrive\Documents\Project_CSE432-532\SER_Project\data\audio_song_actors\Actor_08\03-02-02-02-02-01-08.wav
03-02-02-02-02-02-08.wav,audio-only,song,calm,2,strong,Dogs are sitting by the door,2,8,female,C:\Users\rbk55\OneDrive\Documents\Project_CSE432-532\SER_Project\data\audio_song_actors\Actor_08\03-02-02-02-02-02-08.wav
03-02-03-01-01-01-08.wav,audio-only,song,happy,3,normal,Kids are talking by the door,1,8,female,C:\Users\rbk55\OneDrive\Documents\Project_CSE432-532\SER_Project\data\audio_song_actors\Actor_08\03-02-03-01-01-01-08.wav
03-02-03-01-01-02-08.wav,audio-only,song,happy,3,normal,Kids are talking by the door,2,8,female,C:\Users\rbk55\OneDrive\Documents\Project_CSE432-532\SER_Project\data\audio_song_actors\Actor_08\03-02-03-01-01-02-08.wav
03-02-03-01-02-01-08.wav,audio-only,song,happy,3,normal,Dogs are sitting by the door,1,8,female,C:\Users\rbk55\OneDrive\Documents\Project_CSE432-532\SER_Project\data\audio_song_actors\Actor_08\03-02-03-01-02-01-08.wav
03-02-03-01-02-02-08.wav,audio-only,song,happy,3,normal,Dogs are sitting by the door,2,8,female,C:\Users\rbk55\OneDrive\Documents\Project_CSE432-532\SER_Project\data\audio_song_actors\Actor_08\03-02-03-01-02-02-08.wav
03-02-03-02-01-01-08.wav,audio-only,song,happy,3,strong,Kids are talking by the door,1,8,female,C:\Users\rbk55\OneDrive\Documents\Project_CSE432-532\SER_Project\data\audio_song_actors\Actor_08\03-02-03-02-01-01-08.wav
03-02-03-02-01-02-08.wav,audio-only,song,happy,3,strong,Kids are talking by the door,2,8,female,C:\Users\rbk55\OneDrive\Documents\Project_CSE432-532\SER_Project\data\audio_song_actors\Actor_08\03-02-03-02-01-02-08.wav
03-02-03-02-02-01-08.wav,audio-only,song,happy,3,strong,Dogs are sitting by the door,1,8,female,C:\Users\rbk55\OneDrive\Documents\Project_CSE432-532\SER_Project\data\audio_song_actors\Actor_08\03-02-03-02-02-01-08.wav
03-02-03-02-02-02-08.wav,audio-only,song,happy,3,strong,Dogs are sitting by the door,2,8,female,C:\Users\rbk55\OneDrive\Documents\Project_CSE432-532\SER_Project\data\audio_song_actors\Actor_08\03-02-03-02-02-02-08.wav
03-02-04-01-01-01-08.wav,audio-only,song,sad,4,normal,Kids are talking by the door,1,8,female,C:\Users\rbk55\OneDrive\Documents\Project_CSE432-532\SER_Project\data\audio_song_actors\Actor_08\03-02-04-01-01-01-08.wav
03-02-04-01-01-02-08.wav,audio-only,song,sad,4,normal,Kids are talking by the door,2,8,female,C:\Users\rbk55\OneDrive\Documents\Project_CSE432-532\SER_Project\data\audio_song_actors\Actor_08\03-02-04-01-01-02-08.wav
03-02-04-01-02-01-08.wav,audio-only,song,sad,4,normal,Dogs are sitting by the door,1,8,female,C:\Users\rbk55\OneDrive\Documents\Project_CSE432-532\SER_Project\data\audio_song_actors\Actor_08\03-02-04-01-02-01-08.wav
03-02-04-01-02-02-08.wav,audio-only,song,sad,4,normal,Dogs are sitting by the door,2,8,female,C:\Users\rbk55\OneDrive\Documents\Project_CSE432-532\SER_Project\data\audio_song_actors\Actor_08\03-02-04-01-02-02-08.wav
03-02-04-02-01-01-08.wav,audio-only,song,sad,4,strong,Kids are talking by the door,1,8,female,C:\Users\rbk55\OneDrive\Documents\Project_CSE432-532\SER_Project\data\audio_song_actors\Actor_08\03-02-04-02-01-01-08.wav
03-02-04-02-01-02-08.wav,audio-only,song,sad,4,strong,Kids are talking by the door,2,8,female,C:\Users\rbk55\OneDrive\Documents\Project_CSE432-532\SER_Project\data\audio_song_actors\Actor_08\03-02-04-02-01-02-08.wav
03-02-04-02-02-01-08.wav,audio-only,song,sad,4,strong,Dogs are sitting by the door,1,8,female,C:\Users\rbk55\OneDrive\Documents\Project_CSE432-532\SER_Project\data\audio_song_actors\Actor_08\03-02-04-02-02-01-08.wav
03-02-04-02-02-02-08.wav,audio-only,song,sad,4,strong,Dogs are sitting by the door,2,8,female,C:\Users\rbk55\OneDrive\Documents\Project_CSE432-532\SER_Project\data\audio_song_actors\Actor_08\03-02-04-02-02-02-08.wav
03-02-05-01-01-01-08.wav,audio-only,song,angry,5,normal,Kids are talking by the door,1,8,female,C:\Users\rbk55\OneDrive\Documents\Project_CSE432-532\SER_Project\data\audio_song_actors\Actor_08\03-02-05-01-01-01-08.wav
03-02-05-01-01-02-08.wav,audio-only,song,angry,5,normal,Kids are talking by the door,2,8,female,C:\Users\rbk55\OneDrive\Documents\Project_CSE432-532\SER_Project\data\audio_song_actors\Actor_08\03-02-05-01-01-02-08.wav
03-02-05-01-02-01-08.wav,audio-only,song,angry,5,normal,Dogs are sitting by the door,1,8,female,C:\Users\rbk55\OneDrive\Documents\Project_CSE432-532\SER_Project\data\audio_song_actors\Actor_08\03-02-05-01-02-01-08.wav
03-02-05-01-02-02-08.wav,audio-only,song,angry,5,normal,Dogs are sitting by the door,2,8,female,C:\Users\rbk55\OneDrive\Documents\Project_CSE432-532\SER_Project\data\audio_song_actors\Actor_08\03-02-05-01-02-02-08.wav
03-02-05-02-01-01-08.wav,audio-only,song,angry,5,strong,Kids are talking by the door,1,8,female,C:\Users\rbk55\OneDrive\Documents\Project_CSE432-532\SER_Project\data\audio_song_actors\Actor_08\03-02-05-02-01-01-08.wav
03-02-05-02-01-02-08.wav,audio-only,song,angry,5,strong,Kids are talking by the door,2,8,female,C:\Users\rbk55\OneDrive\Documents\Project_CSE432-532\SER_Project\data\audio_song_actors\Actor_08\03-02-05-02-01-02-08.wav
03-02-05-02-02-01-08.wav,audio-only,song,angry,5,strong,Dogs are sitting by the door,1,8,female,C:\Users\rbk55\OneDrive\Documents\Project_CSE432-532\SER_Project\data\audio_song_actors\Actor_08\03-02-05-02-02-01-08.wav
03-02-05-02-02-02-08.wav,audio-only,song,angry,5,strong,Dogs are sitting by the door,2,8,female,C:\Users\rbk55\OneDrive\Documents\Project_CSE432-532\SER_Project\data\audio_song_actors\Actor_08\03-02-05-02-02-02-08.wav
03-02-06-01-01-01-08.wav,audio-only,song,fearful,6,normal,Kids are talking by the door,1,8,female,C:\Users\rbk55\OneDrive\Documents\Project_CSE432-532\SER_Project\data\audio_song_actors\Actor_08\03-02-06-01-01-01-08.wav
03-02-06-01-01-02-08.wav,audio-only,song,fearful,6,normal,Kids are talking by the door,2,8,female,C:\Users\rbk55\OneDrive\Documents\Project_CSE432-532\SER_Project\data\audio_song_actors\Actor_08\03-02-06-01-01-02-08.wav
03-02-06-01-02-01-08.wav,audio-only,song,fearful,6,normal,Dogs are sitting by the door,1,8,female,C:\Users\rbk55\OneDrive\Documents\Project_CSE432-532\SER_Project\data\audio_song_actors\Actor_08\03-02-06-01-02-01-08.wav
03-02-06-01-02-02-08.wav,audio-only,song,fearful,6,normal,Dogs are sitting by the door,2,8,female,C:\Users\rbk55\OneDrive\Documents\Project_CSE432-532\SER_Project\data\audio_song_actors\Actor_08\03-02-06-01-02-02-08.wav
03-02-06-02-01-01-08.wav,audio-only,song,fearful,6,strong,Kids are talking by the door,1,8,female,C:\Users\rbk55\OneDrive\Documents\Project_CSE432-532\SER_Project\data\audio_song_actors\Actor_08\03-02-06-02-01-01-08.wav
03-02-06-02-01-02-08.wav,audio-only,song,fearful,6,strong,Kids are talking by the door,2,8,female,C:\Users\rbk55\OneDrive\Documents\Project_CSE432-532\SER_Project\data\audio_song_actors\Actor_08\03-02-06-02-01-02-08.wav
03-02-06-02-02-01-08.wav,audio-only,song,fearful,6,strong,Dogs are sitting by the door,1,8,female,C:\Users\rbk55\OneDrive\Documents\Project_CSE432-532\SER_Project\data\audio_song_actors\Actor_08\03-02-06-02-02-01-08.wav
03-02-06-02-02-02-08.wav,audio-only,song,fearful,6,strong,Dogs are sitting by the door,2,8,female,C:\Users\rbk55\OneDrive\Documents\Project_CSE432-532\SER_Project\data\audio_song_actors\Actor_08\03-02-06-02-02-02-08.wav
03-02-01-01-01-01-09.wav,audio-only,song,neutral,1,normal,Kids are talking by the door,1,9,male,C:\Users\rbk55\OneDrive\Documents\Project_CSE432-532\SER_Project\data\audio_song_actors\Actor_09\03-02-01-01-01-01-09.wav
03-02-01-01-01-02-09.wav,audio-only,song,neutral,1,normal,Kids are talking by the door,2,9,male,C:\Users\rbk55\OneDrive\Documents\Project_CSE432-532\SER_Project\data\audio_song_actors\Actor_09\03-02-01-01-01-02-09.wav
03-02-01-01-02-01-09.wav,audio-only,song,neutral,1,normal,Dogs are sitting by the door,1,9,male,C:\Users\rbk55\OneDrive\Documents\Project_CSE432-532\SER_Project\data\audio_song_actors\Actor_09\03-02-01-01-02-01-09.wav
03-02-01-01-02-02-09.wav,audio-only,song,neutral,1,normal,Dogs are sitting by the door,2,9,male,C:\Users\rbk55\OneDrive\Documents\Project_CSE432-532\SER_Project\data\audio_song_actors\Actor_09\03-02-01-01-02-02-09.wav
03-02-02-01-01-01-09.wav,audio-only,song,calm,2,normal,Kids are talking by the door,1,9,male,C:\Users\rbk55\OneDrive\Documents\Project_CSE432-532\SER_Project\data\audio_song_actors\Actor_09\03-02-02-01-01-01-09.wav
03-02-02-01-01-02-09.wav,audio-only,song,calm,2,normal,Kids are talking by the door,2,9,male,C:\Users\rbk55\OneDrive\Documents\Project_CSE432-532\SER_Project\data\audio_song_actors\Actor_09\03-02-02-01-01-02-09.wav
03-02-02-01-02-01-09.wav,audio-only,song,calm,2,normal,Dogs are sitting by the door,1,9,male,C:\Users\rbk55\OneDrive\Documents\Project_CSE432-532\SER_Project\data\audio_song_actors\Actor_09\03-02-02-01-02-01-09.wav
03-02-02-01-02-02-09.wav,audio-only,song,calm,2,normal,Dogs are sitting by the door,2,9,male,C:\Users\rbk55\OneDrive\Documents\Project_CSE432-532\SER_Project\data\audio_song_actors\Actor_09\03-02-02-01-02-02-09.wav
03-02-02-02-01-01-09.wav,audio-only,song,calm,2,strong,Kids are talking by the door,1,9,male,C:\Users\rbk55\OneDrive\Documents\Project_CSE432-532\SER_Project\data\audio_song_actors\Actor_09\03-02-02-02-01-01-09.wav
03-02-02-02-01-02-09.wav,audio-only,song,calm,2,strong,Kids are talking by the door,2,9,male,C:\Users\rbk55\OneDrive\Documents\Project_CSE432-532\SER_Project\data\audio_song_actors\Actor_09\03-02-02-02-01-02-09.wav
03-02-02-02-02-01-09.wav,audio-only,song,calm,2,strong,Dogs are sitting by the door,1,9,male,C:\Users\rbk55\OneDrive\Documents\Project_CSE432-532\SER_Project\data\audio_song_actors\Actor_09\03-02-02-02-02-01-09.wav
03-02-02-02-02-02-09.wav,audio-only,song,calm,2,strong,Dogs are sitting by the door,2,9,male,C:\Users\rbk55\OneDrive\Documents\Project_CSE432-532\SER_Project\data\audio_song_actors\Actor_09\03-02-02-02-02-02-09.wav
03-02-03-01-01-01-09.wav,audio-only,song,happy,3,normal,Kids are talking by the door,1,9,male,C:\Users\rbk55\OneDrive\Documents\Project_CSE432-532\SER_Project\data\audio_song_actors\Actor_09\03-02-03-01-01-01-09.wav
03-02-03-01-01-02-09.wav,audio-only,song,happy,3,normal,Kids are talking by the door,2,9,male,C:\Users\rbk55\OneDrive\Documents\Project_CSE432-532\SER_Project\data\audio_song_actors\Actor_09\03-02-03-01-01-02-09.wav
03-02-03-01-02-01-09.wav,audio-only,song,happy,3,normal,Dogs are sitting by the door,1,9,male,C:\Users\rbk55\OneDrive\Documents\Project_CSE432-532\SER_Project\data\audio_song_actors\Actor_09\03-02-03-01-02-01-09.wav
03-02-03-01-02-02-09.wav,audio-only,song,happy,3,normal,Dogs are sitting by the door,2,9,male,C:\Users\rbk55\OneDrive\Documents\Project_CSE432-532\SER_Project\data\audio_song_actors\Actor_09\03-02-03-01-02-02-09.wav
03-02-03-02-01-01-09.wav,audio-only,song,happy,3,strong,Kids are talking by the door,1,9,male,C:\Users\rbk55\OneDrive\Documents\Project_CSE432-532\SER_Project\data\audio_song_actors\Actor_09\03-02-03-02-01-01-09.wav
03-02-03-02-01-02-09.wav,audio-only,song,happy,3,strong,Kids are talking by the door,2,9,male,C:\Users\rbk55\OneDrive\Documents\Project_CSE432-532\SER_Project\data\audio_song_actors\Actor_09\03-02-03-02-01-02-09.wav
03-02-03-02-02-01-09.wav,audio-only,song,happy,3,strong,Dogs are sitting by the door,1,9,male,C:\Users\rbk55\OneDrive\Documents\Project_CSE432-532\SER_Project\data\audio_song_actors\Actor_09\03-02-03-02-02-01-09.wav
03-02-03-02-02-02-09.wav,audio-only,song,happy,3,strong,Dogs are sitting by the door,2,9,male,C:\Users\rbk55\OneDrive\Documents\Project_CSE432-532\SER_Project\data\audio_song_actors\Actor_09\03-02-03-02-02-02-09.wav
03-02-04-01-01-01-09.wav,audio-only,song,sad,4,normal,Kids are talking by the door,1,9,male,C:\Users\rbk55\OneDrive\Documents\Project_CSE432-532\SER_Project\data\audio_song_actors\Actor_09\03-02-04-01-01-01-09.wav
03-02-04-01-01-02-09.wav,audio-only,song,sad,4,normal,Kids are talking by the door,2,9,male,C:\Users\rbk55\OneDrive\Documents\Project_CSE432-532\SER_Project\data\audio_song_actors\Actor_09\03-02-04-01-01-02-09.wav
03-02-04-01-02-01-09.wav,audio-only,song,sad,4,normal,Dogs are sitting by the door,1,9,male,C:\Users\rbk55\OneDrive\Documents\Project_CSE432-532\SER_Project\data\audio_song_actors\Actor_09\03-02-04-01-02-01-09.wav
03-02-04-01-02-02-09.wav,audio-only,song,sad,4,normal,Dogs are sitting by the door,2,9,male,C:\Users\rbk55\OneDrive\Documents\Project_CSE432-532\SER_Project\data\audio_song_actors\Actor_09\03-02-04-01-02-02-09.wav
03-02-04-02-01-01-09.wav,audio-only,song,sad,4,strong,Kids are talking by the door,1,9,male,C:\Users\rbk55\OneDrive\Documents\Project_CSE432-532\SER_Project\data\audio_song_actors\Actor_09\03-02-04-02-01-01-09.wav
03-02-04-02-01-02-09.wav,audio-only,song,sad,4,strong,Kids are talking by the door,2,9,male,C:\Users\rbk55\OneDrive\Documents\Project_CSE432-532\SER_Project\data\audio_song_actors\Actor_09\03-02-04-02-01-02-09.wav
03-02-04-02-02-01-09.wav,audio-only,song,sad,4,strong,Dogs are sitting by the door,1,9,male,C:\Users\rbk55\OneDrive\Documents\Project_CSE432-532\SER_Project\data\audio_song_actors\Actor_09\03-02-04-02-02-01-09.wav
03-02-04-02-02-02-09.wav,audio-only,song,sad,4,strong,Dogs are sitting by the door,2,9,male,C:\Users\rbk55\OneDrive\Documents\Project_CSE432-532\SER_Project\data\audio_song_actors\Actor_09\03-02-04-02-02-02-09.wav
03-02-05-01-01-01-09.wav,audio-only,song,angry,5,normal,Kids are talking by the door,1,9,male,C:\Users\rbk55\OneDrive\Documents\Project_CSE432-532\SER_Project\data\audio_song_actors\Actor_09\03-02-05-01-01-01-09.wav
03-02-05-01-01-02-09.wav,audio-only,song,angry,5,normal,Kids are talking by the door,2,9,male,C:\Users\rbk55\OneDrive\Documents\Project_CSE432-532\SER_Project\data\audio_song_actors\Actor_09\03-02-05-01-01-02-09.wav
03-02-05-01-02-01-09.wav,audio-only,song,angry,5,normal,Dogs are sitting by the door,1,9,male,C:\Users\rbk55\OneDrive\Documents\Project_CSE432-532\SER_Project\data\audio_song_actors\Actor_09\03-02-05-01-02-01-09.wav
03-02-05-01-02-02-09.wav,audio-only,song,angry,5,normal,Dogs are sitting by the door,2,9,male,C:\Users\rbk55\OneDrive\Documents\Project_CSE432-532\SER_Project\data\audio_song_actors\Actor_09\03-02-05-01-02-02-09.wav
03-02-05-02-01-01-09.wav,audio-only,song,angry,5,strong,Kids are talking by the door,1,9,male,C:\Users\rbk55\OneDrive\Documents\Project_CSE432-532\SER_Project\data\audio_song_actors\Actor_09\03-02-05-02-01-01-09.wav
03-02-05-02-01-02-09.wav,audio-only,song,angry,5,strong,Kids are talking by the door,2,9,male,C:\Users\rbk55\OneDrive\Documents\Project_CSE432-532\SER_Project\data\audio_song_actors\Actor_09\03-02-05-02-01-02-09.wav
03-02-05-02-02-01-09.wav,audio-only,song,angry,5,strong,Dogs are sitting by the door,1,9,male,C:\Users\rbk55\OneDrive\Documents\Project_CSE432-532\SER_Project\data\audio_song_actors\Actor_09\03-02-05-02-02-01-09.wav
03-02-05-02-02-02-09.wav,audio-only,song,angry,5,strong,Dogs are sitting by the door,2,9,male,C:\Users\rbk55\OneDrive\Documents\Project_CSE432-532\SER_Project\data\audio_song_actors\Actor_09\03-02-05-02-02-02-09.wav
03-02-06-01-01-01-09.wav,audio-only,song,fearful,6,normal,Kids are talking by the door,1,9,male,C:\Users\rbk55\OneDrive\Documents\Project_CSE432-532\SER_Project\data\audio_song_actors\Actor_09\03-02-06-01-01-01-09.wav
03-02-06-01-01-02-09.wav,audio-only,song,fearful,6,normal,Kids are talking by the door,2,9,male,C:\Users\rbk55\OneDrive\Documents\Project_CSE432-532\SER_Project\data\audio_song_actors\Actor_09\03-02-06-01-01-02-09.wav
03-02-06-01-02-01-09.wav,audio-only,song,fearful,6,normal,Dogs are sitting by the door,1,9,male,C:\Users\rbk55\OneDrive\Documents\Project_CSE432-532\SER_Project\data\audio_song_actors\Actor_09\03-02-06-01-02-01-09.wav
03-02-06-01-02-02-09.wav,audio-only,song,fearful,6,normal,Dogs are sitting by the door,2,9,male,C:\Users\rbk55\OneDrive\Documents\Project_CSE432-532\SER_Project\data\audio_song_actors\Actor_09\03-02-06-01-02-02-09.wav
03-02-06-02-01-01-09.wav,audio-only,song,fearful,6,strong,Kids are talking by the door,1,9,male,C:\Users\rbk55\OneDrive\Documents\Project_CSE432-532\SER_Project\data\audio_song_actors\Actor_09\03-02-06-02-01-01-09.wav
03-02-06-02-01-02-09.wav,audio-only,song,fearful,6,strong,Kids are talking by the door,2,9,male,C:\Users\rbk55\OneDrive\Documents\Project_CSE432-532\SER_Project\data\audio_song_actors\Actor_09\03-02-06-02-01-02-09.wav
03-02-06-02-02-01-09.wav,audio-only,song,fearful,6,strong,Dogs are sitting by the door,1,9,male,C:\Users\rbk55\OneDrive\Documents\Project_CSE432-532\SER_Project\data\audio_song_actors\Actor_09\03-02-06-02-02-01-09.wav
03-02-06-02-02-02-09.wav,audio-only,song,fearful,6,strong,Dogs are sitting by the door,2,9,male,C:\Users\rbk55\OneDrive\Documents\Project_CSE432-532\SER_Project\data\audio_song_actors\Actor_09\03-02-06-02-02-02-09.wav
03-02-01-01-01-01-10.wav,audio-only,song,neutral,1,normal,Kids are talking by the door,1,10,female,C:\Users\rbk55\OneDrive\Documents\Project_CSE432-532\SER_Project\data\audio_song_actors\Actor_10\03-02-01-01-01-01-10.wav
03-02-01-01-01-02-10.wav,audio-only,song,neutral,1,normal,Kids are talking by the door,2,10,female,C:\Users\rbk55\OneDrive\Documents\Project_CSE432-532\SER_Project\data\audio_song_actors\Actor_10\03-02-01-01-01-02-10.wav
03-02-01-01-02-01-10.wav,audio-only,song,neutral,1,normal,Dogs are sitting by the door,1,10,female,C:\Users\rbk55\OneDrive\Documents\Project_CSE432-532\SER_Project\data\audio_song_actors\Actor_10\03-02-01-01-02-01-10.wav
03-02-01-01-02-02-10.wav,audio-only,song,neutral,1,normal,Dogs are sitting by the door,2,10,female,C:\Users\rbk55\OneDrive\Documents\Project_CSE432-532\SER_Project\data\audio_song_actors\Actor_10\03-02-01-01-02-02-10.wav
03-02-02-01-01-01-10.wav,audio-only,song,calm,2,normal,Kids are talking by the door,1,10,female,C:\Users\rbk55\OneDrive\Documents\Project_CSE432-532\SER_Project\data\audio_song_actors\Actor_10\03-02-02-01-01-01-10.wav
03-02-02-01-01-02-10.wav,audio-only,song,calm,2,normal,Kids are talking by the door,2,10,female,C:\Users\rbk55\OneDrive\Documents\Project_CSE432-532\SER_Project\data\audio_song_actors\Actor_10\03-02-02-01-01-02-10.wav
03-02-02-01-02-01-10.wav,audio-only,song,calm,2,normal,Dogs are sitting by the door,1,10,female,C:\Users\rbk55\OneDrive\Documents\Project_CSE432-532\SER_Project\data\audio_song_actors\Actor_10\03-02-02-01-02-01-10.wav
03-02-02-01-02-02-10.wav,audio-only,song,calm,2,normal,Dogs are sitting by the door,2,10,female,C:\Users\rbk55\OneDrive\Documents\Project_CSE432-532\SER_Project\data\audio_song_actors\Actor_10\03-02-02-01-02-02-10.wav
03-02-02-02-01-01-10.wav,audio-only,song,calm,2,strong,Kids are talking by the door,1,10,female,C:\Users\rbk55\OneDrive\Documents\Project_CSE432-532\SER_Project\data\audio_song_actors\Actor_10\03-02-02-02-01-01-10.wav
03-02-02-02-01-02-10.wav,audio-only,song,calm,2,strong,Kids are talking by the door,2,10,female,C:\Users\rbk55\OneDrive\Documents\Project_CSE432-532\SER_Project\data\audio_song_actors\Actor_10\03-02-02-02-01-02-10.wav
03-02-02-02-02-01-10.wav,audio-only,song,calm,2,strong,Dogs are sitting by the door,1,10,female,C:\Users\rbk55\OneDrive\Documents\Project_CSE432-532\SER_Project\data\audio_song_actors\Actor_10\03-02-02-02-02-01-10.wav
03-02-02-02-02-02-10.wav,audio-only,song,calm,2,strong,Dogs are sitting by the door,2,10,female,C:\Users\rbk55\OneDrive\Documents\Project_CSE432-532\SER_Project\data\audio_song_actors\Actor_10\03-02-02-02-02-02-10.wav
03-02-03-01-01-01-10.wav,audio-only,song,happy,3,normal,Kids are talking by the door,1,10,female,C:\Users\rbk55\OneDrive\Documents\Project_CSE432-532\SER_Project\data\audio_song_actors\Actor_10\03-02-03-01-01-01-10.wav
03-02-03-01-01-02-10.wav,audio-only,song,happy,3,normal,Kids are talking by the door,2,10,female,C:\Users\rbk55\OneDrive\Documents\Project_CSE432-532\SER_Project\data\audio_song_actors\Actor_10\03-02-03-01-01-02-10.wav
03-02-03-01-02-01-10.wav,audio-only,song,happy,3,normal,Dogs are sitting by the door,1,10,female,C:\Users\rbk55\OneDrive\Documents\Project_CSE432-532\SER_Project\data\audio_song_actors\Actor_10\03-02-03-01-02-01-10.wav
03-02-03-01-02-02-10.wav,audio-only,song,happy,3,normal,Dogs are sitting by the door,2,10,female,C:\Users\rbk55\OneDrive\Documents\Project_CSE432-532\SER_Project\data\audio_song_actors\Actor_10\03-02-03-01-02-02-10.wav
03-02-03-02-01-01-10.wav,audio-only,song,happy,3,strong,Kids are talking by the door,1,10,female,C:\Users\rbk55\OneDrive\Documents\Project_CSE432-532\SER_Project\data\audio_song_actors\Actor_10\03-02-03-02-01-01-10.wav
03-02-03-02-01-02-10.wav,audio-only,song,happy,3,strong,Kids are talking by the door,2,10,female,C:\Users\rbk55\OneDrive\Documents\Project_CSE432-532\SER_Project\data\audio_song_actors\Actor_10\03-02-03-02-01-02-10.wav
03-02-03-02-02-01-10.wav,audio-only,song,happy,3,strong,Dogs are sitting by the door,1,10,female,C:\Users\rbk55\OneDrive\Documents\Project_CSE432-532\SER_Project\data\audio_song_actors\Actor_10\03-02-03-02-02-01-10.wav
03-02-03-02-02-02-10.wav,audio-only,song,happy,3,strong,Dogs are sitting by the door,2,10,female,C:\Users\rbk55\OneDrive\Documents\Project_CSE432-532\SER_Project\data\audio_song_actors\Actor_10\03-02-03-02-02-02-10.wav
03-02-04-01-01-01-10.wav,audio-only,song,sad,4,normal,Kids are talking by the door,1,10,female,C:\Users\rbk55\OneDrive\Documents\Project_CSE432-532\SER_Project\data\audio_song_actors\Actor_10\03-02-04-01-01-01-10.wav
03-02-04-01-01-02-10.wav,audio-only,song,sad,4,normal,Kids are talking by the door,2,10,female,C:\Users\rbk55\OneDrive\Documents\Project_CSE432-532\SER_Project\data\audio_song_actors\Actor_10\03-02-04-01-01-02-10.wav
03-02-04-01-02-01-10.wav,audio-only,song,sad,4,normal,Dogs are sitting by the door,1,10,female,C:\Users\rbk55\OneDrive\Documents\Project_CSE432-532\SER_Project\data\audio_song_actors\Actor_10\03-02-04-01-02-01-10.wav
03-02-04-01-02-02-10.wav,audio-only,song,sad,4,normal,Dogs are sitting by the door,2,10,female,C:\Users\rbk55\OneDrive\Documents\Project_CSE432-532\SER_Project\data\audio_song_actors\Actor_10\03-02-04-01-02-02-10.wav
03-02-04-02-01-01-10.wav,audio-only,song,sad,4,strong,Kids are talking by the door,1,10,female,C:\Users\rbk55\OneDrive\Documents\Project_CSE432-532\SER_Project\data\audio_song_actors\Actor_10\03-02-04-02-01-01-10.wav
03-02-04-02-01-02-10.wav,audio-only,song,sad,4,strong,Kids are talking by the door,2,10,female,C:\Users\rbk55\OneDrive\Documents\Project_CSE432-532\SER_Project\data\audio_song_actors\Actor_10\03-02-04-02-01-02-10.wav
03-02-04-02-02-01-10.wav,audio-only,song,sad,4,strong,Dogs are sitting by the door,1,10,female,C:\Users\rbk55\OneDrive\Documents\Project_CSE432-532\SER_Project\data\audio_song_actors\Actor_10\03-02-04-02-02-01-10.wav
03-02-04-02-02-02-10.wav,audio-only,song,sad,4,strong,Dogs are sitting by the door,2,10,female,C:\Users\rbk55\OneDrive\Documents\Project_CSE432-532\SER_Project\data\audio_song_actors\Actor_10\03-02-04-02-02-02-10.wav
03-02-05-01-01-01-10.wav,audio-only,song,angry,5,normal,Kids are talking by the door,1,10,female,C:\Users\rbk55\OneDrive\Documents\Project_CSE432-532\SER_Project\data\audio_song_actors\Actor_10\03-02-05-01-01-01-10.wav
03-02-05-01-01-02-10.wav,audio-only,song,angry,5,normal,Kids are talking by the door,2,10,female,C:\Users\rbk55\OneDrive\Documents\Project_CSE432-532\SER_Project\data\audio_song_actors\Actor_10\03-02-05-01-01-02-10.wav
03-02-05-01-02-01-10.wav,audio-only,song,angry,5,normal,Dogs are sitting by the door,1,10,female,C:\Users\rbk55\OneDrive\Documents\Project_CSE432-532\SER_Project\data\audio_song_actors\Actor_10\03-02-05-01-02-01-10.wav
03-02-05-01-02-02-10.wav,audio-only,song,angry,5,normal,Dogs are sitting by the door,2,10,female,C:\Users\rbk55\OneDrive\Documents\Project_CSE432-532\SER_Project\data\audio_song_actors\Actor_10\03-02-05-01-02-02-10.wav
03-02-05-02-01-01-10.wav,audio-only,song,angry,5,strong,Kids are talking by the door,1,10,female,C:\Users\rbk55\OneDrive\Documents\Project_CSE432-532\SER_Project\data\audio_song_actors\Actor_10\03-02-05-02-01-01-10.wav
03-02-05-02-01-02-10.wav,audio-only,song,angry,5,strong,Kids are talking by the door,2,10,female,C:\Users\rbk55\OneDrive\Documents\Project_CSE432-532\SER_Project\data\audio_song_actors\Actor_10\03-02-05-02-01-02-10.wav
03-02-05-02-02-01-10.wav,audio-only,song,angry,5,strong,Dogs are sitting by the door,1,10,female,C:\Users\rbk55\OneDrive\Documents\Project_CSE432-532\SER_Project\data\audio_song_actors\Actor_10\03-02-05-02-02-01-10.wav
03-02-05-02-02-02-10.wav,audio-only,song,angry,5,strong,Dogs are sitting by the door,2,10,female,C:\Users\rbk55\OneDrive\Documents\Project_CSE432-532\SER_Project\data\audio_song_actors\Actor_10\03-02-05-02-02-02-10.wav
03-02-06-01-01-01-10.wav,audio-only,song,fearful,6,normal,Kids are talking by the door,1,10,female,C:\Users\rbk55\OneDrive\Documents\Project_CSE432-532\SER_Project\data\audio_song_actors\Actor_10\03-02-06-01-01-01-10.wav
03-02-06-01-01-02-10.wav,audio-only,song,fearful,6,normal,Kids are talking by the door,2,10,female,C:\Users\rbk55\OneDrive\Documents\Project_CSE432-532\SER_Project\data\audio_song_actors\Actor_10\03-02-06-01-01-02-10.wav
03-02-06-01-02-01-10.wav,audio-only,song,fearful,6,normal,Dogs are sitting by the door,1,10,female,C:\Users\rbk55\OneDrive\Documents\Project_CSE432-532\SER_Project\data\audio_song_actors\Actor_10\03-02-06-01-02-01-10.wav
03-02-06-01-02-02-10.wav,audio-only,song,fearful,6,normal,Dogs are sitting by the door,2,10,female,C:\Users\rbk55\OneDrive\Documents\Project_CSE432-532\SER_Project\data\audio_song_actors\Actor_10\03-02-06-01-02-02-10.wav
03-02-06-02-01-01-10.wav,audio-only,song,fearful,6,strong,Kids are talking by the door,1,10,female,C:\Users\rbk55\OneDrive\Documents\Project_CSE432-532\SER_Project\data\audio_song_actors\Actor_10\03-02-06-02-01-01-10.wav
03-02-06-02-01-02-10.wav,audio-only,song,fearful,6,strong,Kids are talking by the door,2,10,female,C:\Users\rbk55\OneDrive\Documents\Project_CSE432-532\SER_Project\data\audio_song_actors\Actor_10\03-02-06-02-01-02-10.wav
03-02-06-02-02-01-10.wav,audio-only,song,fearful,6,strong,Dogs are sitting by the door,1,10,female,C:\Users\rbk55\OneDrive\Documents\Project_CSE432-532\SER_Project\data\audio_song_actors\Actor_10\03-02-06-02-02-01-10.wav
03-02-06-02-02-02-10.wav,audio-only,song,fearful,6,strong,Dogs are sitting by the door,2,10,female,C:\Users\rbk55\OneDrive\Documents\Project_CSE432-532\SER_Project\data\audio_song_actors\Actor_10\03-02-06-02-02-02-10.wav
03-02-01-01-01-01-11.wav,audio-only,song,neutral,1,normal,Kids are talking by the door,1,11,male,C:\Users\rbk55\OneDrive\Documents\Project_CSE432-532\SER_Project\data\audio_song_actors\Actor_11\03-02-01-01-01-01-11.wav
03-02-01-01-01-02-11.wav,audio-only,song,neutral,1,normal,Kids are talking by the door,2,11,male,C:\Users\rbk55\OneDrive\Documents\Project_CSE432-532\SER_Project\data\audio_song_actors\Actor_11\03-02-01-01-01-02-11.wav
03-02-01-01-02-01-11.wav,audio-only,song,neutral,1,normal,Dogs are sitting by the door,1,11,male,C:\Users\rbk55\OneDrive\Documents\Project_CSE432-532\SER_Project\data\audio_song_actors\Actor_11\03-02-01-01-02-01-11.wav
03-02-01-01-02-02-11.wav,audio-only,song,neutral,1,normal,Dogs are sitting by the door,2,11,male,C:\Users\rbk55\OneDrive\Documents\Project_CSE432-532\SER_Project\data\audio_song_actors\Actor_11\03-02-01-01-02-02-11.wav
03-02-02-01-01-01-11.wav,audio-only,song,calm,2,normal,Kids are talking by the door,1,11,male,C:\Users\rbk55\OneDrive\Documents\Project_CSE432-532\SER_Project\data\audio_song_actors\Actor_11\03-02-02-01-01-01-11.wav
03-02-02-01-01-02-11.wav,audio-only,song,calm,2,normal,Kids are talking by the door,2,11,male,C:\Users\rbk55\OneDrive\Documents\Project_CSE432-532\SER_Project\data\audio_song_actors\Actor_11\03-02-02-01-01-02-11.wav
03-02-02-01-02-01-11.wav,audio-only,song,calm,2,normal,Dogs are sitting by the door,1,11,male,C:\Users\rbk55\OneDrive\Documents\Project_CSE432-532\SER_Project\data\audio_song_actors\Actor_11\03-02-02-01-02-01-11.wav
03-02-02-01-02-02-11.wav,audio-only,song,calm,2,normal,Dogs are sitting by the door,2,11,male,C:\Users\rbk55\OneDrive\Documents\Project_CSE432-532\SER_Project\data\audio_song_actors\Actor_11\03-02-02-01-02-02-11.wav
03-02-02-02-01-01-11.wav,audio-only,song,calm,2,strong,Kids are talking by the door,1,11,male,C:\Users\rbk55\OneDrive\Documents\Project_CSE432-532\SER_Project\data\audio_song_actors\Actor_11\03-02-02-02-01-01-11.wav
03-02-02-02-01-02-11.wav,audio-only,song,calm,2,strong,Kids are talking by the door,2,11,male,C:\Users\rbk55\OneDrive\Documents\Project_CSE432-532\SER_Project\data\audio_song_actors\Actor_11\03-02-02-02-01-02-11.wav
03-02-02-02-02-01-11.wav,audio-only,song,calm,2,strong,Dogs are sitting by the door,1,11,male,C:\Users\rbk55\OneDrive\Documents\Project_CSE432-532\SER_Project\data\audio_song_actors\Actor_11\03-02-02-02-02-01-11.wav
03-02-02-02-02-02-11.wav,audio-only,song,calm,2,strong,Dogs are sitting by the door,2,11,male,C:\Users\rbk55\OneDrive\Documents\Project_CSE432-532\SER_Project\data\audio_song_actors\Actor_11\03-02-02-02-02-02-11.wav
03-02-03-01-01-01-11.wav,audio-only,song,happy,3,normal,Kids are talking by the door,1,11,male,C:\Users\rbk55\OneDrive\Documents\Project_CSE432-532\SER_Project\data\audio_song_actors\Actor_11\03-02-03-01-01-01-11.wav
03-02-03-01-01-02-11.wav,audio-only,song,happy,3,normal,Kids are talking by the door,2,11,male,C:\Users\rbk55\OneDrive\Documents\Project_CSE432-532\SER_Project\data\audio_song_actors\Actor_11\03-02-03-01-01-02-11.wav
03-02-03-01-02-01-11.wav,audio-only,song,happy,3,normal,Dogs are sitting by the door,1,11,male,C:\Users\rbk55\OneDrive\Documents\Project_CSE432-532\SER_Project\data\audio_song_actors\Actor_11\03-02-03-01-02-01-11.wav
03-02-03-01-02-02-11.wav,audio-only,song,happy,3,normal,Dogs are sitting by the door,2,11,male,C:\Users\rbk55\OneDrive\Documents\Project_CSE432-532\SER_Project\data\audio_song_actors\Actor_11\03-02-03-01-02-02-11.wav
03-02-03-02-01-01-11.wav,audio-only,song,happy,3,strong,Kids are talking by the door,1,11,male,C:\Users\rbk55\OneDrive\Documents\Project_CSE432-532\SER_Project\data\audio_song_actors\Actor_11\03-02-03-02-01-01-11.wav
03-02-03-02-01-02-11.wav,audio-only,song,happy,3,strong,Kids are talking by the door,2,11,male,C:\Users\rbk55\OneDrive\Documents\Project_CSE432-532\SER_Project\data\audio_song_actors\Actor_11\03-02-03-02-01-02-11.wav
03-02-03-02-02-01-11.wav,audio-only,song,happy,3,strong,Dogs are sitting by the door,1,11,male,C:\Users\rbk55\OneDrive\Documents\Project_CSE432-532\SER_Project\data\audio_song_actors\Actor_11\03-02-03-02-02-01-11.wav
03-02-03-02-02-02-11.wav,audio-only,song,happy,3,strong,Dogs are sitting by the door,2,11,male,C:\Users\rbk55\OneDrive\Documents\Project_CSE432-532\SER_Project\data\audio_song_actors\Actor_11\03-02-03-02-02-02-11.wav
03-02-04-01-01-01-11.wav,audio-only,song,sad,4,normal,Kids are talking by the door,1,11,male,C:\Users\rbk55\OneDrive\Documents\Project_CSE432-532\SER_Project\data\audio_song_actors\Actor_11\03-02-04-01-01-01-11.wav
03-02-04-01-01-02-11.wav,audio-only,song,sad,4,normal,Kids are talking by the door,2,11,male,C:\Users\rbk55\OneDrive\Documents\Project_CSE432-532\SER_Project\data\audio_song_actors\Actor_11\03-02-04-01-01-02-11.wav
03-02-04-01-02-01-11.wav,audio-only,song,sad,4,normal,Dogs are sitting by the door,1,11,male,C:\Users\rbk55\OneDrive\Documents\Project_CSE432-532\SER_Project\data\audio_song_actors\Actor_11\03-02-04-01-02-01-11.wav
03-02-04-01-02-02-11.wav,audio-only,song,sad,4,normal,Dogs are sitting by the door,2,11,male,C:\Users\rbk55\OneDrive\Documents\Project_CSE432-532\SER_Project\data\audio_song_actors\Actor_11\03-02-04-01-02-02-11.wav
03-02-04-02-01-01-11.wav,audio-only,song,sad,4,strong,Kids are talking by the door,1,11,male,C:\Users\rbk55\OneDrive\Documents\Project_CSE432-532\SER_Project\data\audio_song_actors\Actor_11\03-02-04-02-01-01-11.wav
03-02-04-02-01-02-11.wav,audio-only,song,sad,4,strong,Kids are talking by the door,2,11,male,C:\Users\rbk55\OneDrive\Documents\Project_CSE432-532\SER_Project\data\audio_song_actors\Actor_11\03-02-04-02-01-02-11.wav
03-02-04-02-02-01-11.wav,audio-only,song,sad,4,strong,Dogs are sitting by the door,1,11,male,C:\Users\rbk55\OneDrive\Documents\Project_CSE432-532\SER_Project\data\audio_song_actors\Actor_11\03-02-04-02-02-01-11.wav
03-02-04-02-02-02-11.wav,audio-only,song,sad,4,strong,Dogs are sitting by the door,2,11,male,C:\Users\rbk55\OneDrive\Documents\Project_CSE432-532\SER_Project\data\audio_song_actors\Actor_11\03-02-04-02-02-02-11.wav
03-02-05-01-01-01-11.wav,audio-only,song,angry,5,normal,Kids are talking by the door,1,11,male,C:\Users\rbk55\OneDrive\Documents\Project_CSE432-532\SER_Project\data\audio_song_actors\Actor_11\03-02-05-01-01-01-11.wav
03-02-05-01-01-02-11.wav,audio-only,song,angry,5,normal,Kids are talking by the door,2,11,male,C:\Users\rbk55\OneDrive\Documents\Project_CSE432-532\SER_Project\data\audio_song_actors\Actor_11\03-02-05-01-01-02-11.wav
03-02-05-01-02-01-11.wav,audio-only,song,angry,5,normal,Dogs are sitting by the door,1,11,male,C:\Users\rbk55\OneDrive\Documents\Project_CSE432-532\SER_Project\data\audio_song_actors\Actor_11\03-02-05-01-02-01-11.wav
03-02-05-01-02-02-11.wav,audio-only,song,angry,5,normal,Dogs are sitting by the door,2,11,male,C:\Users\rbk55\OneDrive\Documents\Project_CSE432-532\SER_Project\data\audio_song_actors\Actor_11\03-02-05-01-02-02-11.wav
03-02-05-02-01-01-11.wav,audio-only,song,angry,5,strong,Kids are talking by the door,1,11,male,C:\Users\rbk55\OneDrive\Documents\Project_CSE432-532\SER_Project\data\audio_song_actors\Actor_11\03-02-05-02-01-01-11.wav
03-02-05-02-01-02-11.wav,audio-only,song,angry,5,strong,Kids are talking by the door,2,11,male,C:\Users\rbk55\OneDrive\Documents\Project_CSE432-532\SER_Project\data\audio_song_actors\Actor_11\03-02-05-02-01-02-11.wav
03-02-05-02-02-01-11.wav,audio-only,song,angry,5,strong,Dogs are sitting by the door,1,11,male,C:\Users\rbk55\OneDrive\Documents\Project_CSE432-532\SER_Project\data\audio_song_actors\Actor_11\03-02-05-02-02-01-11.wav
03-02-05-02-02-02-11.wav,audio-only,song,angry,5,strong,Dogs are sitting by the door,2,11,male,C:\Users\rbk55\OneDrive\Documents\Project_CSE432-532\SER_Project\data\audio_song_actors\Actor_11\03-02-05-02-02-02-11.wav
03-02-06-01-01-01-11.wav,audio-only,song,fearful,6,normal,Kids are talking by the door,1,11,male,C:\Users\rbk55\OneDrive\Documents\Project_CSE432-532\SER_Project\data\audio_song_actors\Actor_11\03-02-06-01-01-01-11.wav
03-02-06-01-01-02-11.wav,audio-only,song,fearful,6,normal,Kids are talking by the door,2,11,male,C:\Users\rbk55\OneDrive\Documents\Project_CSE432-532\SER_Project\data\audio_song_actors\Actor_11\03-02-06-01-01-02-11.wav
03-02-06-01-02-01-11.wav,audio-only,song,fearful,6,normal,Dogs are sitting by the door,1,11,male,C:\Users\rbk55\OneDrive\Documents\Project_CSE432-532\SER_Project\data\audio_song_actors\Actor_11\03-02-06-01-02-01-11.wav
03-02-06-01-02-02-11.wav,audio-only,song,fearful,6,normal,Dogs are sitting by the door,2,11,male,C:\Users\rbk55\OneDrive\Documents\Project_CSE432-532\SER_Project\data\audio_song_actors\Actor_11\03-02-06-01-02-02-11.wav
03-02-06-02-01-01-11.wav,audio-only,song,fearful,6,strong,Kids are talking by the door,1,11,male,C:\Users\rbk55\OneDrive\Documents\Project_CSE432-532\SER_Project\data\audio_song_actors\Actor_11\03-02-06-02-01-01-11.wav
03-02-06-02-01-02-11.wav,audio-only,song,fearful,6,strong,Kids are talking by the door,2,11,male,C:\Users\rbk55\OneDrive\Documents\Project_CSE432-532\SER_Project\data\audio_song_actors\Actor_11\03-02-06-02-01-02-11.wav
03-02-06-02-02-01-11.wav,audio-only,song,fearful,6,strong,Dogs are sitting by the door,1,11,male,C:\Users\rbk55\OneDrive\Documents\Project_CSE432-532\SER_Project\data\audio_song_actors\Actor_11\03-02-06-02-02-01-11.wav
03-02-06-02-02-02-11.wav,audio-only,song,fearful,6,strong,Dogs are sitting by the door,2,11,male,C:\Users\rbk55\OneDrive\Documents\Project_CSE432-532\SER_Project\data\audio_song_actors\Actor_11\03-02-06-02-02-02-11.wav
03-02-01-01-01-01-12.wav,audio-only,song,neutral,1,normal,Kids are talking by the door,1,12,female,C:\Users\rbk55\OneDrive\Documents\Project_CSE432-532\SER_Project\data\audio_song_actors\Actor_12\03-02-01-01-01-01-12.wav
03-02-01-01-01-02-12.wav,audio-only,song,neutral,1,normal,Kids are talking by the door,2,12,female,C:\Users\rbk55\OneDrive\Documents\Project_CSE432-532\SER_Project\data\audio_song_actors\Actor_12\03-02-01-01-01-02-12.wav
03-02-01-01-02-01-12.wav,audio-only,song,neutral,1,normal,Dogs are sitting by the door,1,12,female,C:\Users\rbk55\OneDrive\Documents\Project_CSE432-532\SER_Project\data\audio_song_actors\Actor_12\03-02-01-01-02-01-12.wav
03-02-01-01-02-02-12.wav,audio-only,song,neutral,1,normal,Dogs are sitting by the door,2,12,female,C:\Users\rbk55\OneDrive\Documents\Project_CSE432-532\SER_Project\data\audio_song_actors\Actor_12\03-02-01-01-02-02-12.wav
03-02-02-01-01-01-12.wav,audio-only,song,calm,2,normal,Kids are talking by the door,1,12,female,C:\Users\rbk55\OneDrive\Documents\Project_CSE432-532\SER_Project\data\audio_song_actors\Actor_12\03-02-02-01-01-01-12.wav
03-02-02-01-01-02-12.wav,audio-only,song,calm,2,normal,Kids are talking by the door,2,12,female,C:\Users\rbk55\OneDrive\Documents\Project_CSE432-532\SER_Project\data\audio_song_actors\Actor_12\03-02-02-01-01-02-12.wav
03-02-02-01-02-01-12.wav,audio-only,song,calm,2,normal,Dogs are sitting by the door,1,12,female,C:\Users\rbk55\OneDrive\Documents\Project_CSE432-532\SER_Project\data\audio_song_actors\Actor_12\03-02-02-01-02-01-12.wav
03-02-02-01-02-02-12.wav,audio-only,song,calm,2,normal,Dogs are sitting by the door,2,12,female,C:\Users\rbk55\OneDrive\Documents\Project_CSE432-532\SER_Project\data\audio_song_actors\Actor_12\03-02-02-01-02-02-12.wav
03-02-02-02-01-01-12.wav,audio-only,song,calm,2,strong,Kids are talking by the door,1,12,female,C:\Users\rbk55\OneDrive\Documents\Project_CSE432-532\SER_Project\data\audio_song_actors\Actor_12\03-02-02-02-01-01-12.wav
03-02-02-02-01-02-12.wav,audio-only,song,calm,2,strong,Kids are talking by the door,2,12,female,C:\Users\rbk55\OneDrive\Documents\Project_CSE432-532\SER_Project\data\audio_song_actors\Actor_12\03-02-02-02-01-02-12.wav
03-02-02-02-02-01-12.wav,audio-only,song,calm,2,strong,Dogs are sitting by the door,1,12,female,C:\Users\rbk55\OneDrive\Documents\Project_CSE432-532\SER_Project\data\audio_song_actors\Actor_12\03-02-02-02-02-01-12.wav
03-02-02-02-02-02-12.wav,audio-only,song,calm,2,strong,Dogs are sitting by the door,2,12,female,C:\Users\rbk55\OneDrive\Documents\Project_CSE432-532\SER_Project\data\audio_song_actors\Actor_12\03-02-02-02-02-02-12.wav
03-02-03-01-01-01-12.wav,audio-only,song,happy,3,normal,Kids are talking by the door,1,12,female,C:\Users\rbk55\OneDrive\Documents\Project_CSE432-532\SER_Project\data\audio_song_actors\Actor_12\03-02-03-01-01-01-12.wav
03-02-03-01-01-02-12.wav,audio-only,song,happy,3,normal,Kids are talking by the door,2,12,female,C:\Users\rbk55\OneDrive\Documents\Project_CSE432-532\SER_Project\data\audio_song_actors\Actor_12\03-02-03-01-01-02-12.wav
03-02-03-01-02-01-12.wav,audio-only,song,happy,3,normal,Dogs are sitting by the door,1,12,female,C:\Users\rbk55\OneDrive\Documents\Project_CSE432-532\SER_Project\data\audio_song_actors\Actor_12\03-02-03-01-02-01-12.wav
03-02-03-01-02-02-12.wav,audio-only,song,happy,3,normal,Dogs are sitting by the door,2,12,female,C:\Users\rbk55\OneDrive\Documents\Project_CSE432-532\SER_Project\data\audio_song_actors\Actor_12\03-02-03-01-02-02-12.wav
03-02-03-02-01-01-12.wav,audio-only,song,happy,3,strong,Kids are talking by the door,1,12,female,C:\Users\rbk55\OneDrive\Documents\Project_CSE432-532\SER_Project\data\audio_song_actors\Actor_12\03-02-03-02-01-01-12.wav
03-02-03-02-01-02-12.wav,audio-only,song,happy,3,strong,Kids are talking by the door,2,12,female,C:\Users\rbk55\OneDrive\Documents\Project_CSE432-532\SER_Project\data\audio_song_actors\Actor_12\03-02-03-02-01-02-12.wav
03-02-03-02-02-01-12.wav,audio-only,song,happy,3,strong,Dogs are sitting by the door,1,12,female,C:\Users\rbk55\OneDrive\Documents\Project_CSE432-532\SER_Project\data\audio_song_actors\Actor_12\03-02-03-02-02-01-12.wav
03-02-03-02-02-02-12.wav,audio-only,song,happy,3,strong,Dogs are sitting by the door,2,12,female,C:\Users\rbk55\OneDrive\Documents\Project_CSE432-532\SER_Project\data\audio_song_actors\Actor_12\03-02-03-02-02-02-12.wav
03-02-04-01-01-01-12.wav,audio-only,song,sad,4,normal,Kids are talking by the door,1,12,female,C:\Users\rbk55\OneDrive\Documents\Project_CSE432-532\SER_Project\data\audio_song_actors\Actor_12\03-02-04-01-01-01-12.wav
03-02-04-01-01-02-12.wav,audio-only,song,sad,4,normal,Kids are talking by the door,2,12,female,C:\Users\rbk55\OneDrive\Documents\Project_CSE432-532\SER_Project\data\audio_song_actors\Actor_12\03-02-04-01-01-02-12.wav
03-02-04-01-02-01-12.wav,audio-only,song,sad,4,normal,Dogs are sitting by the door,1,12,female,C:\Users\rbk55\OneDrive\Documents\Project_CSE432-532\SER_Project\data\audio_song_actors\Actor_12\03-02-04-01-02-01-12.wav
03-02-04-01-02-02-12.wav,audio-only,song,sad,4,normal,Dogs are sitting by the door,2,12,female,C:\Users\rbk55\OneDrive\Documents\Project_CSE432-532\SER_Project\data\audio_song_actors\Actor_12\03-02-04-01-02-02-12.wav
03-02-04-02-01-01-12.wav,audio-only,song,sad,4,strong,Kids are talking by the door,1,12,female,C:\Users\rbk55\OneDrive\Documents\Project_CSE432-532\SER_Project\data\audio_song_actors\Actor_12\03-02-04-02-01-01-12.wav
03-02-04-02-01-02-12.wav,audio-only,song,sad,4,strong,Kids are talking by the door,2,12,female,C:\Users\rbk55\OneDrive\Documents\Project_CSE432-532\SER_Project\data\audio_song_actors\Actor_12\03-02-04-02-01-02-12.wav
03-02-04-02-02-01-12.wav,audio-only,song,sad,4,strong,Dogs are sitting by the door,1,12,female,C:\Users\rbk55\OneDrive\Documents\Project_CSE432-532\SER_Project\data\audio_song_actors\Actor_12\03-02-04-02-02-01-12.wav
03-02-04-02-02-02-12.wav,audio-only,song,sad,4,strong,Dogs are sitting by the door,2,12,female,C:\Users\rbk55\OneDrive\Documents\Project_CSE432-532\SER_Project\data\audio_song_actors\Actor_12\03-02-04-02-02-02-12.wav
03-02-05-01-01-01-12.wav,audio-only,song,angry,5,normal,Kids are talking by the door,1,12,female,C:\Users\rbk55\OneDrive\Documents\Project_CSE432-532\SER_Project\data\audio_song_actors\Actor_12\03-02-05-01-01-01-12.wav
03-02-05-01-01-02-12.wav,audio-only,song,angry,5,normal,Kids are talking by the door,2,12,female,C:\Users\rbk55\OneDrive\Documents\Project_CSE432-532\SER_Project\data\audio_song_actors\Actor_12\03-02-05-01-01-02-12.wav
03-02-05-01-02-01-12.wav,audio-only,song,angry,5,normal,Dogs are sitting by the door,1,12,female,C:\Users\rbk55\OneDrive\Documents\Project_CSE432-532\SER_Project\data\audio_song_actors\Actor_12\03-02-05-01-02-01-12.wav
03-02-05-01-02-02-12.wav,audio-only,song,angry,5,normal,Dogs are sitting by the door,2,12,female,C:\Users\rbk55\OneDrive\Documents\Project_CSE432-532\SER_Project\data\audio_song_actors\Actor_12\03-02-05-01-02-02-12.wav
03-02-05-02-01-01-12.wav,audio-only,song,angry,5,strong,Kids are talking by the door,1,12,female,C:\Users\rbk55\OneDrive\Documents\Project_CSE432-532\SER_Project\data\audio_song_actors\Actor_12\03-02-05-02-01-01-12.wav
03-02-05-02-01-02-12.wav,audio-only,song,angry,5,strong,Kids are talking by the door,2,12,female,C:\Users\rbk55\OneDrive\Documents\Project_CSE432-532\SER_Project\data\audio_song_actors\Actor_12\03-02-05-02-01-02-12.wav
03-02-05-02-02-01-12.wav,audio-only,song,angry,5,strong,Dogs are sitting by the door,1,12,female,C:\Users\rbk55\OneDrive\Documents\Project_CSE432-532\SER_Project\data\audio_song_actors\Actor_12\03-02-05-02-02-01-12.wav
03-02-05-02-02-02-12.wav,audio-only,song,angry,5,strong,Dogs are sitting by the door,2,12,female,C:\Users\rbk55\OneDrive\Documents\Project_CSE432-532\SER_Project\data\audio_song_actors\Actor_12\03-02-05-02-02-02-12.wav
03-02-06-01-01-01-12.wav,audio-only,song,fearful,6,normal,Kids are talking by the door,1,12,female,C:\Users\rbk55\OneDrive\Documents\Project_CSE432-532\SER_Project\data\audio_song_actors\Actor_12\03-02-06-01-01-01-12.wav
03-02-06-01-01-02-12.wav,audio-only,song,fearful,6,normal,Kids are talking by the door,2,12,female,C:\Users\rbk55\OneDrive\Documents\Project_CSE432-532\SER_Project\data\audio_song_actors\Actor_12\03-02-06-01-01-02-12.wav
03-02-06-01-02-01-12.wav,audio-only,song,fearful,6,normal,Dogs are sitting by the door,1,12,female,C:\Users\rbk55\OneDrive\Documents\Project_CSE432-532\SER_Project\data\audio_song_actors\Actor_12\03-02-06-01-02-01-12.wav
03-02-06-01-02-02-12.wav,audio-only,song,fearful,6,normal,Dogs are sitting by the door,2,12,female,C:\Users\rbk55\OneDrive\Documents\Project_CSE432-532\SER_Project\data\audio_song_actors\Actor_12\03-02-06-01-02-02-12.wav
03-02-06-02-01-01-12.wav,audio-only,song,fearful,6,strong,Kids are talking by the door,1,12,female,C:\Users\rbk55\OneDrive\Documents\Project_CSE432-532\SER_Project\data\audio_song_actors\Actor_12\03-02-06-02-01-01-12.wav
03-02-06-02-01-02-12.wav,audio-only,song,fearful,6,strong,Kids are talking by the door,2,12,female,C:\Users\rbk55\OneDrive\Documents\Project_CSE432-532\SER_Project\data\audio_song_actors\Actor_12\03-02-06-02-01-02-12.wav
03-02-06-02-02-01-12.wav,audio-only,song,fearful,6,strong,Dogs are sitting by the door,1,12,female,C:\Users\rbk55\OneDrive\Documents\Project_CSE432-532\SER_Project\data\audio_song_actors\Actor_12\03-02-06-02-02-01-12.wav
03-02-06-02-02-02-12.wav,audio-only,song,fearful,6,strong,Dogs are sitting by the door,2,12,female,C:\Users\rbk55\OneDrive\Documents\Project_CSE432-532\SER_Project\data\audio_song_actors\Actor_12\03-02-06-02-02-02-12.wav
03-02-01-01-01-01-13.wav,audio-only,song,neutral,1,normal,Kids are talking by the door,1,13,male,C:\Users\rbk55\OneDrive\Documents\Project_CSE432-532\SER_Project\data\audio_song_actors\Actor_13\03-02-01-01-01-01-13.wav
03-02-01-01-01-02-13.wav,audio-only,song,neutral,1,normal,Kids are talking by the door,2,13,male,C:\Users\rbk55\OneDrive\Documents\Project_CSE432-532\SER_Project\data\audio_song_actors\Actor_13\03-02-01-01-01-02-13.wav
03-02-01-01-02-01-13.wav,audio-only,song,neutral,1,normal,Dogs are sitting by the door,1,13,male,C:\Users\rbk55\OneDrive\Documents\Project_CSE432-532\SER_Project\data\audio_song_actors\Actor_13\03-02-01-01-02-01-13.wav
03-02-01-01-02-02-13.wav,audio-only,song,neutral,1,normal,Dogs are sitting by the door,2,13,male,C:\Users\rbk55\OneDrive\Documents\Project_CSE432-532\SER_Project\data\audio_song_actors\Actor_13\03-02-01-01-02-02-13.wav
03-02-02-01-01-01-13.wav,audio-only,song,calm,2,normal,Kids are talking by the door,1,13,male,C:\Users\rbk55\OneDrive\Documents\Project_CSE432-532\SER_Project\data\audio_song_actors\Actor_13\03-02-02-01-01-01-13.wav
03-02-02-01-01-02-13.wav,audio-only,song,calm,2,normal,Kids are talking by the door,2,13,male,C:\Users\rbk55\OneDrive\Documents\Project_CSE432-532\SER_Project\data\audio_song_actors\Actor_13\03-02-02-01-01-02-13.wav
03-02-02-01-02-01-13.wav,audio-only,song,calm,2,normal,Dogs are sitting by the door,1,13,male,C:\Users\rbk55\OneDrive\Documents\Project_CSE432-532\SER_Project\data\audio_song_actors\Actor_13\03-02-02-01-02-01-13.wav
03-02-02-01-02-02-13.wav,audio-only,song,calm,2,normal,Dogs are sitting by the door,2,13,male,C:\Users\rbk55\OneDrive\Documents\Project_CSE432-532\SER_Project\data\audio_song_actors\Actor_13\03-02-02-01-02-02-13.wav
03-02-02-02-01-01-13.wav,audio-only,song,calm,2,strong,Kids are talking by the door,1,13,male,C:\Users\rbk55\OneDrive\Documents\Project_CSE432-532\SER_Project\data\audio_song_actors\Actor_13\03-02-02-02-01-01-13.wav
03-02-02-02-01-02-13.wav,audio-only,song,calm,2,strong,Kids are talking by the door,2,13,male,C:\Users\rbk55\OneDrive\Documents\Project_CSE432-532\SER_Project\data\audio_song_actors\Actor_13\03-02-02-02-01-02-13.wav
03-02-02-02-02-01-13.wav,audio-only,song,calm,2,strong,Dogs are sitting by the door,1,13,male,C:\Users\rbk55\OneDrive\Documents\Project_CSE432-532\SER_Project\data\audio_song_actors\Actor_13\03-02-02-02-02-01-13.wav
03-02-02-02-02-02-13.wav,audio-only,song,calm,2,strong,Dogs are sitting by the door,2,13,male,C:\Users\rbk55\OneDrive\Documents\Project_CSE432-532\SER_Project\data\audio_song_actors\Actor_13\03-02-02-02-02-02-13.wav
03-02-03-01-01-01-13.wav,audio-only,song,happy,3,normal,Kids are talking by the door,1,13,male,C:\Users\rbk55\OneDrive\Documents\Project_CSE432-532\SER_Project\data\audio_song_actors\Actor_13\03-02-03-01-01-01-13.wav
03-02-03-01-01-02-13.wav,audio-only,song,happy,3,normal,Kids are talking by the door,2,13,male,C:\Users\rbk55\OneDrive\Documents\Project_CSE432-532\SER_Project\data\audio_song_actors\Actor_13\03-02-03-01-01-02-13.wav
03-02-03-01-02-01-13.wav,audio-only,song,happy,3,normal,Dogs are sitting by the door,1,13,male,C:\Users\rbk55\OneDrive\Documents\Project_CSE432-532\SER_Project\data\audio_song_actors\Actor_13\03-02-03-01-02-01-13.wav
03-02-03-01-02-02-13.wav,audio-only,song,happy,3,normal,Dogs are sitting by the door,2,13,male,C:\Users\rbk55\OneDrive\Documents\Project_CSE432-532\SER_Project\data\audio_song_actors\Actor_13\03-02-03-01-02-02-13.wav
03-02-03-02-01-01-13.wav,audio-only,song,happy,3,strong,Kids are talking by the door,1,13,male,C:\Users\rbk55\OneDrive\Documents\Project_CSE432-532\SER_Project\data\audio_song_actors\Actor_13\03-02-03-02-01-01-13.wav
03-02-03-02-01-02-13.wav,audio-only,song,happy,3,strong,Kids are talking by the door,2,13,male,C:\Users\rbk55\OneDrive\Documents\Project_CSE432-532\SER_Project\data\audio_song_actors\Actor_13\03-02-03-02-01-02-13.wav
03-02-03-02-02-01-13.wav,audio-only,song,happy,3,strong,Dogs are sitting by the door,1,13,male,C:\Users\rbk55\OneDrive\Documents\Project_CSE432-532\SER_Project\data\audio_song_actors\Actor_13\03-02-03-02-02-01-13.wav
03-02-03-02-02-02-13.wav,audio-only,song,happy,3,strong,Dogs are sitting by the door,2,13,male,C:\Users\rbk55\OneDrive\Documents\Project_CSE432-532\SER_Project\data\audio_song_actors\Actor_13\03-02-03-02-02-02-13.wav
03-02-04-01-01-01-13.wav,audio-only,song,sad,4,normal,Kids are talking by the door,1,13,male,C:\Users\rbk55\OneDrive\Documents\Project_CSE432-532\SER_Project\data\audio_song_actors\Actor_13\03-02-04-01-01-01-13.wav
03-02-04-01-01-02-13.wav,audio-only,song,sad,4,normal,Kids are talking by the door,2,13,male,C:\Users\rbk55\OneDrive\Documents\Project_CSE432-532\SER_Project\data\audio_song_actors\Actor_13\03-02-04-01-01-02-13.wav
03-02-04-01-02-01-13.wav,audio-only,song,sad,4,normal,Dogs are sitting by the door,1,13,male,C:\Users\rbk55\OneDrive\Documents\Project_CSE432-532\SER_Project\data\audio_song_actors\Actor_13\03-02-04-01-02-01-13.wav
03-02-04-01-02-02-13.wav,audio-only,song,sad,4,normal,Dogs are sitting by the door,2,13,male,C:\Users\rbk55\OneDrive\Documents\Project_CSE432-532\SER_Project\data\audio_song_actors\Actor_13\03-02-04-01-02-02-13.wav
03-02-04-02-01-01-13.wav,audio-only,song,sad,4,strong,Kids are talking by the door,1,13,male,C:\Users\rbk55\OneDrive\Documents\Project_CSE432-532\SER_Project\data\audio_song_actors\Actor_13\03-02-04-02-01-01-13.wav
03-02-04-02-01-02-13.wav,audio-only,song,sad,4,strong,Kids are talking by the door,2,13,male,C:\Users\rbk55\OneDrive\Documents\Project_CSE432-532\SER_Project\data\audio_song_actors\Actor_13\03-02-04-02-01-02-13.wav
03-02-04-02-02-01-13.wav,audio-only,song,sad,4,strong,Dogs are sitting by the door,1,13,male,C:\Users\rbk55\OneDrive\Documents\Project_CSE432-532\SER_Project\data\audio_song_actors\Actor_13\03-02-04-02-02-01-13.wav
03-02-04-02-02-02-13.wav,audio-only,song,sad,4,strong,Dogs are sitting by the door,2,13,male,C:\Users\rbk55\OneDrive\Documents\Project_CSE432-532\SER_Project\data\audio_song_actors\Actor_13\03-02-04-02-02-02-13.wav
03-02-05-01-01-01-13.wav,audio-only,song,angry,5,normal,Kids are talking by the door,1,13,male,C:\Users\rbk55\OneDrive\Documents\Project_CSE432-532\SER_Project\data\audio_song_actors\Actor_13\03-02-05-01-01-01-13.wav
03-02-05-01-01-02-13.wav,audio-only,song,angry,5,normal,Kids are talking by the door,2,13,male,C:\Users\rbk55\OneDrive\Documents\Project_CSE432-532\SER_Project\data\audio_song_actors\Actor_13\03-02-05-01-01-02-13.wav
03-02-05-01-02-01-13.wav,audio-only,song,angry,5,normal,Dogs are sitting by the door,1,13,male,C:\Users\rbk55\OneDrive\Documents\Project_CSE432-532\SER_Project\data\audio_song_actors\Actor_13\03-02-05-01-02-01-13.wav
03-02-05-01-02-02-13.wav,audio-only,song,angry,5,normal,Dogs are sitting by the door,2,13,male,C:\Users\rbk55\OneDrive\Documents\Project_CSE432-532\SER_Project\data\audio_song_actors\Actor_13\03-02-05-01-02-02-13.wav
03-02-05-02-01-01-13.wav,audio-only,song,angry,5,strong,Kids are talking by the door,1,13,male,C:\Users\rbk55\OneDrive\Documents\Project_CSE432-532\SER_Project\data\audio_song_actors\Actor_13\03-02-05-02-01-01-13.wav
03-02-05-02-01-02-13.wav,audio-only,song,angry,5,strong,Kids are talking by the door,2,13,male,C:\Users\rbk55\OneDrive\Documents\Project_CSE432-532\SER_Project\data\audio_song_actors\Actor_13\03-02-05-02-01-02-13.wav
03-02-05-02-02-01-13.wav,audio-only,song,angry,5,strong,Dogs are sitting by the door,1,13,male,C:\Users\rbk55\OneDrive\Documents\Project_CSE432-532\SER_Project\data\audio_song_actors\Actor_13\03-02-05-02-02-01-13.wav
03-02-05-02-02-02-13.wav,audio-only,song,angry,5,strong,Dogs are sitting by the door,2,13,male,C:\Users\rbk55\OneDrive\Documents\Project_CSE432-532\SER_Project\data\audio_song_actors\Actor_13\03-02-05-02-02-02-13.wav
03-02-06-01-01-01-13.wav,audio-only,song,fearful,6,normal,Kids are talking by the door,1,13,male,C:\Users\rbk55\OneDrive\Documents\Project_CSE432-532\SER_Project\data\audio_song_actors\Actor_13\03-02-06-01-01-01-13.wav
03-02-06-01-01-02-13.wav,audio-only,song,fearful,6,normal,Kids are talking by the door,2,13,male,C:\Users\rbk55\OneDrive\Documents\Project_CSE432-532\SER_Project\data\audio_song_actors\Actor_13\03-02-06-01-01-02-13.wav
03-02-06-01-02-01-13.wav,audio-only,song,fearful,6,normal,Dogs are sitting by the door,1,13,male,C:\Users\rbk55\OneDrive\Documents\Project_CSE432-532\SER_Project\data\audio_song_actors\Actor_13\03-02-06-01-02-01-13.wav
03-02-06-01-02-02-13.wav,audio-only,song,fearful,6,normal,Dogs are sitting by the door,2,13,male,C:\Users\rbk55\OneDrive\Documents\Project_CSE432-532\SER_Project\data\audio_song_actors\Actor_13\03-02-06-01-02-02-13.wav
03-02-06-02-01-01-13.wav,audio-only,song,fearful,6,strong,Kids are talking by the door,1,13,male,C:\Users\rbk55\OneDrive\Documents\Project_CSE432-532\SER_Project\data\audio_song_actors\Actor_13\03-02-06-02-01-01-13.wav
03-02-06-02-01-02-13.wav,audio-only,song,fearful,6,strong,Kids are talking by the door,2,13,male,C:\Users\rbk55\OneDrive\Documents\Project_CSE432-532\SER_Project\data\audio_song_actors\Actor_13\03-02-06-02-01-02-13.wav
03-02-06-02-02-01-13.wav,audio-only,song,fearful,6,strong,Dogs are sitting by the door,1,13,male,C:\Users\rbk55\OneDrive\Documents\Project_CSE432-532\SER_Project\data\audio_song_actors\Actor_13\03-02-06-02-02-01-13.wav
03-02-06-02-02-02-13.wav,audio-only,song,fearful,6,strong,Dogs are sitting by the door,2,13,male,C:\Users\rbk55\OneDrive\Documents\Project_CSE432-532\SER_Project\data\audio_song_actors\Actor_13\03-02-06-02-02-02-13.wav
03-02-01-01-01-01-14.wav,audio-only,song,neutral,1,normal,Kids are talking by the door,1,14,female,C:\Users\rbk55\OneDrive\Documents\Project_CSE432-532\SER_Project\data\audio_song_actors\Actor_14\03-02-01-01-01-01-14.wav
03-02-01-01-01-02-14.wav,audio-only,song,neutral,1,normal,Kids are talking by the door,2,14,female,C:\Users\rbk55\OneDrive\Documents\Project_CSE432-532\SER_Project\data\audio_song_actors\Actor_14\03-02-01-01-01-02-14.wav
03-02-01-01-02-01-14.wav,audio-only,song,neutral,1,normal,Dogs are sitting by the door,1,14,female,C:\Users\rbk55\OneDrive\Documents\Project_CSE432-532\SER_Project\data\audio_song_actors\Actor_14\03-02-01-01-02-01-14.wav
03-02-01-01-02-02-14.wav,audio-only,song,neutral,1,normal,Dogs are sitting by the door,2,14,female,C:\Users\rbk55\OneDrive\Documents\Project_CSE432-532\SER_Project\data\audio_song_actors\Actor_14\03-02-01-01-02-02-14.wav
03-02-02-01-01-01-14.wav,audio-only,song,calm,2,normal,Kids are talking by the door,1,14,female,C:\Users\rbk55\OneDrive\Documents\Project_CSE432-532\SER_Project\data\audio_song_actors\Actor_14\03-02-02-01-01-01-14.wav
03-02-02-01-01-02-14.wav,audio-only,song,calm,2,normal,Kids are talking by the door,2,14,female,C:\Users\rbk55\OneDrive\Documents\Project_CSE432-532\SER_Project\data\audio_song_actors\Actor_14\03-02-02-01-01-02-14.wav
03-02-02-01-02-01-14.wav,audio-only,song,calm,2,normal,Dogs are sitting by the door,1,14,female,C:\Users\rbk55\OneDrive\Documents\Project_CSE432-532\SER_Project\data\audio_song_actors\Actor_14\03-02-02-01-02-01-14.wav
03-02-02-01-02-02-14.wav,audio-only,song,calm,2,normal,Dogs are sitting by the door,2,14,female,C:\Users\rbk55\OneDrive\Documents\Project_CSE432-532\SER_Project\data\audio_song_actors\Actor_14\03-02-02-01-02-02-14.wav
03-02-02-02-01-01-14.wav,audio-only,song,calm,2,strong,Kids are talking by the door,1,14,female,C:\Users\rbk55\OneDrive\Documents\Project_CSE432-532\SER_Project\data\audio_song_actors\Actor_14\03-02-02-02-01-01-14.wav
03-02-02-02-01-02-14.wav,audio-only,song,calm,2,strong,Kids are talking by the door,2,14,female,C:\Users\rbk55\OneDrive\Documents\Project_CSE432-532\SER_Project\data\audio_song_actors\Actor_14\03-02-02-02-01-02-14.wav
03-02-02-02-02-01-14.wav,audio-only,song,calm,2,strong,Dogs are sitting by the door,1,14,female,C:\Users\rbk55\OneDrive\Documents\Project_CSE432-532\SER_Project\data\audio_song_actors\Actor_14\03-02-02-02-02-01-14.wav
03-02-02-02-02-02-14.wav,audio-only,song,calm,2,strong,Dogs are sitting by the door,2,14,female,C:\Users\rbk55\OneDrive\Documents\Project_CSE432-532\SER_Project\data\audio_song_actors\Actor_14\03-02-02-02-02-02-14.wav
03-02-03-01-01-01-14.wav,audio-only,song,happy,3,normal,Kids are talking by the door,1,14,female,C:\Users\rbk55\OneDrive\Documents\Project_CSE432-532\SER_Project\data\audio_song_actors\Actor_14\03-02-03-01-01-01-14.wav
03-02-03-01-01-02-14.wav,audio-only,song,happy,3,normal,Kids are talking by the door,2,14,female,C:\Users\rbk55\OneDrive\Documents\Project_CSE432-532\SER_Project\data\audio_song_actors\Actor_14\03-02-03-01-01-02-14.wav
03-02-03-01-02-01-14.wav,audio-only,song,happy,3,normal,Dogs are sitting by the door,1,14,female,C:\Users\rbk55\OneDrive\Documents\Project_CSE432-532\SER_Project\data\audio_song_actors\Actor_14\03-02-03-01-02-01-14.wav
03-02-03-01-02-02-14.wav,audio-only,song,happy,3,normal,Dogs are sitting by the door,2,14,female,C:\Users\rbk55\OneDrive\Documents\Project_CSE432-532\SER_Project\data\audio_song_actors\Actor_14\03-02-03-01-02-02-14.wav
03-02-03-02-01-01-14.wav,audio-only,song,happy,3,strong,Kids are talking by the door,1,14,female,C:\Users\rbk55\OneDrive\Documents\Project_CSE432-532\SER_Project\data\audio_song_actors\Actor_14\03-02-03-02-01-01-14.wav
03-02-03-02-01-02-14.wav,audio-only,song,happy,3,strong,Kids are talking by the door,2,14,female,C:\Users\rbk55\OneDrive\Documents\Project_CSE432-532\SER_Project\data\audio_song_actors\Actor_14\03-02-03-02-01-02-14.wav
03-02-03-02-02-01-14.wav,audio-only,song,happy,3,strong,Dogs are sitting by the door,1,14,female,C:\Users\rbk55\OneDrive\Documents\Project_CSE432-532\SER_Project\data\audio_song_actors\Actor_14\03-02-03-02-02-01-14.wav
03-02-03-02-02-02-14.wav,audio-only,song,happy,3,strong,Dogs are sitting by the door,2,14,female,C:\Users\rbk55\OneDrive\Documents\Project_CSE432-532\SER_Project\data\audio_song_actors\Actor_14\03-02-03-02-02-02-14.wav
03-02-04-01-01-01-14.wav,audio-only,song,sad,4,normal,Kids are talking by the door,1,14,female,C:\Users\rbk55\OneDrive\Documents\Project_CSE432-532\SER_Project\data\audio_song_actors\Actor_14\03-02-04-01-01-01-14.wav
03-02-04-01-01-02-14.wav,audio-only,song,sad,4,normal,Kids are talking by the door,2,14,female,C:\Users\rbk55\OneDrive\Documents\Project_CSE432-532\SER_Project\data\audio_song_actors\Actor_14\03-02-04-01-01-02-14.wav
03-02-04-01-02-01-14.wav,audio-only,song,sad,4,normal,Dogs are sitting by the door,1,14,female,C:\Users\rbk55\OneDrive\Documents\Project_CSE432-532\SER_Project\data\audio_song_actors\Actor_14\03-02-04-01-02-01-14.wav
03-02-04-01-02-02-14.wav,audio-only,song,sad,4,normal,Dogs are sitting by the door,2,14,female,C:\Users\rbk55\OneDrive\Documents\Project_CSE432-532\SER_Project\data\audio_song_actors\Actor_14\03-02-04-01-02-02-14.wav
03-02-04-02-01-01-14.wav,audio-only,song,sad,4,strong,Kids are talking by the door,1,14,female,C:\Users\rbk55\OneDrive\Documents\Project_CSE432-532\SER_Project\data\audio_song_actors\Actor_14\03-02-04-02-01-01-14.wav
03-02-04-02-01-02-14.wav,audio-only,song,sad,4,strong,Kids are talking by the door,2,14,female,C:\Users\rbk55\OneDrive\Documents\Project_CSE432-532\SER_Project\data\audio_song_actors\Actor_14\03-02-04-02-01-02-14.wav
03-02-04-02-02-01-14.wav,audio-only,song,sad,4,strong,Dogs are sitting by the door,1,14,female,C:\Users\rbk55\OneDrive\Documents\Project_CSE432-532\SER_Project\data\audio_song_actors\Actor_14\03-02-04-02-02-01-14.wav
03-02-04-02-02-02-14.wav,audio-only,song,sad,4,strong,Dogs are sitting by the door,2,14,female,C:\Users\rbk55\OneDrive\Documents\Project_CSE432-532\SER_Project\data\audio_song_actors\Actor_14\03-02-04-02-02-02-14.wav
03-02-05-01-01-01-14.wav,audio-only,song,angry,5,normal,Kids are talking by the door,1,14,female,C:\Users\rbk55\OneDrive\Documents\Project_CSE432-532\SER_Project\data\audio_song_actors\Actor_14\03-02-05-01-01-01-14.wav
03-02-05-01-01-02-14.wav,audio-only,song,angry,5,normal,Kids are talking by the door,2,14,female,C:\Users\rbk55\OneDrive\Documents\Project_CSE432-532\SER_Project\data\audio_song_actors\Actor_14\03-02-05-01-01-02-14.wav
03-02-05-01-02-01-14.wav,audio-only,song,angry,5,normal,Dogs are sitting by the door,1,14,female,C:\Users\rbk55\OneDrive\Documents\Project_CSE432-532\SER_Project\data\audio_song_actors\Actor_14\03-02-05-01-02-01-14.wav
03-02-05-01-02-02-14.wav,audio-only,song,angry,5,normal,Dogs are sitting by the door,2,14,female,C:\Users\rbk55\OneDrive\Documents\Project_CSE432-532\SER_Project\data\audio_song_actors\Actor_14\03-02-05-01-02-02-14.wav
03-02-05-02-01-01-14.wav,audio-only,song,angry,5,strong,Kids are talking by the door,1,14,female,C:\Users\rbk55\OneDrive\Documents\Project_CSE432-532\SER_Project\data\audio_song_actors\Actor_14\03-02-05-02-01-01-14.wav
03-02-05-02-01-02-14.wav,audio-only,song,angry,5,strong,Kids are talking by the door,2,14,female,C:\Users\rbk55\OneDrive\Documents\Project_CSE432-532\SER_Project\data\audio_song_actors\Actor_14\03-02-05-02-01-02-14.wav
03-02-05-02-02-01-14.wav,audio-only,song,angry,5,strong,Dogs are sitting by the door,1,14,female,C:\Users\rbk55\OneDrive\Documents\Project_CSE432-532\SER_Project\data\audio_song_actors\Actor_14\03-02-05-02-02-01-14.wav
03-02-05-02-02-02-14.wav,audio-only,song,angry,5,strong,Dogs are sitting by the door,2,14,female,C:\Users\rbk55\OneDrive\Documents\Project_CSE432-532\SER_Project\data\audio_song_actors\Actor_14\03-02-05-02-02-02-14.wav
03-02-06-01-01-01-14.wav,audio-only,song,fearful,6,normal,Kids are talking by the door,1,14,female,C:\Users\rbk55\OneDrive\Documents\Project_CSE432-532\SER_Project\data\audio_song_actors\Actor_14\03-02-06-01-01-01-14.wav
03-02-06-01-01-02-14.wav,audio-only,song,fearful,6,normal,Kids are talking by the door,2,14,female,C:\Users\rbk55\OneDrive\Documents\Project_CSE432-532\SER_Project\data\audio_song_actors\Actor_14\03-02-06-01-01-02-14.wav
03-02-06-01-02-01-14.wav,audio-only,song,fearful,6,normal,Dogs are sitting by the door,1,14,female,C:\Users\rbk55\OneDrive\Documents\Project_CSE432-532\SER_Project\data\audio_song_actors\Actor_14\03-02-06-01-02-01-14.wav
03-02-06-01-02-02-14.wav,audio-only,song,fearful,6,normal,Dogs are sitting by the door,2,14,female,C:\Users\rbk55\OneDrive\Documents\Project_CSE432-532\SER_Project\data\audio_song_actors\Actor_14\03-02-06-01-02-02-14.wav
03-02-06-02-01-01-14.wav,audio-only,song,fearful,6,strong,Kids are talking by the door,1,14,female,C:\Users\rbk55\OneDrive\Documents\Project_CSE432-532\SER_Project\data\audio_song_actors\Actor_14\03-02-06-02-01-01-14.wav
03-02-06-02-01-02-14.wav,audio-only,song,fearful,6,strong,Kids are talking by the door,2,14,female,C:\Users\rbk55\OneDrive\Documents\Project_CSE432-532\SER_Project\data\audio_song_actors\Actor_14\03-02-06-02-01-02-14.wav
03-02-06-02-02-01-14.wav,audio-only,song,fearful,6,strong,Dogs are sitting by the door,1,14,female,C:\Users\rbk55\OneDrive\Documents\Project_CSE432-532\SER_Project\data\audio_song_actors\Actor_14\03-02-06-02-02-01-14.wav
03-02-06-02-02-02-14.wav,audio-only,song,fearful,6,strong,Dogs are sitting by the door,2,14,female,C:\Users\rbk55\OneDrive\Documents\Project_CSE432-532\SER_Project\data\audio_song_actors\Actor_14\03-02-06-02-02-02-14.wav
03-02-01-01-01-01-15.wav,audio-only,song,neutral,1,normal,Kids are talking by the door,1,15,male,C:\Users\rbk55\OneDrive\Documents\Project_CSE432-532\SER_Project\data\audio_song_actors\Actor_15\03-02-01-01-01-01-15.wav
03-02-01-01-01-02-15.wav,audio-only,song,neutral,1,normal,Kids are talking by the door,2,15,male,C:\Users\rbk55\OneDrive\Documents\Project_CSE432-532\SER_Project\data\audio_song_actors\Actor_15\03-02-01-01-01-02-15.wav
03-02-01-01-02-01-15.wav,audio-only,song,neutral,1,normal,Dogs are sitting by the door,1,15,male,C:\Users\rbk55\OneDrive\Documents\Project_CSE432-532\SER_Project\data\audio_song_actors\Actor_15\03-02-01-01-02-01-15.wav
03-02-01-01-02-02-15.wav,audio-only,song,neutral,1,normal,Dogs are sitting by the door,2,15,male,C:\Users\rbk55\OneDrive\Documents\Project_CSE432-532\SER_Project\data\audio_song_actors\Actor_15\03-02-01-01-02-02-15.wav
03-02-02-01-01-01-15.wav,audio-only,song,calm,2,normal,Kids are talking by the door,1,15,male,C:\Users\rbk55\OneDrive\Documents\Project_CSE432-532\SER_Project\data\audio_song_actors\Actor_15\03-02-02-01-01-01-15.wav
03-02-02-01-01-02-15.wav,audio-only,song,calm,2,normal,Kids are talking by the door,2,15,male,C:\Users\rbk55\OneDrive\Documents\Project_CSE432-532\SER_Project\data\audio_song_actors\Actor_15\03-02-02-01-01-02-15.wav
03-02-02-01-02-01-15.wav,audio-only,song,calm,2,normal,Dogs are sitting by the door,1,15,male,C:\Users\rbk55\OneDrive\Documents\Project_CSE432-532\SER_Project\data\audio_song_actors\Actor_15\03-02-02-01-02-01-15.wav
03-02-02-01-02-02-15.wav,audio-only,song,calm,2,normal,Dogs are sitting by the door,2,15,male,C:\Users\rbk55\OneDrive\Documents\Project_CSE432-532\SER_Project\data\audio_song_actors\Actor_15\03-02-02-01-02-02-15.wav
03-02-02-02-01-01-15.wav,audio-only,song,calm,2,strong,Kids are talking by the door,1,15,male,C:\Users\rbk55\OneDrive\Documents\Project_CSE432-532\SER_Project\data\audio_song_actors\Actor_15\03-02-02-02-01-01-15.wav
03-02-02-02-01-02-15.wav,audio-only,song,calm,2,strong,Kids are talking by the door,2,15,male,C:\Users\rbk55\OneDrive\Documents\Project_CSE432-532\SER_Project\data\audio_song_actors\Actor_15\03-02-02-02-01-02-15.wav
03-02-02-02-02-01-15.wav,audio-only,song,calm,2,strong,Dogs are sitting by the door,1,15,male,C:\Users\rbk55\OneDrive\Documents\Project_CSE432-532\SER_Project\data\audio_song_actors\Actor_15\03-02-02-02-02-01-15.wav
03-02-02-02-02-02-15.wav,audio-only,song,calm,2,strong,Dogs are sitting by the door,2,15,male,C:\Users\rbk55\OneDrive\Documents\Project_CSE432-532\SER_Project\data\audio_song_actors\Actor_15\03-02-02-02-02-02-15.wav
03-02-03-01-01-01-15.wav,audio-only,song,happy,3,normal,Kids are talking by the door,1,15,male,C:\Users\rbk55\OneDrive\Documents\Project_CSE432-532\SER_Project\data\audio_song_actors\Actor_15\03-02-03-01-01-01-15.wav
03-02-03-01-01-02-15.wav,audio-only,song,happy,3,normal,Kids are talking by the door,2,15,male,C:\Users\rbk55\OneDrive\Documents\Project_CSE432-532\SER_Project\data\audio_song_actors\Actor_15\03-02-03-01-01-02-15.wav
03-02-03-01-02-01-15.wav,audio-only,song,happy,3,normal,Dogs are sitting by the door,1,15,male,C:\Users\rbk55\OneDrive\Documents\Project_CSE432-532\SER_Project\data\audio_song_actors\Actor_15\03-02-03-01-02-01-15.wav
03-02-03-01-02-02-15.wav,audio-only,song,happy,3,normal,Dogs are sitting by the door,2,15,male,C:\Users\rbk55\OneDrive\Documents\Project_CSE432-532\SER_Project\data\audio_song_actors\Actor_15\03-02-03-01-02-02-15.wav
03-02-03-02-01-01-15.wav,audio-only,song,happy,3,strong,Kids are talking by the door,1,15,male,C:\Users\rbk55\OneDrive\Documents\Project_CSE432-532\SER_Project\data\audio_song_actors\Actor_15\03-02-03-02-01-01-15.wav
03-02-03-02-01-02-15.wav,audio-only,song,happy,3,strong,Kids are talking by the door,2,15,male,C:\Users\rbk55\OneDrive\Documents\Project_CSE432-532\SER_Project\data\audio_song_actors\Actor_15\03-02-03-02-01-02-15.wav
03-02-03-02-02-01-15.wav,audio-only,song,happy,3,strong,Dogs are sitting by the door,1,15,male,C:\Users\rbk55\OneDrive\Documents\Project_CSE432-532\SER_Project\data\audio_song_actors\Actor_15\03-02-03-02-02-01-15.wav
03-02-03-02-02-02-15.wav,audio-only,song,happy,3,strong,Dogs are sitting by the door,2,15,male,C:\Users\rbk55\OneDrive\Documents\Project_CSE432-532\SER_Project\data\audio_song_actors\Actor_15\03-02-03-02-02-02-15.wav
03-02-04-01-01-01-15.wav,audio-only,song,sad,4,normal,Kids are talking by the door,1,15,male,C:\Users\rbk55\OneDrive\Documents\Project_CSE432-532\SER_Project\data\audio_song_actors\Actor_15\03-02-04-01-01-01-15.wav
03-02-04-01-01-02-15.wav,audio-only,song,sad,4,normal,Kids are talking by the door,2,15,male,C:\Users\rbk55\OneDrive\Documents\Project_CSE432-532\SER_Project\data\audio_song_actors\Actor_15\03-02-04-01-01-02-15.wav
03-02-04-01-02-01-15.wav,audio-only,song,sad,4,normal,Dogs are sitting by the door,1,15,male,C:\Users\rbk55\OneDrive\Documents\Project_CSE432-532\SER_Project\data\audio_song_actors\Actor_15\03-02-04-01-02-01-15.wav
03-02-04-01-02-02-15.wav,audio-only,song,sad,4,normal,Dogs are sitting by the door,2,15,male,C:\Users\rbk55\OneDrive\Documents\Project_CSE432-532\SER_Project\data\audio_song_actors\Actor_15\03-02-04-01-02-02-15.wav
03-02-04-02-01-01-15.wav,audio-only,song,sad,4,strong,Kids are talking by the door,1,15,male,C:\Users\rbk55\OneDrive\Documents\Project_CSE432-532\SER_Project\data\audio_song_actors\Actor_15\03-02-04-02-01-01-15.wav
03-02-04-02-01-02-15.wav,audio-only,song,sad,4,strong,Kids are talking by the door,2,15,male,C:\Users\rbk55\OneDrive\Documents\Project_CSE432-532\SER_Project\data\audio_song_actors\Actor_15\03-02-04-02-01-02-15.wav
03-02-04-02-02-01-15.wav,audio-only,song,sad,4,strong,Dogs are sitting by the door,1,15,male,C:\Users\rbk55\OneDrive\Documents\Project_CSE432-532\SER_Project\data\audio_song_actors\Actor_15\03-02-04-02-02-01-15.wav
03-02-04-02-02-02-15.wav,audio-only,song,sad,4,strong,Dogs are sitting by the door,2,15,male,C:\Users\rbk55\OneDrive\Documents\Project_CSE432-532\SER_Project\data\audio_song_actors\Actor_15\03-02-04-02-02-02-15.wav
03-02-05-01-01-01-15.wav,audio-only,song,angry,5,normal,Kids are talking by the door,1,15,male,C:\Users\rbk55\OneDrive\Documents\Project_CSE432-532\SER_Project\data\audio_song_actors\Actor_15\03-02-05-01-01-01-15.wav
03-02-05-01-01-02-15.wav,audio-only,song,angry,5,normal,Kids are talking by the door,2,15,male,C:\Users\rbk55\OneDrive\Documents\Project_CSE432-532\SER_Project\data\audio_song_actors\Actor_15\03-02-05-01-01-02-15.wav
03-02-05-01-02-01-15.wav,audio-only,song,angry,5,normal,Dogs are sitting by the door,1,15,male,C:\Users\rbk55\OneDrive\Documents\Project_CSE432-532\SER_Project\data\audio_song_actors\Actor_15\03-02-05-01-02-01-15.wav
03-02-05-01-02-02-15.wav,audio-only,song,angry,5,normal,Dogs are sitting by the door,2,15,male,C:\Users\rbk55\OneDrive\Documents\Project_CSE432-532\SER_Project\data\audio_song_actors\Actor_15\03-02-05-01-02-02-15.wav
03-02-05-02-01-01-15.wav,audio-only,song,angry,5,strong,Kids are talking by the door,1,15,male,C:\Users\rbk55\OneDrive\Documents\Project_CSE432-532\SER_Project\data\audio_song_actors\Actor_15\03-02-05-02-01-01-15.wav
03-02-05-02-01-02-15.wav,audio-only,song,angry,5,strong,Kids are talking by the door,2,15,male,C:\Users\rbk55\OneDrive\Documents\Project_CSE432-532\SER_Project\data\audio_song_actors\Actor_15\03-02-05-02-01-02-15.wav
03-02-05-02-02-01-15.wav,audio-only,song,angry,5,strong,Dogs are sitting by the door,1,15,male,C:\Users\rbk55\OneDrive\Documents\Project_CSE432-532\SER_Project\data\audio_song_actors\Actor_15\03-02-05-02-02-01-15.wav
03-02-05-02-02-02-15.wav,audio-only,song,angry,5,strong,Dogs are sitting by the door,2,15,male,C:\Users\rbk55\OneDrive\Documents\Project_CSE432-532\SER_Project\data\audio_song_actors\Actor_15\03-02-05-02-02-02-15.wav
03-02-06-01-01-01-15.wav,audio-only,song,fearful,6,normal,Kids are talking by the door,1,15,male,C:\Users\rbk55\OneDrive\Documents\Project_CSE432-532\SER_Project\data\audio_song_actors\Actor_15\03-02-06-01-01-01-15.wav
03-02-06-01-01-02-15.wav,audio-only,song,fearful,6,normal,Kids are talking by the door,2,15,male,C:\Users\rbk55\OneDrive\Documents\Project_CSE432-532\SER_Project\data\audio_song_actors\Actor_15\03-02-06-01-01-02-15.wav
03-02-06-01-02-01-15.wav,audio-only,song,fearful,6,normal,Dogs are sitting by the door,1,15,male,C:\Users\rbk55\OneDrive\Documents\Project_CSE432-532\SER_Project\data\audio_song_actors\Actor_15\03-02-06-01-02-01-15.wav
03-02-06-01-02-02-15.wav,audio-only,song,fearful,6,normal,Dogs are sitting by the door,2,15,male,C:\Users\rbk55\OneDrive\Documents\Project_CSE432-532\SER_Project\data\audio_song_actors\Actor_15\03-02-06-01-02-02-15.wav
03-02-06-02-01-01-15.wav,audio-only,song,fearful,6,strong,Kids are talking by the door,1,15,male,C:\Users\rbk55\OneDrive\Documents\Project_CSE432-532\SER_Project\data\audio_song_actors\Actor_15\03-02-06-02-01-01-15.wav
03-02-06-02-01-02-15.wav,audio-only,song,fearful,6,strong,Kids are talking by the door,2,15,male,C:\Users\rbk55\OneDrive\Documents\Project_CSE432-532\SER_Project\data\audio_song_actors\Actor_15\03-02-06-02-01-02-15.wav
03-02-06-02-02-01-15.wav,audio-only,song,fearful,6,strong,Dogs are sitting by the door,1,15,male,C:\Users\rbk55\OneDrive\Documents\Project_CSE432-532\SER_Project\data\audio_song_actors\Actor_15\03-02-06-02-02-01-15.wav
03-02-06-02-02-02-15.wav,audio-only,song,fearful,6,strong,Dogs are sitting by the door,2,15,male,C:\Users\rbk55\OneDrive\Documents\Project_CSE432-532\SER_Project\data\audio_song_actors\Actor_15\03-02-06-02-02-02-15.wav
03-02-01-01-01-01-16.wav,audio-only,song,neutral,1,normal,Kids are talking by the door,1,16,female,C:\Users\rbk55\OneDrive\Documents\Project_CSE432-532\SER_Project\data\audio_song_actors\Actor_16\03-02-01-01-01-01-16.wav
03-02-01-01-01-02-16.wav,audio-only,song,neutral,1,normal,Kids are talking by the door,2,16,female,C:\Users\rbk55\OneDrive\Documents\Project_CSE432-532\SER_Project\data\audio_song_actors\Actor_16\03-02-01-01-01-02-16.wav
03-02-01-01-02-01-16.wav,audio-only,song,neutral,1,normal,Dogs are sitting by the door,1,16,female,C:\Users\rbk55\OneDrive\Documents\Project_CSE432-532\SER_Project\data\audio_song_actors\Actor_16\03-02-01-01-02-01-16.wav
03-02-01-01-02-02-16.wav,audio-only,song,neutral,1,normal,Dogs are sitting by the door,2,16,female,C:\Users\rbk55\OneDrive\Documents\Project_CSE432-532\SER_Project\data\audio_song_actors\Actor_16\03-02-01-01-02-02-16.wav
03-02-02-01-01-01-16.wav,audio-only,song,calm,2,normal,Kids are talking by the door,1,16,female,C:\Users\rbk55\OneDrive\Documents\Project_CSE432-532\SER_Project\data\audio_song_actors\Actor_16\03-02-02-01-01-01-16.wav
03-02-02-01-01-02-16.wav,audio-only,song,calm,2,normal,Kids are talking by the door,2,16,female,C:\Users\rbk55\OneDrive\Documents\Project_CSE432-532\SER_Project\data\audio_song_actors\Actor_16\03-02-02-01-01-02-16.wav
03-02-02-01-02-01-16.wav,audio-only,song,calm,2,normal,Dogs are sitting by the door,1,16,female,C:\Users\rbk55\OneDrive\Documents\Project_CSE432-532\SER_Project\data\audio_song_actors\Actor_16\03-02-02-01-02-01-16.wav
03-02-02-01-02-02-16.wav,audio-only,song,calm,2,normal,Dogs are sitting by the door,2,16,female,C:\Users\rbk55\OneDrive\Documents\Project_CSE432-532\SER_Project\data\audio_song_actors\Actor_16\03-02-02-01-02-02-16.wav
03-02-02-02-01-01-16.wav,audio-only,song,calm,2,strong,Kids are talking by the door,1,16,female,C:\Users\rbk55\OneDrive\Documents\Project_CSE432-532\SER_Project\data\audio_song_actors\Actor_16\03-02-02-02-01-01-16.wav
03-02-02-02-01-02-16.wav,audio-only,song,calm,2,strong,Kids are talking by the door,2,16,female,C:\Users\rbk55\OneDrive\Documents\Project_CSE432-532\SER_Project\data\audio_song_actors\Actor_16\03-02-02-02-01-02-16.wav
03-02-02-02-02-01-16.wav,audio-only,song,calm,2,strong,Dogs are sitting by the door,1,16,female,C:\Users\rbk55\OneDrive\Documents\Project_CSE432-532\SER_Project\data\audio_song_actors\Actor_16\03-02-02-02-02-01-16.wav
03-02-02-02-02-02-16.wav,audio-only,song,calm,2,strong,Dogs are sitting by the door,2,16,female,C:\Users\rbk55\OneDrive\Documents\Project_CSE432-532\SER_Project\data\audio_song_actors\Actor_16\03-02-02-02-02-02-16.wav
03-02-03-01-01-01-16.wav,audio-only,song,happy,3,normal,Kids are talking by the door,1,16,female,C:\Users\rbk55\OneDrive\Documents\Project_CSE432-532\SER_Project\data\audio_song_actors\Actor_16\03-02-03-01-01-01-16.wav
03-02-03-01-01-02-16.wav,audio-only,song,happy,3,normal,Kids are talking by the door,2,16,female,C:\Users\rbk55\OneDrive\Documents\Project_CSE432-532\SER_Project\data\audio_song_actors\Actor_16\03-02-03-01-01-02-16.wav
03-02-03-01-02-01-16.wav,audio-only,song,happy,3,normal,Dogs are sitting by the door,1,16,female,C:\Users\rbk55\OneDrive\Documents\Project_CSE432-532\SER_Project\data\audio_song_actors\Actor_16\03-02-03-01-02-01-16.wav
03-02-03-01-02-02-16.wav,audio-only,song,happy,3,normal,Dogs are sitting by the door,2,16,female,C:\Users\rbk55\OneDrive\Documents\Project_CSE432-532\SER_Project\data\audio_song_actors\Actor_16\03-02-03-01-02-02-16.wav
03-02-03-02-01-01-16.wav,audio-only,song,happy,3,strong,Kids are talking by the door,1,16,female,C:\Users\rbk55\OneDrive\Documents\Project_CSE432-532\SER_Project\data\audio_song_actors\Actor_16\03-02-03-02-01-01-16.wav
03-02-03-02-01-02-16.wav,audio-only,song,happy,3,strong,Kids are talking by the door,2,16,female,C:\Users\rbk55\OneDrive\Documents\Project_CSE432-532\SER_Project\data\audio_song_actors\Actor_16\03-02-03-02-01-02-16.wav
03-02-03-02-02-01-16.wav,audio-only,song,happy,3,strong,Dogs are sitting by the door,1,16,female,C:\Users\rbk55\OneDrive\Documents\Project_CSE432-532\SER_Project\data\audio_song_actors\Actor_16\03-02-03-02-02-01-16.wav
03-02-03-02-02-02-16.wav,audio-only,song,happy,3,strong,Dogs are sitting by the door,2,16,female,C:\Users\rbk55\OneDrive\Documents\Project_CSE432-532\SER_Project\data\audio_song_actors\Actor_16\03-02-03-02-02-02-16.wav
03-02-04-01-01-01-16.wav,audio-only,song,sad,4,normal,Kids are talking by the door,1,16,female,C:\Users\rbk55\OneDrive\Documents\Project_CSE432-532\SER_Project\data\audio_song_actors\Actor_16\03-02-04-01-01-01-16.wav
03-02-04-01-01-02-16.wav,audio-only,song,sad,4,normal,Kids are talking by the door,2,16,female,C:\Users\rbk55\OneDrive\Documents\Project_CSE432-532\SER_Project\data\audio_song_actors\Actor_16\03-02-04-01-01-02-16.wav
03-02-04-01-02-01-16.wav,audio-only,song,sad,4,normal,Dogs are sitting by the door,1,16,female,C:\Users\rbk55\OneDrive\Documents\Project_CSE432-532\SER_Project\data\audio_song_actors\Actor_16\03-02-04-01-02-01-16.wav
03-02-04-01-02-02-16.wav,audio-only,song,sad,4,normal,Dogs are sitting by the door,2,16,female,C:\Users\rbk55\OneDrive\Documents\Project_CSE432-532\SER_Project\data\audio_song_actors\Actor_16\03-02-04-01-02-02-16.wav
03-02-04-02-01-01-16.wav,audio-only,song,sad,4,strong,Kids are talking by the door,1,16,female,C:\Users\rbk55\OneDrive\Documents\Project_CSE432-532\SER_Project\data\audio_song_actors\Actor_16\03-02-04-02-01-01-16.wav
03-02-04-02-01-02-16.wav,audio-only,song,sad,4,strong,Kids are talking by the door,2,16,female,C:\Users\rbk55\OneDrive\Documents\Project_CSE432-532\SER_Project\data\audio_song_actors\Actor_16\03-02-04-02-01-02-16.wav
03-02-04-02-02-01-16.wav,audio-only,song,sad,4,strong,Dogs are sitting by the door,1,16,female,C:\Users\rbk55\OneDrive\Documents\Project_CSE432-532\SER_Project\data\audio_song_actors\Actor_16\03-02-04-02-02-01-16.wav
03-02-04-02-02-02-16.wav,audio-only,song,sad,4,strong,Dogs are sitting by the door,2,16,female,C:\Users\rbk55\OneDrive\Documents\Project_CSE432-532\SER_Project\data\audio_song_actors\Actor_16\03-02-04-02-02-02-16.wav
03-02-05-01-01-01-16.wav,audio-only,song,angry,5,normal,Kids are talking by the door,1,16,female,C:\Users\rbk55\OneDrive\Documents\Project_CSE432-532\SER_Project\data\audio_song_actors\Actor_16\03-02-05-01-01-01-16.wav
03-02-05-01-01-02-16.wav,audio-only,song,angry,5,normal,Kids are talking by the door,2,16,female,C:\Users\rbk55\OneDrive\Documents\Project_CSE432-532\SER_Project\data\audio_song_actors\Actor_16\03-02-05-01-01-02-16.wav
03-02-05-01-02-01-16.wav,audio-only,song,angry,5,normal,Dogs are sitting by the door,1,16,female,C:\Users\rbk55\OneDrive\Documents\Project_CSE432-532\SER_Project\data\audio_song_actors\Actor_16\03-02-05-01-02-01-16.wav
03-02-05-01-02-02-16.wav,audio-only,song,angry,5,normal,Dogs are sitting by the door,2,16,female,C:\Users\rbk55\OneDrive\Documents\Project_CSE432-532\SER_Project\data\audio_song_actors\Actor_16\03-02-05-01-02-02-16.wav
03-02-05-02-01-01-16.wav,audio-only,song,angry,5,strong,Kids are talking by the door,1,16,female,C:\Users\rbk55\OneDrive\Documents\Project_CSE432-532\SER_Project\data\audio_song_actors\Actor_16\03-02-05-02-01-01-16.wav
03-02-05-02-01-02-16.wav,audio-only,song,angry,5,strong,Kids are talking by the door,2,16,female,C:\Users\rbk55\OneDrive\Documents\Project_CSE432-532\SER_Project\data\audio_song_actors\Actor_16\03-02-05-02-01-02-16.wav
03-02-05-02-02-01-16.wav,audio-only,song,angry,5,strong,Dogs are sitting by the door,1,16,female,C:\Users\rbk55\OneDrive\Documents\Project_CSE432-532\SER_Project\data\audio_song_actors\Actor_16\03-02-05-02-02-01-16.wav
03-02-05-02-02-02-16.wav,audio-only,song,angry,5,strong,Dogs are sitting by the door,2,16,female,C:\Users\rbk55\OneDrive\Documents\Project_CSE432-532\SER_Project\data\audio_song_actors\Actor_16\03-02-05-02-02-02-16.wav
03-02-06-01-01-01-16.wav,audio-only,song,fearful,6,normal,Kids are talking by the door,1,16,female,C:\Users\rbk55\OneDrive\Documents\Project_CSE432-532\SER_Project\data\audio_song_actors\Actor_16\03-02-06-01-01-01-16.wav
03-02-06-01-01-02-16.wav,audio-only,song,fearful,6,normal,Kids are talking by the door,2,16,female,C:\Users\rbk55\OneDrive\Documents\Project_CSE432-532\SER_Project\data\audio_song_actors\Actor_16\03-02-06-01-01-02-16.wav
03-02-06-01-02-01-16.wav,audio-only,song,fearful,6,normal,Dogs are sitting by the door,1,16,female,C:\Users\rbk55\OneDrive\Documents\Project_CSE432-532\SER_Project\data\audio_song_actors\Actor_16\03-02-06-01-02-01-16.wav
03-02-06-01-02-02-16.wav,audio-only,song,fearful,6,normal,Dogs are sitting by the door,2,16,female,C:\Users\rbk55\OneDrive\Documents\Project_CSE432-532\SER_Project\data\audio_song_actors\Actor_16\03-02-06-01-02-02-16.wav
03-02-06-02-01-01-16.wav,audio-only,song,fearful,6,strong,Kids are talking by the door,1,16,female,C:\Users\rbk55\OneDrive\Documents\Project_CSE432-532\SER_Project\data\audio_song_actors\Actor_16\03-02-06-02-01-01-16.wav
03-02-06-02-01-02-16.wav,audio-only,song,fearful,6,strong,Kids are talking by the door,2,16,female,C:\Users\rbk55\OneDrive\Documents\Project_CSE432-532\SER_Project\data\audio_song_actors\Actor_16\03-02-06-02-01-02-16.wav
03-02-06-02-02-01-16.wav,audio-only,song,fearful,6,strong,Dogs are sitting by the door,1,16,female,C:\Users\rbk55\OneDrive\Documents\Project_CSE432-532\SER_Project\data\audio_song_actors\Actor_16\03-02-06-02-02-01-16.wav
03-02-06-02-02-02-16.wav,audio-only,song,fearful,6,strong,Dogs are sitting by the door,2,16,female,C:\Users\rbk55\OneDrive\Documents\Project_CSE432-532\SER_Project\data\audio_song_actors\Actor_16\03-02-06-02-02-02-16.wav
03-02-01-01-01-01-17.wav,audio-only,song,neutral,1,normal,Kids are talking by the door,1,17,male,C:\Users\rbk55\OneDrive\Documents\Project_CSE432-532\SER_Project\data\audio_song_actors\Actor_17\03-02-01-01-01-01-17.wav
03-02-01-01-01-02-17.wav,audio-only,song,neutral,1,normal,Kids are talking by the door,2,17,male,C:\Users\rbk55\OneDrive\Documents\Project_CSE432-532\SER_Project\data\audio_song_actors\Actor_17\03-02-01-01-01-02-17.wav
03-02-01-01-02-01-17.wav,audio-only,song,neutral,1,normal,Dogs are sitting by the door,1,17,male,C:\Users\rbk55\OneDrive\Documents\Project_CSE432-532\SER_Project\data\audio_song_actors\Actor_17\03-02-01-01-02-01-17.wav
03-02-01-01-02-02-17.wav,audio-only,song,neutral,1,normal,Dogs are sitting by the door,2,17,male,C:\Users\rbk55\OneDrive\Documents\Project_CSE432-532\SER_Project\data\audio_song_actors\Actor_17\03-02-01-01-02-02-17.wav
03-02-02-01-01-01-17.wav,audio-only,song,calm,2,normal,Kids are talking by the door,1,17,male,C:\Users\rbk55\OneDrive\Documents\Project_CSE432-532\SER_Project\data\audio_song_actors\Actor_17\03-02-02-01-01-01-17.wav
03-02-02-01-01-02-17.wav,audio-only,song,calm,2,normal,Kids are talking by the door,2,17,male,C:\Users\rbk55\OneDrive\Documents\Project_CSE432-532\SER_Project\data\audio_song_actors\Actor_17\03-02-02-01-01-02-17.wav
03-02-02-01-02-01-17.wav,audio-only,song,calm,2,normal,Dogs are sitting by the door,1,17,male,C:\Users\rbk55\OneDrive\Documents\Project_CSE432-532\SER_Project\data\audio_song_actors\Actor_17\03-02-02-01-02-01-17.wav
03-02-02-01-02-02-17.wav,audio-only,song,calm,2,normal,Dogs are sitting by the door,2,17,male,C:\Users\rbk55\OneDrive\Documents\Project_CSE432-532\SER_Project\data\audio_song_actors\Actor_17\03-02-02-01-02-02-17.wav
03-02-02-02-01-01-17.wav,audio-only,song,calm,2,strong,Kids are talking by the door,1,17,male,C:\Users\rbk55\OneDrive\Documents\Project_CSE432-532\SER_Project\data\audio_song_actors\Actor_17\03-02-02-02-01-01-17.wav
03-02-02-02-01-02-17.wav,audio-only,song,calm,2,strong,Kids are talking by the door,2,17,male,C:\Users\rbk55\OneDrive\Documents\Project_CSE432-532\SER_Project\data\audio_song_actors\Actor_17\03-02-02-02-01-02-17.wav
03-02-02-02-02-01-17.wav,audio-only,song,calm,2,strong,Dogs are sitting by the door,1,17,male,C:\Users\rbk55\OneDrive\Documents\Project_CSE432-532\SER_Project\data\audio_song_actors\Actor_17\03-02-02-02-02-01-17.wav
03-02-02-02-02-02-17.wav,audio-only,song,calm,2,strong,Dogs are sitting by the door,2,17,male,C:\Users\rbk55\OneDrive\Documents\Project_CSE432-532\SER_Project\data\audio_song_actors\Actor_17\03-02-02-02-02-02-17.wav
03-02-03-01-01-01-17.wav,audio-only,song,happy,3,normal,Kids are talking by the door,1,17,male,C:\Users\rbk55\OneDrive\Documents\Project_CSE432-532\SER_Project\data\audio_song_actors\Actor_17\03-02-03-01-01-01-17.wav
03-02-03-01-01-02-17.wav,audio-only,song,happy,3,normal,Kids are talking by the door,2,17,male,C:\Users\rbk55\OneDrive\Documents\Project_CSE432-532\SER_Project\data\audio_song_actors\Actor_17\03-02-03-01-01-02-17.wav
03-02-03-01-02-01-17.wav,audio-only,song,happy,3,normal,Dogs are sitting by the door,1,17,male,C:\Users\rbk55\OneDrive\Documents\Project_CSE432-532\SER_Project\data\audio_song_actors\Actor_17\03-02-03-01-02-01-17.wav
03-02-03-01-02-02-17.wav,audio-only,song,happy,3,normal,Dogs are sitting by the door,2,17,male,C:\Users\rbk55\OneDrive\Documents\Project_CSE432-532\SER_Project\data\audio_song_actors\Actor_17\03-02-03-01-02-02-17.wav
03-02-03-02-01-01-17.wav,audio-only,song,happy,3,strong,Kids are talking by the door,1,17,male,C:\Users\rbk55\OneDrive\Documents\Project_CSE432-532\SER_Project\data\audio_song_actors\Actor_17\03-02-03-02-01-01-17.wav
03-02-03-02-01-02-17.wav,audio-only,song,happy,3,strong,Kids are talking by the door,2,17,male,C:\Users\rbk55\OneDrive\Documents\Project_CSE432-532\SER_Project\data\audio_song_actors\Actor_17\03-02-03-02-01-02-17.wav
03-02-03-02-02-01-17.wav,audio-only,song,happy,3,strong,Dogs are sitting by the door,1,17,male,C:\Users\rbk55\OneDrive\Documents\Project_CSE432-532\SER_Project\data\audio_song_actors\Actor_17\03-02-03-02-02-01-17.wav
03-02-03-02-02-02-17.wav,audio-only,song,happy,3,strong,Dogs are sitting by the door,2,17,male,C:\Users\rbk55\OneDrive\Documents\Project_CSE432-532\SER_Project\data\audio_song_actors\Actor_17\03-02-03-02-02-02-17.wav
03-02-04-01-01-01-17.wav,audio-only,song,sad,4,normal,Kids are talking by the door,1,17,male,C:\Users\rbk55\OneDrive\Documents\Project_CSE432-532\SER_Project\data\audio_song_actors\Actor_17\03-02-04-01-01-01-17.wav
03-02-04-01-01-02-17.wav,audio-only,song,sad,4,normal,Kids are talking by the door,2,17,male,C:\Users\rbk55\OneDrive\Documents\Project_CSE432-532\SER_Project\data\audio_song_actors\Actor_17\03-02-04-01-01-02-17.wav
03-02-04-01-02-01-17.wav,audio-only,song,sad,4,normal,Dogs are sitting by the door,1,17,male,C:\Users\rbk55\OneDrive\Documents\Project_CSE432-532\SER_Project\data\audio_song_actors\Actor_17\03-02-04-01-02-01-17.wav
03-02-04-01-02-02-17.wav,audio-only,song,sad,4,normal,Dogs are sitting by the door,2,17,male,C:\Users\rbk55\OneDrive\Documents\Project_CSE432-532\SER_Project\data\audio_song_actors\Actor_17\03-02-04-01-02-02-17.wav
03-02-04-02-01-01-17.wav,audio-only,song,sad,4,strong,Kids are talking by the door,1,17,male,C:\Users\rbk55\OneDrive\Documents\Project_CSE432-532\SER_Project\data\audio_song_actors\Actor_17\03-02-04-02-01-01-17.wav
03-02-04-02-01-02-17.wav,audio-only,song,sad,4,strong,Kids are talking by the door,2,17,male,C:\Users\rbk55\OneDrive\Documents\Project_CSE432-532\SER_Project\data\audio_song_actors\Actor_17\03-02-04-02-01-02-17.wav
03-02-04-02-02-01-17.wav,audio-only,song,sad,4,strong,Dogs are sitting by the door,1,17,male,C:\Users\rbk55\OneDrive\Documents\Project_CSE432-532\SER_Project\data\audio_song_actors\Actor_17\03-02-04-02-02-01-17.wav
03-02-04-02-02-02-17.wav,audio-only,song,sad,4,strong,Dogs are sitting by the door,2,17,male,C:\Users\rbk55\OneDrive\Documents\Project_CSE432-532\SER_Project\data\audio_song_actors\Actor_17\03-02-04-02-02-02-17.wav
03-02-05-01-01-01-17.wav,audio-only,song,angry,5,normal,Kids are talking by the door,1,17,male,C:\Users\rbk55\OneDrive\Documents\Project_CSE432-532\SER_Project\data\audio_song_actors\Actor_17\03-02-05-01-01-01-17.wav
03-02-05-01-01-02-17.wav,audio-only,song,angry,5,normal,Kids are talking by the door,2,17,male,C:\Users\rbk55\OneDrive\Documents\Project_CSE432-532\SER_Project\data\audio_song_actors\Actor_17\03-02-05-01-01-02-17.wav
03-02-05-01-02-01-17.wav,audio-only,song,angry,5,normal,Dogs are sitting by the door,1,17,male,C:\Users\rbk55\OneDrive\Documents\Project_CSE432-532\SER_Project\data\audio_song_actors\Actor_17\03-02-05-01-02-01-17.wav
03-02-05-01-02-02-17.wav,audio-only,song,angry,5,normal,Dogs are sitting by the door,2,17,male,C:\Users\rbk55\OneDrive\Documents\Project_CSE432-532\SER_Project\data\audio_song_actors\Actor_17\03-02-05-01-02-02-17.wav
03-02-05-02-01-01-17.wav,audio-only,song,angry,5,strong,Kids are talking by the door,1,17,male,C:\Users\rbk55\OneDrive\Documents\Project_CSE432-532\SER_Project\data\audio_song_actors\Actor_17\03-02-05-02-01-01-17.wav
03-02-05-02-01-02-17.wav,audio-only,song,angry,5,strong,Kids are talking by the door,2,17,male,C:\Users\rbk55\OneDrive\Documents\Project_CSE432-532\SER_Project\data\audio_song_actors\Actor_17\03-02-05-02-01-02-17.wav
03-02-05-02-02-01-17.wav,audio-only,song,angry,5,strong,Dogs are sitting by the door,1,17,male,C:\Users\rbk55\OneDrive\Documents\Project_CSE432-532\SER_Project\data\audio_song_actors\Actor_17\03-02-05-02-02-01-17.wav
03-02-05-02-02-02-17.wav,audio-only,song,angry,5,strong,Dogs are sitting by the door,2,17,male,C:\Users\rbk55\OneDrive\Documents\Project_CSE432-532\SER_Project\data\audio_song_actors\Actor_17\03-02-05-02-02-02-17.wav
03-02-06-01-01-01-17.wav,audio-only,song,fearful,6,normal,Kids are talking by the door,1,17,male,C:\Users\rbk55\OneDrive\Documents\Project_CSE432-532\SER_Project\data\audio_song_actors\Actor_17\03-02-06-01-01-01-17.wav
03-02-06-01-01-02-17.wav,audio-only,song,fearful,6,normal,Kids are talking by the door,2,17,male,C:\Users\rbk55\OneDrive\Documents\Project_CSE432-532\SER_Project\data\audio_song_actors\Actor_17\03-02-06-01-01-02-17.wav
03-02-06-01-02-01-17.wav,audio-only,song,fearful,6,normal,Dogs are sitting by the door,1,17,male,C:\Users\rbk55\OneDrive\Documents\Project_CSE432-532\SER_Project\data\audio_song_actors\Actor_17\03-02-06-01-02-01-17.wav
03-02-06-01-02-02-17.wav,audio-only,song,fearful,6,normal,Dogs are sitting by the door,2,17,male,C:\Users\rbk55\OneDrive\Documents\Project_CSE432-532\SER_Project\data\audio_song_actors\Actor_17\03-02-06-01-02-02-17.wav
03-02-06-02-01-01-17.wav,audio-only,song,fearful,6,strong,Kids are talking by the door,1,17,male,C:\Users\rbk55\OneDrive\Documents\Project_CSE432-532\SER_Project\data\audio_song_actors\Actor_17\03-02-06-02-01-01-17.wav
03-02-06-02-01-02-17.wav,audio-only,song,fearful,6,strong,Kids are talking by the door,2,17,male,C:\Users\rbk55\OneDrive\Documents\Project_CSE432-532\SER_Project\data\audio_song_actors\Actor_17\03-02-06-02-01-02-17.wav
03-02-06-02-02-01-17.wav,audio-only,song,fearful,6,strong,Dogs are sitting by the door,1,17,male,C:\Users\rbk55\OneDrive\Documents\Project_CSE432-532\SER_Project\data\audio_song_actors\Actor_17\03-02-06-02-02-01-17.wav
03-02-06-02-02-02-17.wav,audio-only,song,fearful,6,strong,Dogs are sitting by the door,2,17,male,C:\Users\rbk55\OneDrive\Documents\Project_CSE432-532\SER_Project\data\audio_song_actors\Actor_17\03-02-06-02-02-02-17.wav
03-02-01-01-01-01-19.wav,audio-only,song,neutral,1,normal,Kids are talking by the door,1,19,male,C:\Users\rbk55\OneDrive\Documents\Project_CSE432-532\SER_Project\data\audio_song_actors\Actor_19\03-02-01-01-01-01-19.wav
03-02-01-01-01-02-19.wav,audio-only,song,neutral,1,normal,Kids are talking by the door,2,19,male,C:\Users\rbk55\OneDrive\Documents\Project_CSE432-532\SER_Project\data\audio_song_actors\Actor_19\03-02-01-01-01-02-19.wav
03-02-01-01-02-01-19.wav,audio-only,song,neutral,1,normal,Dogs are sitting by the door,1,19,male,C:\Users\rbk55\OneDrive\Documents\Project_CSE432-532\SER_Project\data\audio_song_actors\Actor_19\03-02-01-01-02-01-19.wav
03-02-01-01-02-02-19.wav,audio-only,song,neutral,1,normal,Dogs are sitting by the door,2,19,male,C:\Users\rbk55\OneDrive\Documents\Project_CSE432-532\SER_Project\data\audio_song_actors\Actor_19\03-02-01-01-02-02-19.wav
03-02-02-01-01-01-19.wav,audio-only,song,calm,2,normal,Kids are talking by the door,1,19,male,C:\Users\rbk55\OneDrive\Documents\Project_CSE432-532\SER_Project\data\audio_song_actors\Actor_19\03-02-02-01-01-01-19.wav
03-02-02-01-01-02-19.wav,audio-only,song,calm,2,normal,Kids are talking by the door,2,19,male,C:\Users\rbk55\OneDrive\Documents\Project_CSE432-532\SER_Project\data\audio_song_actors\Actor_19\03-02-02-01-01-02-19.wav
03-02-02-01-02-01-19.wav,audio-only,song,calm,2,normal,Dogs are sitting by the door,1,19,male,C:\Users\rbk55\OneDrive\Documents\Project_CSE432-532\SER_Project\data\audio_song_actors\Actor_19\03-02-02-01-02-01-19.wav
03-02-02-01-02-02-19.wav,audio-only,song,calm,2,normal,Dogs are sitting by the door,2,19,male,C:\Users\rbk55\OneDrive\Documents\Project_CSE432-532\SER_Project\data\audio_song_actors\Actor_19\03-02-02-01-02-02-19.wav
03-02-02-02-01-01-19.wav,audio-only,song,calm,2,strong,Kids are talking by the door,1,19,male,C:\Users\rbk55\OneDrive\Documents\Project_CSE432-532\SER_Project\data\audio_song_actors\Actor_19\03-02-02-02-01-01-19.wav
03-02-02-02-01-02-19.wav,audio-only,song,calm,2,strong,Kids are talking by the door,2,19,male,C:\Users\rbk55\OneDrive\Documents\Project_CSE432-532\SER_Project\data\audio_song_actors\Actor_19\03-02-02-02-01-02-19.wav
03-02-02-02-02-01-19.wav,audio-only,song,calm,2,strong,Dogs are sitting by the door,1,19,male,C:\Users\rbk55\OneDrive\Documents\Project_CSE432-532\SER_Project\data\audio_song_actors\Actor_19\03-02-02-02-02-01-19.wav
03-02-02-02-02-02-19.wav,audio-only,song,calm,2,strong,Dogs are sitting by the door,2,19,male,C:\Users\rbk55\OneDrive\Documents\Project_CSE432-532\SER_Project\data\audio_song_actors\Actor_19\03-02-02-02-02-02-19.wav
03-02-03-01-01-01-19.wav,audio-only,song,happy,3,normal,Kids are talking by the door,1,19,male,C:\Users\rbk55\OneDrive\Documents\Project_CSE432-532\SER_Project\data\audio_song_actors\Actor_19\03-02-03-01-01-01-19.wav
03-02-03-01-01-02-19.wav,audio-only,song,happy,3,normal,Kids are talking by the door,2,19,male,C:\Users\rbk55\OneDrive\Documents\Project_CSE432-532\SER_Project\data\audio_song_actors\Actor_19\03-02-03-01-01-02-19.wav
03-02-03-01-02-01-19.wav,audio-only,song,happy,3,normal,Dogs are sitting by the door,1,19,male,C:\Users\rbk55\OneDrive\Documents\Project_CSE432-532\SER_Project\data\audio_song_actors\Actor_19\03-02-03-01-02-01-19.wav
03-02-03-01-02-02-19.wav,audio-only,song,happy,3,normal,Dogs are sitting by the door,2,19,male,C:\Users\rbk55\OneDrive\Documents\Project_CSE432-532\SER_Project\data\audio_song_actors\Actor_19\03-02-03-01-02-02-19.wav
03-02-03-02-01-01-19.wav,audio-only,song,happy,3,strong,Kids are talking by the door,1,19,male,C:\Users\rbk55\OneDrive\Documents\Project_CSE432-532\SER_Project\data\audio_song_actors\Actor_19\03-02-03-02-01-01-19.wav
03-02-03-02-01-02-19.wav,audio-only,song,happy,3,strong,Kids are talking by the door,2,19,male,C:\Users\rbk55\OneDrive\Documents\Project_CSE432-532\SER_Project\data\audio_song_actors\Actor_19\03-02-03-02-01-02-19.wav
03-02-03-02-02-01-19.wav,audio-only,song,happy,3,strong,Dogs are sitting by the door,1,19,male,C:\Users\rbk55\OneDrive\Documents\Project_CSE432-532\SER_Project\data\audio_song_actors\Actor_19\03-02-03-02-02-01-19.wav
03-02-03-02-02-02-19.wav,audio-only,song,happy,3,strong,Dogs are sitting by the door,2,19,male,C:\Users\rbk55\OneDrive\Documents\Project_CSE432-532\SER_Project\data\audio_song_actors\Actor_19\03-02-03-02-02-02-19.wav
03-02-04-01-01-01-19.wav,audio-only,song,sad,4,normal,Kids are talking by the door,1,19,male,C:\Users\rbk55\OneDrive\Documents\Project_CSE432-532\SER_Project\data\audio_song_actors\Actor_19\03-02-04-01-01-01-19.wav
03-02-04-01-01-02-19.wav,audio-only,song,sad,4,normal,Kids are talking by the door,2,19,male,C:\Users\rbk55\OneDrive\Documents\Project_CSE432-532\SER_Project\data\audio_song_actors\Actor_19\03-02-04-01-01-02-19.wav
03-02-04-01-02-01-19.wav,audio-only,song,sad,4,normal,Dogs are sitting by the door,1,19,male,C:\Users\rbk55\OneDrive\Documents\Project_CSE432-532\SER_Project\data\audio_song_actors\Actor_19\03-02-04-01-02-01-19.wav
03-02-04-01-02-02-19.wav,audio-only,song,sad,4,normal,Dogs are sitting by the door,2,19,male,C:\Users\rbk55\OneDrive\Documents\Project_CSE432-532\SER_Project\data\audio_song_actors\Actor_19\03-02-04-01-02-02-19.wav
03-02-04-02-01-01-19.wav,audio-only,song,sad,4,strong,Kids are talking by the door,1,19,male,C:\Users\rbk55\OneDrive\Documents\Project_CSE432-532\SER_Project\data\audio_song_actors\Actor_19\03-02-04-02-01-01-19.wav
03-02-04-02-01-02-19.wav,audio-only,song,sad,4,strong,Kids are talking by the door,2,19,male,C:\Users\rbk55\OneDrive\Documents\Project_CSE432-532\SER_Project\data\audio_song_actors\Actor_19\03-02-04-02-01-02-19.wav
03-02-04-02-02-01-19.wav,audio-only,song,sad,4,strong,Dogs are sitting by the door,1,19,male,C:\Users\rbk55\OneDrive\Documents\Project_CSE432-532\SER_Project\data\audio_song_actors\Actor_19\03-02-04-02-02-01-19.wav
03-02-04-02-02-02-19.wav,audio-only,song,sad,4,strong,Dogs are sitting by the door,2,19,male,C:\Users\rbk55\OneDrive\Documents\Project_CSE432-532\SER_Project\data\audio_song_actors\Actor_19\03-02-04-02-02-02-19.wav
03-02-05-01-01-01-19.wav,audio-only,song,angry,5,normal,Kids are talking by the door,1,19,male,C:\Users\rbk55\OneDrive\Documents\Project_CSE432-532\SER_Project\data\audio_song_actors\Actor_19\03-02-05-01-01-01-19.wav
03-02-05-01-01-02-19.wav,audio-only,song,angry,5,normal,Kids are talking by the door,2,19,male,C:\Users\rbk55\OneDrive\Documents\Project_CSE432-532\SER_Project\data\audio_song_actors\Actor_19\03-02-05-01-01-02-19.wav
03-02-05-01-02-01-19.wav,audio-only,song,angry,5,normal,Dogs are sitting by the door,1,19,male,C:\Users\rbk55\OneDrive\Documents\Project_CSE432-532\SER_Project\data\audio_song_actors\Actor_19\03-02-05-01-02-01-19.wav
03-02-05-01-02-02-19.wav,audio-only,song,angry,5,normal,Dogs are sitting by the door,2,19,male,C:\Users\rbk55\OneDrive\Documents\Project_CSE432-532\SER_Project\data\audio_song_actors\Actor_19\03-02-05-01-02-02-19.wav
03-02-05-02-01-01-19.wav,audio-only,song,angry,5,strong,Kids are talking by the door,1,19,male,C:\Users\rbk55\OneDrive\Documents\Project_CSE432-532\SER_Project\data\audio_song_actors\Actor_19\03-02-05-02-01-01-19.wav
03-02-05-02-01-02-19.wav,audio-only,song,angry,5,strong,Kids are talking by the door,2,19,male,C:\Users\rbk55\OneDrive\Documents\Project_CSE432-532\SER_Project\data\audio_song_actors\Actor_19\03-02-05-02-01-02-19.wav
03-02-05-02-02-01-19.wav,audio-only,song,angry,5,strong,Dogs are sitting by the door,1,19,male,C:\Users\rbk55\OneDrive\Documents\Project_CSE432-532\SER_Project\data\audio_song_actors\Actor_19\03-02-05-02-02-01-19.wav
03-02-05-02-02-02-19.wav,audio-only,song,angry,5,strong,Dogs are sitting by the door,2,19,male,C:\Users\rbk55\OneDrive\Documents\Project_CSE432-532\SER_Project\data\audio_song_actors\Actor_19\03-02-05-02-02-02-19.wav
03-02-06-01-01-01-19.wav,audio-only,song,fearful,6,normal,Kids are talking by the door,1,19,male,C:\Users\rbk55\OneDrive\Documents\Project_CSE432-532\SER_Project\data\audio_song_actors\Actor_19\03-02-06-01-01-01-19.wav
03-02-06-01-01-02-19.wav,audio-only,song,fearful,6,normal,Kids are talking by the door,2,19,male,C:\Users\rbk55\OneDrive\Documents\Project_CSE432-532\SER_Project\data\audio_song_actors\Actor_19\03-02-06-01-01-02-19.wav
03-02-06-01-02-01-19.wav,audio-only,song,fearful,6,normal,Dogs are sitting by the door,1,19,male,C:\Users\rbk55\OneDrive\Documents\Project_CSE432-532\SER_Project\data\audio_song_actors\Actor_19\03-02-06-01-02-01-19.wav
03-02-06-01-02-02-19.wav,audio-only,song,fearful,6,normal,Dogs are sitting by the door,2,19,male,C:\Users\rbk55\OneDrive\Documents\Project_CSE432-532\SER_Project\data\audio_song_actors\Actor_19\03-02-06-01-02-02-19.wav
03-02-06-02-01-01-19.wav,audio-only,song,fearful,6,strong,Kids are talking by the door,1,19,male,C:\Users\rbk55\OneDrive\Documents\Project_CSE432-532\SER_Project\data\audio_song_actors\Actor_19\03-02-06-02-01-01-19.wav
03-02-06-02-01-02-19.wav,audio-only,song,fearful,6,strong,Kids are talking by the door,2,19,male,C:\Users\rbk55\OneDrive\Documents\Project_CSE432-532\SER_Project\data\audio_song_actors\Actor_19\03-02-06-02-01-02-19.wav
03-02-06-02-02-01-19.wav,audio-only,song,fearful,6,strong,Dogs are sitting by the door,1,19,male,C:\Users\rbk55\OneDrive\Documents\Project_CSE432-532\SER_Project\data\audio_song_actors\Actor_19\03-02-06-02-02-01-19.wav
03-02-06-02-02-02-19.wav,audio-only,song,fearful,6,strong,Dogs are sitting by the door,2,19,male,C:\Users\rbk55\OneDrive\Documents\Project_CSE432-532\SER_Project\data\audio_song_actors\Actor_19\03-02-06-02-02-02-19.wav
03-02-01-01-01-01-20.wav,audio-only,song,neutral,1,normal,Kids are talking by the door,1,20,female,C:\Users\rbk55\OneDrive\Documents\Project_CSE432-532\SER_Project\data\audio_song_actors\Actor_20\03-02-01-01-01-01-20.wav
03-02-01-01-01-02-20.wav,audio-only,song,neutral,1,normal,Kids are talking by the door,2,20,female,C:\Users\rbk55\OneDrive\Documents\Project_CSE432-532\SER_Project\data\audio_song_actors\Actor_20\03-02-01-01-01-02-20.wav
03-02-01-01-02-01-20.wav,audio-only,song,neutral,1,normal,Dogs are sitting by the door,1,20,female,C:\Users\rbk55\OneDrive\Documents\Project_CSE432-532\SER_Project\data\audio_song_actors\Actor_20\03-02-01-01-02-01-20.wav
03-02-01-01-02-02-20.wav,audio-only,song,neutral,1,normal,Dogs are sitting by the door,2,20,female,C:\Users\rbk55\OneDrive\Documents\Project_CSE432-532\SER_Project\data\audio_song_actors\Actor_20\03-02-01-01-02-02-20.wav
03-02-02-01-01-01-20.wav,audio-only,song,calm,2,normal,Kids are talking by the door,1,20,female,C:\Users\rbk55\OneDrive\Documents\Project_CSE432-532\SER_Project\data\audio_song_actors\Actor_20\03-02-02-01-01-01-20.wav
03-02-02-01-01-02-20.wav,audio-only,song,calm,2,normal,Kids are talking by the door,2,20,female,C:\Users\rbk55\OneDrive\Documents\Project_CSE432-532\SER_Project\data\audio_song_actors\Actor_20\03-02-02-01-01-02-20.wav
03-02-02-01-02-01-20.wav,audio-only,song,calm,2,normal,Dogs are sitting by the door,1,20,female,C:\Users\rbk55\OneDrive\Documents\Project_CSE432-532\SER_Project\data\audio_song_actors\Actor_20\03-02-02-01-02-01-20.wav
03-02-02-01-02-02-20.wav,audio-only,song,calm,2,normal,Dogs are sitting by the door,2,20,female,C:\Users\rbk55\OneDrive\Documents\Project_CSE432-532\SER_Project\data\audio_song_actors\Actor_20\03-02-02-01-02-02-20.wav
03-02-02-02-01-01-20.wav,audio-only,song,calm,2,strong,Kids are talking by the door,1,20,female,C:\Users\rbk55\OneDrive\Documents\Project_CSE432-532\SER_Project\data\audio_song_actors\Actor_20\03-02-02-02-01-01-20.wav
03-02-02-02-01-02-20.wav,audio-only,song,calm,2,strong,Kids are talking by the door,2,20,female,C:\Users\rbk55\OneDrive\Documents\Project_CSE432-532\SER_Project\data\audio_song_actors\Actor_20\03-02-02-02-01-02-20.wav
03-02-02-02-02-01-20.wav,audio-only,song,calm,2,strong,Dogs are sitting by the door,1,20,female,C:\Users\rbk55\OneDrive\Documents\Project_CSE432-532\SER_Project\data\audio_song_actors\Actor_20\03-02-02-02-02-01-20.wav
03-02-02-02-02-02-20.wav,audio-only,song,calm,2,strong,Dogs are sitting by the door,2,20,female,C:\Users\rbk55\OneDrive\Documents\Project_CSE432-532\SER_Project\data\audio_song_actors\Actor_20\03-02-02-02-02-02-20.wav
03-02-03-01-01-01-20.wav,audio-only,song,happy,3,normal,Kids are talking by the door,1,20,female,C:\Users\rbk55\OneDrive\Documents\Project_CSE432-532\SER_Project\data\audio_song_actors\Actor_20\03-02-03-01-01-01-20.wav
03-02-03-01-01-02-20.wav,audio-only,song,happy,3,normal,Kids are talking by the door,2,20,female,C:\Users\rbk55\OneDrive\Documents\Project_CSE432-532\SER_Project\data\audio_song_actors\Actor_20\03-02-03-01-01-02-20.wav
03-02-03-01-02-01-20.wav,audio-only,song,happy,3,normal,Dogs are sitting by the door,1,20,female,C:\Users\rbk55\OneDrive\Documents\Project_CSE432-532\SER_Project\data\audio_song_actors\Actor_20\03-02-03-01-02-01-20.wav
03-02-03-01-02-02-20.wav,audio-only,song,happy,3,normal,Dogs are sitting by the door,2,20,female,C:\Users\rbk55\OneDrive\Documents\Project_CSE432-532\SER_Project\data\audio_song_actors\Actor_20\03-02-03-01-02-02-20.wav
03-02-03-02-01-01-20.wav,audio-only,song,happy,3,strong,Kids are talking by the door,1,20,female,C:\Users\rbk55\OneDrive\Documents\Project_CSE432-532\SER_Project\data\audio_song_actors\Actor_20\03-02-03-02-01-01-20.wav
03-02-03-02-01-02-20.wav,audio-only,song,happy,3,strong,Kids are talking by the door,2,20,female,C:\Users\rbk55\OneDrive\Documents\Project_CSE432-532\SER_Project\data\audio_song_actors\Actor_20\03-02-03-02-01-02-20.wav
03-02-03-02-02-01-20.wav,audio-only,song,happy,3,strong,Dogs are sitting by the door,1,20,female,C:\Users\rbk55\OneDrive\Documents\Project_CSE432-532\SER_Project\data\audio_song_actors\Actor_20\03-02-03-02-02-01-20.wav
03-02-03-02-02-02-20.wav,audio-only,song,happy,3,strong,Dogs are sitting by the door,2,20,female,C:\Users\rbk55\OneDrive\Documents\Project_CSE432-532\SER_Project\data\audio_song_actors\Actor_20\03-02-03-02-02-02-20.wav
03-02-04-01-01-01-20.wav,audio-only,song,sad,4,normal,Kids are talking by the door,1,20,female,C:\Users\rbk55\OneDrive\Documents\Project_CSE432-532\SER_Project\data\audio_song_actors\Actor_20\03-02-04-01-01-01-20.wav
03-02-04-01-01-02-20.wav,audio-only,song,sad,4,normal,Kids are talking by the door,2,20,female,C:\Users\rbk55\OneDrive\Documents\Project_CSE432-532\SER_Project\data\audio_song_actors\Actor_20\03-02-04-01-01-02-20.wav
03-02-04-01-02-01-20.wav,audio-only,song,sad,4,normal,Dogs are sitting by the door,1,20,female,C:\Users\rbk55\OneDrive\Documents\Project_CSE432-532\SER_Project\data\audio_song_actors\Actor_20\03-02-04-01-02-01-20.wav
03-02-04-01-02-02-20.wav,audio-only,song,sad,4,normal,Dogs are sitting by the door,2,20,female,C:\Users\rbk55\OneDrive\Documents\Project_CSE432-532\SER_Project\data\audio_song_actors\Actor_20\03-02-04-01-02-02-20.wav
03-02-04-02-01-01-20.wav,audio-only,song,sad,4,strong,Kids are talking by the door,1,20,female,C:\Users\rbk55\OneDrive\Documents\Project_CSE432-532\SER_Project\data\audio_song_actors\Actor_20\03-02-04-02-01-01-20.wav
03-02-04-02-01-02-20.wav,audio-only,song,sad,4,strong,Kids are talking by the door,2,20,female,C:\Users\rbk55\OneDrive\Documents\Project_CSE432-532\SER_Project\data\audio_song_actors\Actor_20\03-02-04-02-01-02-20.wav
03-02-04-02-02-01-20.wav,audio-only,song,sad,4,strong,Dogs are sitting by the door,1,20,female,C:\Users\rbk55\OneDrive\Documents\Project_CSE432-532\SER_Project\data\audio_song_actors\Actor_20\03-02-04-02-02-01-20.wav
03-02-04-02-02-02-20.wav,audio-only,song,sad,4,strong,Dogs are sitting by the door,2,20,female,C:\Users\rbk55\OneDrive\Documents\Project_CSE432-532\SER_Project\data\audio_song_actors\Actor_20\03-02-04-02-02-02-20.wav
03-02-05-01-01-01-20.wav,audio-only,song,angry,5,normal,Kids are talking by the door,1,20,female,C:\Users\rbk55\OneDrive\Documents\Project_CSE432-532\SER_Project\data\audio_song_actors\Actor_20\03-02-05-01-01-01-20.wav
03-02-05-01-01-02-20.wav,audio-only,song,angry,5,normal,Kids are talking by the door,2,20,female,C:\Users\rbk55\OneDrive\Documents\Project_CSE432-532\SER_Project\data\audio_song_actors\Actor_20\03-02-05-01-01-02-20.wav
03-02-05-01-02-01-20.wav,audio-only,song,angry,5,normal,Dogs are sitting by the door,1,20,female,C:\Users\rbk55\OneDrive\Documents\Project_CSE432-532\SER_Project\data\audio_song_actors\Actor_20\03-02-05-01-02-01-20.wav
03-02-05-01-02-02-20.wav,audio-only,song,angry,5,normal,Dogs are sitting by the door,2,20,female,C:\Users\rbk55\OneDrive\Documents\Project_CSE432-532\SER_Project\data\audio_song_actors\Actor_20\03-02-05-01-02-02-20.wav
03-02-05-02-01-01-20.wav,audio-only,song,angry,5,strong,Kids are talking by the door,1,20,female,C:\Users\rbk55\OneDrive\Documents\Project_CSE432-532\SER_Project\data\audio_song_actors\Actor_20\03-02-05-02-01-01-20.wav
03-02-05-02-01-02-20.wav,audio-only,song,angry,5,strong,Kids are talking by the door,2,20,female,C:\Users\rbk55\OneDrive\Documents\Project_CSE432-532\SER_Project\data\audio_song_actors\Actor_20\03-02-05-02-01-02-20.wav
03-02-05-02-02-01-20.wav,audio-only,song,angry,5,strong,Dogs are sitting by the door,1,20,female,C:\Users\rbk55\OneDrive\Documents\Project_CSE432-532\SER_Project\data\audio_song_actors\Actor_20\03-02-05-02-02-01-20.wav
03-02-05-02-02-02-20.wav,audio-only,song,angry,5,strong,Dogs are sitting by the door,2,20,female,C:\Users\rbk55\OneDrive\Documents\Project_CSE432-532\SER_Project\data\audio_song_actors\Actor_20\03-02-05-02-02-02-20.wav
03-02-06-01-01-01-20.wav,audio-only,song,fearful,6,normal,Kids are talking by the door,1,20,female,C:\Users\rbk55\OneDrive\Documents\Project_CSE432-532\SER_Project\data\audio_song_actors\Actor_20\03-02-06-01-01-01-20.wav
03-02-06-01-01-02-20.wav,audio-only,song,fearful,6,normal,Kids are talking by the door,2,20,female,C:\Users\rbk55\OneDrive\Documents\Project_CSE432-532\SER_Project\data\audio_song_actors\Actor_20\03-02-06-01-01-02-20.wav
03-02-06-01-02-01-20.wav,audio-only,song,fearful,6,normal,Dogs are sitting by the door,1,20,female,C:\Users\rbk55\OneDrive\Documents\Project_CSE432-532\SER_Project\data\audio_song_actors\Actor_20\03-02-06-01-02-01-20.wav
03-02-06-01-02-02-20.wav,audio-only,song,fearful,6,normal,Dogs are sitting by the door,2,20,female,C:\Users\rbk55\OneDrive\Documents\Project_CSE432-532\SER_Project\data\audio_song_actors\Actor_20\03-02-06-01-02-02-20.wav
03-02-06-02-01-01-20.wav,audio-only,song,fearful,6,strong,Kids are talking by the door,1,20,female,C:\Users\rbk55\OneDrive\Documents\Project_CSE432-532\SER_Project\data\audio_song_actors\Actor_20\03-02-06-02-01-01-20.wav
03-02-06-02-01-02-20.wav,audio-only,song,fearful,6,strong,Kids are talking by the door,2,20,female,C:\Users\rbk55\OneDrive\Documents\Project_CSE432-532\SER_Project\data\audio_song_actors\Actor_20\03-02-06-02-01-02-20.wav
03-02-06-02-02-01-20.wav,audio-only,song,fearful,6,strong,Dogs are sitting by the door,1,20,female,C:\Users\rbk55\OneDrive\Documents\Project_CSE432-532\SER_Project\data\audio_song_actors\Actor_20\03-02-06-02-02-01-20.wav
03-02-06-02-02-02-20.wav,audio-only,song,fearful,6,strong,Dogs are sitting by the door,2,20,female,C:\Users\rbk55\OneDrive\Documents\Project_CSE432-532\SER_Project\data\audio_song_actors\Actor_20\03-02-06-02-02-02-20.wav
03-02-01-01-01-01-21.wav,audio-only,song,neutral,1,normal,Kids are talking by the door,1,21,male,C:\Users\rbk55\OneDrive\Documents\Project_CSE432-532\SER_Project\data\audio_song_actors\Actor_21\03-02-01-01-01-01-21.wav
03-02-01-01-01-02-21.wav,audio-only,song,neutral,1,normal,Kids are talking by the door,2,21,male,C:\Users\rbk55\OneDrive\Documents\Project_CSE432-532\SER_Project\data\audio_song_actors\Actor_21\03-02-01-01-01-02-21.wav
03-02-01-01-02-01-21.wav,audio-only,song,neutral,1,normal,Dogs are sitting by the door,1,21,male,C:\Users\rbk55\OneDrive\Documents\Project_CSE432-532\SER_Project\data\audio_song_actors\Actor_21\03-02-01-01-02-01-21.wav
03-02-01-01-02-02-21.wav,audio-only,song,neutral,1,normal,Dogs are sitting by the door,2,21,male,C:\Users\rbk55\OneDrive\Documents\Project_CSE432-532\SER_Project\data\audio_song_actors\Actor_21\03-02-01-01-02-02-21.wav
03-02-02-01-01-01-21.wav,audio-only,song,calm,2,normal,Kids are talking by the door,1,21,male,C:\Users\rbk55\OneDrive\Documents\Project_CSE432-532\SER_Project\data\audio_song_actors\Actor_21\03-02-02-01-01-01-21.wav
03-02-02-01-01-02-21.wav,audio-only,song,calm,2,normal,Kids are talking by the door,2,21,male,C:\Users\rbk55\OneDrive\Documents\Project_CSE432-532\SER_Project\data\audio_song_actors\Actor_21\03-02-02-01-01-02-21.wav
03-02-02-01-02-01-21.wav,audio-only,song,calm,2,normal,Dogs are sitting by the door,1,21,male,C:\Users\rbk55\OneDrive\Documents\Project_CSE432-532\SER_Project\data\audio_song_actors\Actor_21\03-02-02-01-02-01-21.wav
03-02-02-01-02-02-21.wav,audio-only,song,calm,2,normal,Dogs are sitting by the door,2,21,male,C:\Users\rbk55\OneDrive\Documents\Project_CSE432-532\SER_Project\data\audio_song_actors\Actor_21\03-02-02-01-02-02-21.wav
03-02-02-02-01-01-21.wav,audio-only,song,calm,2,strong,Kids are talking by the door,1,21,male,C:\Users\rbk55\OneDrive\Documents\Project_CSE432-532\SER_Project\data\audio_song_actors\Actor_21\03-02-02-02-01-01-21.wav
03-02-02-02-01-02-21.wav,audio-only,song,calm,2,strong,Kids are talking by the door,2,21,male,C:\Users\rbk55\OneDrive\Documents\Project_CSE432-532\SER_Project\data\audio_song_actors\Actor_21\03-02-02-02-01-02-21.wav
03-02-02-02-02-01-21.wav,audio-only,song,calm,2,strong,Dogs are sitting by the door,1,21,male,C:\Users\rbk55\OneDrive\Documents\Project_CSE432-532\SER_Project\data\audio_song_actors\Actor_21\03-02-02-02-02-01-21.wav
03-02-02-02-02-02-21.wav,audio-only,song,calm,2,strong,Dogs are sitting by the door,2,21,male,C:\Users\rbk55\OneDrive\Documents\Project_CSE432-532\SER_Project\data\audio_song_actors\Actor_21\03-02-02-02-02-02-21.wav
03-02-03-01-01-01-21.wav,audio-only,song,happy,3,normal,Kids are talking by the door,1,21,male,C:\Users\rbk55\OneDrive\Documents\Project_CSE432-532\SER_Project\data\audio_song_actors\Actor_21\03-02-03-01-01-01-21.wav
03-02-03-01-01-02-21.wav,audio-only,song,happy,3,normal,Kids are talking by the door,2,21,male,C:\Users\rbk55\OneDrive\Documents\Project_CSE432-532\SER_Project\data\audio_song_actors\Actor_21\03-02-03-01-01-02-21.wav
03-02-03-01-02-01-21.wav,audio-only,song,happy,3,normal,Dogs are sitting by the door,1,21,male,C:\Users\rbk55\OneDrive\Documents\Project_CSE432-532\SER_Project\data\audio_song_actors\Actor_21\03-02-03-01-02-01-21.wav
03-02-03-01-02-02-21.wav,audio-only,song,happy,3,normal,Dogs are sitting by the door,2,21,male,C:\Users\rbk55\OneDrive\Documents\Project_CSE432-532\SER_Project\data\audio_song_actors\Actor_21\03-02-03-01-02-02-21.wav
03-02-03-02-01-01-21.wav,audio-only,song,happy,3,strong,Kids are talking by the door,1,21,male,C:\Users\rbk55\OneDrive\Documents\Project_CSE432-532\SER_Project\data\audio_song_actors\Actor_21\03-02-03-02-01-01-21.wav
03-02-03-02-01-02-21.wav,audio-only,song,happy,3,strong,Kids are talking by the door,2,21,male,C:\Users\rbk55\OneDrive\Documents\Project_CSE432-532\SER_Project\data\audio_song_actors\Actor_21\03-02-03-02-01-02-21.wav
03-02-03-02-02-01-21.wav,audio-only,song,happy,3,strong,Dogs are sitting by the door,1,21,male,C:\Users\rbk55\OneDrive\Documents\Project_CSE432-532\SER_Project\data\audio_song_actors\Actor_21\03-02-03-02-02-01-21.wav
03-02-03-02-02-02-21.wav,audio-only,song,happy,3,strong,Dogs are sitting by the door,2,21,male,C:\Users\rbk55\OneDrive\Documents\Project_CSE432-532\SER_Project\data\audio_song_actors\Actor_21\03-02-03-02-02-02-21.wav
03-02-04-01-01-01-21.wav,audio-only,song,sad,4,normal,Kids are talking by the door,1,21,male,C:\Users\rbk55\OneDrive\Documents\Project_CSE432-532\SER_Project\data\audio_song_actors\Actor_21\03-02-04-01-01-01-21.wav
03-02-04-01-01-02-21.wav,audio-only,song,sad,4,normal,Kids are talking by the door,2,21,male,C:\Users\rbk55\OneDrive\Documents\Project_CSE432-532\SER_Project\data\audio_song_actors\Actor_21\03-02-04-01-01-02-21.wav
03-02-04-01-02-01-21.wav,audio-only,song,sad,4,normal,Dogs are sitting by the door,1,21,male,C:\Users\rbk55\OneDrive\Documents\Project_CSE432-532\SER_Project\data\audio_song_actors\Actor_21\03-02-04-01-02-01-21.wav
03-02-04-01-02-02-21.wav,audio-only,song,sad,4,normal,Dogs are sitting by the door,2,21,male,C:\Users\rbk55\OneDrive\Documents\Project_CSE432-532\SER_Project\data\audio_song_actors\Actor_21\03-02-04-01-02-02-21.wav
03-02-04-02-01-01-21.wav,audio-only,song,sad,4,strong,Kids are talking by the door,1,21,male,C:\Users\rbk55\OneDrive\Documents\Project_CSE432-532\SER_Project\data\audio_song_actors\Actor_21\03-02-04-02-01-01-21.wav
03-02-04-02-01-02-21.wav,audio-only,song,sad,4,strong,Kids are talking by the door,2,21,male,C:\Users\rbk55\OneDrive\Documents\Project_CSE432-532\SER_Project\data\audio_song_actors\Actor_21\03-02-04-02-01-02-21.wav
03-02-04-02-02-01-21.wav,audio-only,song,sad,4,strong,Dogs are sitting by the door,1,21,male,C:\Users\rbk55\OneDrive\Documents\Project_CSE432-532\SER_Project\data\audio_song_actors\Actor_21\03-02-04-02-02-01-21.wav
03-02-04-02-02-02-21.wav,audio-only,song,sad,4,strong,Dogs are sitting by the door,2,21,male,C:\Users\rbk55\OneDrive\Documents\Project_CSE432-532\SER_Project\data\audio_song_actors\Actor_21\03-02-04-02-02-02-21.wav
03-02-05-01-01-01-21.wav,audio-only,song,angry,5,normal,Kids are talking by the door,1,21,male,C:\Users\rbk55\OneDrive\Documents\Project_CSE432-532\SER_Project\data\audio_song_actors\Actor_21\03-02-05-01-01-01-21.wav
03-02-05-01-01-02-21.wav,audio-only,song,angry,5,normal,Kids are talking by the door,2,21,male,C:\Users\rbk55\OneDrive\Documents\Project_CSE432-532\SER_Project\data\audio_song_actors\Actor_21\03-02-05-01-01-02-21.wav
03-02-05-01-02-01-21.wav,audio-only,song,angry,5,normal,Dogs are sitting by the door,1,21,male,C:\Users\rbk55\OneDrive\Documents\Project_CSE432-532\SER_Project\data\audio_song_actors\Actor_21\03-02-05-01-02-01-21.wav
03-02-05-01-02-02-21.wav,audio-only,song,angry,5,normal,Dogs are sitting by the door,2,21,male,C:\Users\rbk55\OneDrive\Documents\Project_CSE432-532\SER_Project\data\audio_song_actors\Actor_21\03-02-05-01-02-02-21.wav
03-02-05-02-01-01-21.wav,audio-only,song,angry,5,strong,Kids are talking by the door,1,21,male,C:\Users\rbk55\OneDrive\Documents\Project_CSE432-532\SER_Project\data\audio_song_actors\Actor_21\03-02-05-02-01-01-21.wav
03-02-05-02-01-02-21.wav,audio-only,song,angry,5,strong,Kids are talking by the door,2,21,male,C:\Users\rbk55\OneDrive\Documents\Project_CSE432-532\SER_Project\data\audio_song_actors\Actor_21\03-02-05-02-01-02-21.wav
03-02-05-02-02-01-21.wav,audio-only,song,angry,5,strong,Dogs are sitting by the door,1,21,male,C:\Users\rbk55\OneDrive\Documents\Project_CSE432-532\SER_Project\data\audio_song_actors\Actor_21\03-02-05-02-02-01-21.wav
03-02-05-02-02-02-21.wav,audio-only,song,angry,5,strong,Dogs are sitting by the door,2,21,male,C:\Users\rbk55\OneDrive\Documents\Project_CSE432-532\SER_Project\data\audio_song_actors\Actor_21\03-02-05-02-02-02-21.wav
03-02-06-01-01-01-21.wav,audio-only,song,fearful,6,normal,Kids are talking by the door,1,21,male,C:\Users\rbk55\OneDrive\Documents\Project_CSE432-532\SER_Project\data\audio_song_actors\Actor_21\03-02-06-01-01-01-21.wav
03-02-06-01-01-02-21.wav,audio-only,song,fearful,6,normal,Kids are talking by the door,2,21,male,C:\Users\rbk55\OneDrive\Documents\Project_CSE432-532\SER_Project\data\audio_song_actors\Actor_21\03-02-06-01-01-02-21.wav
03-02-06-01-02-01-21.wav,audio-only,song,fearful,6,normal,Dogs are sitting by the door,1,21,male,C:\Users\rbk55\OneDrive\Documents\Project_CSE432-532\SER_Project\data\audio_song_actors\Actor_21\03-02-06-01-02-01-21.wav
03-02-06-01-02-02-21.wav,audio-only,song,fearful,6,normal,Dogs are sitting by the door,2,21,male,C:\Users\rbk55\OneDrive\Documents\Project_CSE432-532\SER_Project\data\audio_song_actors\Actor_21\03-02-06-01-02-02-21.wav
03-02-06-02-01-01-21.wav,audio-only,song,fearful,6,strong,Kids are talking by the door,1,21,male,C:\Users\rbk55\OneDrive\Documents\Project_CSE432-532\SER_Project\data\audio_song_actors\Actor_21\03-02-06-02-01-01-21.wav
03-02-06-02-01-02-21.wav,audio-only,song,fearful,6,strong,Kids are talking by the door,2,21,male,C:\Users\rbk55\OneDrive\Documents\Project_CSE432-532\SER_Project\data\audio_song_actors\Actor_21\03-02-06-02-01-02-21.wav
03-02-06-02-02-01-21.wav,audio-only,song,fearful,6,strong,Dogs are sitting by the door,1,21,male,C:\Users\rbk55\OneDrive\Documents\Project_CSE432-532\SER_Project\data\audio_song_actors\Actor_21\03-02-06-02-02-01-21.wav
03-02-06-02-02-02-21.wav,audio-only,song,fearful,6,strong,Dogs are sitting by the door,2,21,male,C:\Users\rbk55\OneDrive\Documents\Project_CSE432-532\SER_Project\data\audio_song_actors\Actor_21\03-02-06-02-02-02-21.wav
03-02-01-01-01-01-22.wav,audio-only,song,neutral,1,normal,Kids are talking by the door,1,22,female,C:\Users\rbk55\OneDrive\Documents\Project_CSE432-532\SER_Project\data\audio_song_actors\Actor_22\03-02-01-01-01-01-22.wav
03-02-01-01-01-02-22.wav,audio-only,song,neutral,1,normal,Kids are talking by the door,2,22,female,C:\Users\rbk55\OneDrive\Documents\Project_CSE432-532\SER_Project\data\audio_song_actors\Actor_22\03-02-01-01-01-02-22.wav
03-02-01-01-02-01-22.wav,audio-only,song,neutral,1,normal,Dogs are sitting by the door,1,22,female,C:\Users\rbk55\OneDrive\Documents\Project_CSE432-532\SER_Project\data\audio_song_actors\Actor_22\03-02-01-01-02-01-22.wav
03-02-01-01-02-02-22.wav,audio-only,song,neutral,1,normal,Dogs are sitting by the door,2,22,female,C:\Users\rbk55\OneDrive\Documents\Project_CSE432-532\SER_Project\data\audio_song_actors\Actor_22\03-02-01-01-02-02-22.wav
03-02-02-01-01-01-22.wav,audio-only,song,calm,2,normal,Kids are talking by the door,1,22,female,C:\Users\rbk55\OneDrive\Documents\Project_CSE432-532\SER_Project\data\audio_song_actors\Actor_22\03-02-02-01-01-01-22.wav
03-02-02-01-01-02-22.wav,audio-only,song,calm,2,normal,Kids are talking by the door,2,22,female,C:\Users\rbk55\OneDrive\Documents\Project_CSE432-532\SER_Project\data\audio_song_actors\Actor_22\03-02-02-01-01-02-22.wav
03-02-02-01-02-01-22.wav,audio-only,song,calm,2,normal,Dogs are sitting by the door,1,22,female,C:\Users\rbk55\OneDrive\Documents\Project_CSE432-532\SER_Project\data\audio_song_actors\Actor_22\03-02-02-01-02-01-22.wav
03-02-02-01-02-02-22.wav,audio-only,song,calm,2,normal,Dogs are sitting by the door,2,22,female,C:\Users\rbk55\OneDrive\Documents\Project_CSE432-532\SER_Project\data\audio_song_actors\Actor_22\03-02-02-01-02-02-22.wav
03-02-02-02-01-01-22.wav,audio-only,song,calm,2,strong,Kids are talking by the door,1,22,female,C:\Users\rbk55\OneDrive\Documents\Project_CSE432-532\SER_Project\data\audio_song_actors\Actor_22\03-02-02-02-01-01-22.wav
03-02-02-02-01-02-22.wav,audio-only,song,calm,2,strong,Kids are talking by the door,2,22,female,C:\Users\rbk55\OneDrive\Documents\Project_CSE432-532\SER_Project\data\audio_song_actors\Actor_22\03-02-02-02-01-02-22.wav
03-02-02-02-02-01-22.wav,audio-only,song,calm,2,strong,Dogs are sitting by the door,1,22,female,C:\Users\rbk55\OneDrive\Documents\Project_CSE432-532\SER_Project\data\audio_song_actors\Actor_22\03-02-02-02-02-01-22.wav
03-02-02-02-02-02-22.wav,audio-only,song,calm,2,strong,Dogs are sitting by the door,2,22,female,C:\Users\rbk55\OneDrive\Documents\Project_CSE432-532\SER_Project\data\audio_song_actors\Actor_22\03-02-02-02-02-02-22.wav
03-02-03-01-01-01-22.wav,audio-only,song,happy,3,normal,Kids are talking by the door,1,22,female,C:\Users\rbk55\OneDrive\Documents\Project_CSE432-532\SER_Project\data\audio_song_actors\Actor_22\03-02-03-01-01-01-22.wav
03-02-03-01-01-02-22.wav,audio-only,song,happy,3,normal,Kids are talking by the door,2,22,female,C:\Users\rbk55\OneDrive\Documents\Project_CSE432-532\SER_Project\data\audio_song_actors\Actor_22\03-02-03-01-01-02-22.wav
03-02-03-01-02-01-22.wav,audio-only,song,happy,3,normal,Dogs are sitting by the door,1,22,female,C:\Users\rbk55\OneDrive\Documents\Project_CSE432-532\SER_Project\data\audio_song_actors\Actor_22\03-02-03-01-02-01-22.wav
03-02-03-01-02-02-22.wav,audio-only,song,happy,3,normal,Dogs are sitting by the door,2,22,female,C:\Users\rbk55\OneDrive\Documents\Project_CSE432-532\SER_Project\data\audio_song_actors\Actor_22\03-02-03-01-02-02-22.wav
03-02-03-02-01-01-22.wav,audio-only,song,happy,3,strong,Kids are talking by the door,1,22,female,C:\Users\rbk55\OneDrive\Documents\Project_CSE432-532\SER_Project\data\audio_song_actors\Actor_22\03-02-03-02-01-01-22.wav
03-02-03-02-01-02-22.wav,audio-only,song,happy,3,strong,Kids are talking by the door,2,22,female,C:\Users\rbk55\OneDrive\Documents\Project_CSE432-532\SER_Project\data\audio_song_actors\Actor_22\03-02-03-02-01-02-22.wav
03-02-03-02-02-01-22.wav,audio-only,song,happy,3,strong,Dogs are sitting by the door,1,22,female,C:\Users\rbk55\OneDrive\Documents\Project_CSE432-532\SER_Project\data\audio_song_actors\Actor_22\03-02-03-02-02-01-22.wav
03-02-03-02-02-02-22.wav,audio-only,song,happy,3,strong,Dogs are sitting by the door,2,22,female,C:\Users\rbk55\OneDrive\Documents\Project_CSE432-532\SER_Project\data\audio_song_actors\Actor_22\03-02-03-02-02-02-22.wav
03-02-04-01-01-01-22.wav,audio-only,song,sad,4,normal,Kids are talking by the door,1,22,female,C:\Users\rbk55\OneDrive\Documents\Project_CSE432-532\SER_Project\data\audio_song_actors\Actor_22\03-02-04-01-01-01-22.wav
03-02-04-01-01-02-22.wav,audio-only,song,sad,4,normal,Kids are talking by the door,2,22,female,C:\Users\rbk55\OneDrive\Documents\Project_CSE432-532\SER_Project\data\audio_song_actors\Actor_22\03-02-04-01-01-02-22.wav
03-02-04-01-02-01-22.wav,audio-only,song,sad,4,normal,Dogs are sitting by the door,1,22,female,C:\Users\rbk55\OneDrive\Documents\Project_CSE432-532\SER_Project\data\audio_song_actors\Actor_22\03-02-04-01-02-01-22.wav
03-02-04-01-02-02-22.wav,audio-only,song,sad,4,normal,Dogs are sitting by the door,2,22,female,C:\Users\rbk55\OneDrive\Documents\Project_CSE432-532\SER_Project\data\audio_song_actors\Actor_22\03-02-04-01-02-02-22.wav
03-02-04-02-01-01-22.wav,audio-only,song,sad,4,strong,Kids are talking by the door,1,22,female,C:\Users\rbk55\OneDrive\Documents\Project_CSE432-532\SER_Project\data\audio_song_actors\Actor_22\03-02-04-02-01-01-22.wav
03-02-04-02-01-02-22.wav,audio-only,song,sad,4,strong,Kids are talking by the door,2,22,female,C:\Users\rbk55\OneDrive\Documents\Project_CSE432-532\SER_Project\data\audio_song_actors\Actor_22\03-02-04-02-01-02-22.wav
03-02-04-02-02-01-22.wav,audio-only,song,sad,4,strong,Dogs are sitting by the door,1,22,female,C:\Users\rbk55\OneDrive\Documents\Project_CSE432-532\SER_Project\data\audio_song_actors\Actor_22\03-02-04-02-02-01-22.wav
03-02-04-02-02-02-22.wav,audio-only,song,sad,4,strong,Dogs are sitting by the door,2,22,female,C:\Users\rbk55\OneDrive\Documents\Project_CSE432-532\SER_Project\data\audio_song_actors\Actor_22\03-02-04-02-02-02-22.wav
03-02-05-01-01-01-22.wav,audio-only,song,angry,5,normal,Kids are talking by the door,1,22,female,C:\Users\rbk55\OneDrive\Documents\Project_CSE432-532\SER_Project\data\audio_song_actors\Actor_22\03-02-05-01-01-01-22.wav
03-02-05-01-01-02-22.wav,audio-only,song,angry,5,normal,Kids are talking by the door,2,22,female,C:\Users\rbk55\OneDrive\Documents\Project_CSE432-532\SER_Project\data\audio_song_actors\Actor_22\03-02-05-01-01-02-22.wav
03-02-05-01-02-01-22.wav,audio-only,song,angry,5,normal,Dogs are sitting by the door,1,22,female,C:\Users\rbk55\OneDrive\Documents\Project_CSE432-532\SER_Project\data\audio_song_actors\Actor_22\03-02-05-01-02-01-22.wav
03-02-05-01-02-02-22.wav,audio-only,song,angry,5,normal,Dogs are sitting by the door,2,22,female,C:\Users\rbk55\OneDrive\Documents\Project_CSE432-532\SER_Project\data\audio_song_actors\Actor_22\03-02-05-01-02-02-22.wav
03-02-05-02-01-01-22.wav,audio-only,song,angry,5,strong,Kids are talking by the door,1,22,female,C:\Users\rbk55\OneDrive\Documents\Project_CSE432-532\SER_Project\data\audio_song_actors\Actor_22\03-02-05-02-01-01-22.wav
03-02-05-02-01-02-22.wav,audio-only,song,angry,5,strong,Kids are talking by the door,2,22,female,C:\Users\rbk55\OneDrive\Documents\Project_CSE432-532\SER_Project\data\audio_song_actors\Actor_22\03-02-05-02-01-02-22.wav
03-02-05-02-02-01-22.wav,audio-only,song,angry,5,strong,Dogs are sitting by the door,1,22,female,C:\Users\rbk55\OneDrive\Documents\Project_CSE432-532\SER_Project\data\audio_song_actors\Actor_22\03-02-05-02-02-01-22.wav
03-02-05-02-02-02-22.wav,audio-only,song,angry,5,strong,Dogs are sitting by the door,2,22,female,C:\Users\rbk55\OneDrive\Documents\Project_CSE432-532\SER_Project\data\audio_song_actors\Actor_22\03-02-05-02-02-02-22.wav
03-02-06-01-01-01-22.wav,audio-only,song,fearful,6,normal,Kids are talking by the door,1,22,female,C:\Users\rbk55\OneDrive\Documents\Project_CSE432-532\SER_Project\data\audio_song_actors\Actor_22\03-02-06-01-01-01-22.wav
03-02-06-01-01-02-22.wav,audio-only,song,fearful,6,normal,Kids are talking by the door,2,22,female,C:\Users\rbk55\OneDrive\Documents\Project_CSE432-532\SER_Project\data\audio_song_actors\Actor_22\03-02-06-01-01-02-22.wav
03-02-06-01-02-01-22.wav,audio-only,song,fearful,6,normal,Dogs are sitting by the door,1,22,female,C:\Users\rbk55\OneDrive\Documents\Project_CSE432-532\SER_Project\data\audio_song_actors\Actor_22\03-02-06-01-02-01-22.wav
03-02-06-01-02-02-22.wav,audio-only,song,fearful,6,normal,Dogs are sitting by the door,2,22,female,C:\Users\rbk55\OneDrive\Documents\Project_CSE432-532\SER_Project\data\audio_song_actors\Actor_22\03-02-06-01-02-02-22.wav
03-02-06-02-01-01-22.wav,audio-only,song,fearful,6,strong,Kids are talking by the door,1,22,female,C:\Users\rbk55\OneDrive\Documents\Project_CSE432-532\SER_Project\data\audio_song_actors\Actor_22\03-02-06-02-01-01-22.wav
03-02-06-02-01-02-22.wav,audio-only,song,fearful,6,strong,Kids are talking by the door,2,22,female,C:\Users\rbk55\OneDrive\Documents\Project_CSE432-532\SER_Project\data\audio_song_actors\Actor_22\03-02-06-02-01-02-22.wav
03-02-06-02-02-01-22.wav,audio-only,song,fearful,6,strong,Dogs are sitting by the door,1,22,female,C:\Users\rbk55\OneDrive\Documents\Project_CSE432-532\SER_Project\data\audio_song_actors\Actor_22\03-02-06-02-02-01-22.wav
03-02-06-02-02-02-22.wav,audio-only,song,fearful,6,strong,Dogs are sitting by the door,2,22,female,C:\Users\rbk55\OneDrive\Documents\Project_CSE432-532\SER_Project\data\audio_song_actors\Actor_22\03-02-06-02-02-02-22.wav
03-02-01-01-01-01-23.wav,audio-only,song,neutral,1,normal,Kids are talking by the door,1,23,male,C:\Users\rbk55\OneDrive\Documents\Project_CSE432-532\SER_Project\data\audio_song_actors\Actor_23\03-02-01-01-01-01-23.wav
03-02-01-01-01-02-23.wav,audio-only,song,neutral,1,normal,Kids are talking by the door,2,23,male,C:\Users\rbk55\OneDrive\Documents\Project_CSE432-532\SER_Project\data\audio_song_actors\Actor_23\03-02-01-01-01-02-23.wav
03-02-01-01-02-01-23.wav,audio-only,song,neutral,1,normal,Dogs are sitting by the door,1,23,male,C:\Users\rbk55\OneDrive\Documents\Project_CSE432-532\SER_Project\data\audio_song_actors\Actor_23\03-02-01-01-02-01-23.wav
03-02-01-01-02-02-23.wav,audio-only,song,neutral,1,normal,Dogs are sitting by the door,2,23,male,C:\Users\rbk55\OneDrive\Documents\Project_CSE432-532\SER_Project\data\audio_song_actors\Actor_23\03-02-01-01-02-02-23.wav
03-02-02-01-01-01-23.wav,audio-only,song,calm,2,normal,Kids are talking by the door,1,23,male,C:\Users\rbk55\OneDrive\Documents\Project_CSE432-532\SER_Project\data\audio_song_actors\Actor_23\03-02-02-01-01-01-23.wav
03-02-02-01-01-02-23.wav,audio-only,song,calm,2,normal,Kids are talking by the door,2,23,male,C:\Users\rbk55\OneDrive\Documents\Project_CSE432-532\SER_Project\data\audio_song_actors\Actor_23\03-02-02-01-01-02-23.wav
03-02-02-01-02-01-23.wav,audio-only,song,calm,2,normal,Dogs are sitting by the door,1,23,male,C:\Users\rbk55\OneDrive\Documents\Project_CSE432-532\SER_Project\data\audio_song_actors\Actor_23\03-02-02-01-02-01-23.wav
03-02-02-01-02-02-23.wav,audio-only,song,calm,2,normal,Dogs are sitting by the door,2,23,male,C:\Users\rbk55\OneDrive\Documents\Project_CSE432-532\SER_Project\data\audio_song_actors\Actor_23\03-02-02-01-02-02-23.wav
03-02-02-02-01-01-23.wav,audio-only,song,calm,2,strong,Kids are talking by the door,1,23,male,C:\Users\rbk55\OneDrive\Documents\Project_CSE432-532\SER_Project\data\audio_song_actors\Actor_23\03-02-02-02-01-01-23.wav
03-02-02-02-01-02-23.wav,audio-only,song,calm,2,strong,Kids are talking by the door,2,23,male,C:\Users\rbk55\OneDrive\Documents\Project_CSE432-532\SER_Project\data\audio_song_actors\Actor_23\03-02-02-02-01-02-23.wav
03-02-02-02-02-01-23.wav,audio-only,song,calm,2,strong,Dogs are sitting by the door,1,23,male,C:\Users\rbk55\OneDrive\Documents\Project_CSE432-532\SER_Project\data\audio_song_actors\Actor_23\03-02-02-02-02-01-23.wav
03-02-02-02-02-02-23.wav,audio-only,song,calm,2,strong,Dogs are sitting by the door,2,23,male,C:\Users\rbk55\OneDrive\Documents\Project_CSE432-532\SER_Project\data\audio_song_actors\Actor_23\03-02-02-02-02-02-23.wav
03-02-03-01-01-01-23.wav,audio-only,song,happy,3,normal,Kids are talking by the door,1,23,male,C:\Users\rbk55\OneDrive\Documents\Project_CSE432-532\SER_Project\data\audio_song_actors\Actor_23\03-02-03-01-01-01-23.wav
03-02-03-01-01-02-23.wav,audio-only,song,happy,3,normal,Kids are talking by the door,2,23,male,C:\Users\rbk55\OneDrive\Documents\Project_CSE432-532\SER_Project\data\audio_song_actors\Actor_23\03-02-03-01-01-02-23.wav
03-02-03-01-02-01-23.wav,audio-only,song,happy,3,normal,Dogs are sitting by the door,1,23,male,C:\Users\rbk55\OneDrive\Documents\Project_CSE432-532\SER_Project\data\audio_song_actors\Actor_23\03-02-03-01-02-01-23.wav
03-02-03-01-02-02-23.wav,audio-only,song,happy,3,normal,Dogs are sitting by the door,2,23,male,C:\Users\rbk55\OneDrive\Documents\Project_CSE432-532\SER_Project\data\audio_song_actors\Actor_23\03-02-03-01-02-02-23.wav
03-02-03-02-01-01-23.wav,audio-only,song,happy,3,strong,Kids are talking by the door,1,23,male,C:\Users\rbk55\OneDrive\Documents\Project_CSE432-532\SER_Project\data\audio_song_actors\Actor_23\03-02-03-02-01-01-23.wav
03-02-03-02-01-02-23.wav,audio-only,song,happy,3,strong,Kids are talking by the door,2,23,male,C:\Users\rbk55\OneDrive\Documents\Project_CSE432-532\SER_Project\data\audio_song_actors\Actor_23\03-02-03-02-01-02-23.wav
03-02-03-02-02-01-23.wav,audio-only,song,happy,3,strong,Dogs are sitting by the door,1,23,male,C:\Users\rbk55\OneDrive\Documents\Project_CSE432-532\SER_Project\data\audio_song_actors\Actor_23\03-02-03-02-02-01-23.wav
03-02-03-02-02-02-23.wav,audio-only,song,happy,3,strong,Dogs are sitting by the door,2,23,male,C:\Users\rbk55\OneDrive\Documents\Project_CSE432-532\SER_Project\data\audio_song_actors\Actor_23\03-02-03-02-02-02-23.wav
03-02-04-01-01-01-23.wav,audio-only,song,sad,4,normal,Kids are talking by the door,1,23,male,C:\Users\rbk55\OneDrive\Documents\Project_CSE432-532\SER_Project\data\audio_song_actors\Actor_23\03-02-04-01-01-01-23.wav
03-02-04-01-01-02-23.wav,audio-only,song,sad,4,normal,Kids are talking by the door,2,23,male,C:\Users\rbk55\OneDrive\Documents\Project_CSE432-532\SER_Project\data\audio_song_actors\Actor_23\03-02-04-01-01-02-23.wav
03-02-04-01-02-01-23.wav,audio-only,song,sad,4,normal,Dogs are sitting by the door,1,23,male,C:\Users\rbk55\OneDrive\Documents\Project_CSE432-532\SER_Project\data\audio_song_actors\Actor_23\03-02-04-01-02-01-23.wav
03-02-04-01-02-02-23.wav,audio-only,song,sad,4,normal,Dogs are sitting by the door,2,23,male,C:\Users\rbk55\OneDrive\Documents\Project_CSE432-532\SER_Project\data\audio_song_actors\Actor_23\03-02-04-01-02-02-23.wav
03-02-04-02-01-01-23.wav,audio-only,song,sad,4,strong,Kids are talking by the door,1,23,male,C:\Users\rbk55\OneDrive\Documents\Project_CSE432-532\SER_Project\data\audio_song_actors\Actor_23\03-02-04-02-01-01-23.wav
03-02-04-02-01-02-23.wav,audio-only,song,sad,4,strong,Kids are talking by the door,2,23,male,C:\Users\rbk55\OneDrive\Documents\Project_CSE432-532\SER_Project\data\audio_song_actors\Actor_23\03-02-04-02-01-02-23.wav
03-02-04-02-02-01-23.wav,audio-only,song,sad,4,strong,Dogs are sitting by the door,1,23,male,C:\Users\rbk55\OneDrive\Documents\Project_CSE432-532\SER_Project\data\audio_song_actors\Actor_23\03-02-04-02-02-01-23.wav
03-02-04-02-02-02-23.wav,audio-only,song,sad,4,strong,Dogs are sitting by the door,2,23,male,C:\Users\rbk55\OneDrive\Documents\Project_CSE432-532\SER_Project\data\audio_song_actors\Actor_23\03-02-04-02-02-02-23.wav
03-02-05-01-01-01-23.wav,audio-only,song,angry,5,normal,Kids are talking by the door,1,23,male,C:\Users\rbk55\OneDrive\Documents\Project_CSE432-532\SER_Project\data\audio_song_actors\Actor_23\03-02-05-01-01-01-23.wav
03-02-05-01-01-02-23.wav,audio-only,song,angry,5,normal,Kids are talking by the door,2,23,male,C:\Users\rbk55\OneDrive\Documents\Project_CSE432-532\SER_Project\data\audio_song_actors\Actor_23\03-02-05-01-01-02-23.wav
03-02-05-01-02-01-23.wav,audio-only,song,angry,5,normal,Dogs are sitting by the door,1,23,male,C:\Users\rbk55\OneDrive\Documents\Project_CSE432-532\SER_Project\data\audio_song_actors\Actor_23\03-02-05-01-02-01-23.wav
03-02-05-01-02-02-23.wav,audio-only,song,angry,5,normal,Dogs are sitting by the door,2,23,male,C:\Users\rbk55\OneDrive\Documents\Project_CSE432-532\SER_Project\data\audio_song_actors\Actor_23\03-02-05-01-02-02-23.wav
03-02-05-02-01-01-23.wav,audio-only,song,angry,5,strong,Kids are talking by the door,1,23,male,C:\Users\rbk55\OneDrive\Documents\Project_CSE432-532\SER_Project\data\audio_song_actors\Actor_23\03-02-05-02-01-01-23.wav
03-02-05-02-01-02-23.wav,audio-only,song,angry,5,strong,Kids are talking by the door,2,23,male,C:\Users\rbk55\OneDrive\Documents\Project_CSE432-532\SER_Project\data\audio_song_actors\Actor_23\03-02-05-02-01-02-23.wav
03-02-05-02-02-01-23.wav,audio-only,song,angry,5,strong,Dogs are sitting by the door,1,23,male,C:\Users\rbk55\OneDrive\Documents\Project_CSE432-532\SER_Project\data\audio_song_actors\Actor_23\03-02-05-02-02-01-23.wav
03-02-05-02-02-02-23.wav,audio-only,song,angry,5,strong,Dogs are sitting by the door,2,23,male,C:\Users\rbk55\OneDrive\Documents\Project_CSE432-532\SER_Project\data\audio_song_actors\Actor_23\03-02-05-02-02-02-23.wav
03-02-06-01-01-01-23.wav,audio-only,song,fearful,6,normal,Kids are talking by the door,1,23,male,C:\Users\rbk55\OneDrive\Documents\Project_CSE432-532\SER_Project\data\audio_song_actors\Actor_23\03-02-06-01-01-01-23.wav
03-02-06-01-01-02-23.wav,audio-only,song,fearful,6,normal,Kids are talking by the door,2,23,male,C:\Users\rbk55\OneDrive\Documents\Project_CSE432-532\SER_Project\data\audio_song_actors\Actor_23\03-02-06-01-01-02-23.wav
03-02-06-01-02-01-23.wav,audio-only,song,fearful,6,normal,Dogs are sitting by the door,1,23,male,C:\Users\rbk55\OneDrive\Documents\Project_CSE432-532\SER_Project\data\audio_song_actors\Actor_23\03-02-06-01-02-01-23.wav
03-02-06-01-02-02-23.wav,audio-only,song,fearful,6,normal,Dogs are sitting by the door,2,23,male,C:\Users\rbk55\OneDrive\Documents\Project_CSE432-532\SER_Project\data\audio_song_actors\Actor_23\03-02-06-01-02-02-23.wav
03-02-06-02-01-01-23.wav,audio-only,song,fearful,6,strong,Kids are talking by the door,1,23,male,C:\Users\rbk55\OneDrive\Documents\Project_CSE432-532\SER_Project\data\audio_song_actors\Actor_23\03-02-06-02-01-01-23.wav
03-02-06-02-01-02-23.wav,audio-only,song,fearful,6,strong,Kids are talking by the door,2,23,male,C:\Users\rbk55\OneDrive\Documents\Project_CSE432-532\SER_Project\data\audio_song_actors\Actor_23\03-02-06-02-01-02-23.wav
03-02-06-02-02-01-23.wav,audio-only,song,fearful,6,strong,Dogs are sitting by the door,1,23,male,C:\Users\rbk55\OneDrive\Documents\Project_CSE432-532\SER_Project\data\audio_song_actors\Actor_23\03-02-06-02-02-01-23.wav
03-02-06-02-02-02-23.wav,audio-only,song,fearful,6,strong,Dogs are sitting by the door,2,23,male,C:\Users\rbk55\OneDrive\Documents\Project_CSE432-532\SER_Project\data\audio_song_actors\Actor_23\03-02-06-02-02-02-23.wav
03-02-01-01-01-01-24.wav,audio-only,song,neutral,1,normal,Kids are talking by the door,1,24,female,C:\Users\rbk55\OneDrive\Documents\Project_CSE432-532\SER_Project\data\audio_song_actors\Actor_24\03-02-01-01-01-01-24.wav
03-02-01-01-01-02-24.wav,audio-only,song,neutral,1,normal,Kids are talking by the door,2,24,female,C:\Users\rbk55\OneDrive\Documents\Project_CSE432-532\SER_Project\data\audio_song_actors\Actor_24\03-02-01-01-01-02-24.wav
03-02-01-01-02-01-24.wav,audio-only,song,neutral,1,normal,Dogs are sitting by the door,1,24,female,C:\Users\rbk55\OneDrive\Documents\Project_CSE432-532\SER_Project\data\audio_song_actors\Actor_24\03-02-01-01-02-01-24.wav
03-02-01-01-02-02-24.wav,audio-only,song,neutral,1,normal,Dogs are sitting by the door,2,24,female,C:\Users\rbk55\OneDrive\Documents\Project_CSE432-532\SER_Project\data\audio_song_actors\Actor_24\03-02-01-01-02-02-24.wav
03-02-02-01-01-01-24.wav,audio-only,song,calm,2,normal,Kids are talking by the door,1,24,female,C:\Users\rbk55\OneDrive\Documents\Project_CSE432-532\SER_Project\data\audio_song_actors\Actor_24\03-02-02-01-01-01-24.wav
03-02-02-01-01-02-24.wav,audio-only,song,calm,2,normal,Kids are talking by the door,2,24,female,C:\Users\rbk55\OneDrive\Documents\Project_CSE432-532\SER_Project\data\audio_song_actors\Actor_24\03-02-02-01-01-02-24.wav
03-02-02-01-02-01-24.wav,audio-only,song,calm,2,normal,Dogs are sitting by the door,1,24,female,C:\Users\rbk55\OneDrive\Documents\Project_CSE432-532\SER_Project\data\audio_song_actors\Actor_24\03-02-02-01-02-01-24.wav
03-02-02-01-02-02-24.wav,audio-only,song,calm,2,normal,Dogs are sitting by the door,2,24,female,C:\Users\rbk55\OneDrive\Documents\Project_CSE432-532\SER_Project\data\audio_song_actors\Actor_24\03-02-02-01-02-02-24.wav
03-02-02-02-01-01-24.wav,audio-only,song,calm,2,strong,Kids are talking by the door,1,24,female,C:\Users\rbk55\OneDrive\Documents\Project_CSE432-532\SER_Project\data\audio_song_actors\Actor_24\03-02-02-02-01-01-24.wav
03-02-02-02-01-02-24.wav,audio-only,song,calm,2,strong,Kids are talking by the door,2,24,female,C:\Users\rbk55\OneDrive\Documents\Project_CSE432-532\SER_Project\data\audio_song_actors\Actor_24\03-02-02-02-01-02-24.wav
03-02-02-02-02-01-24.wav,audio-only,song,calm,2,strong,Dogs are sitting by the door,1,24,female,C:\Users\rbk55\OneDrive\Documents\Project_CSE432-532\SER_Project\data\audio_song_actors\Actor_24\03-02-02-02-02-01-24.wav
03-02-02-02-02-02-24.wav,audio-only,song,calm,2,strong,Dogs are sitting by the door,2,24,female,C:\Users\rbk55\OneDrive\Documents\Project_CSE432-532\SER_Project\data\audio_song_actors\Actor_24\03-02-02-02-02-02-24.wav
03-02-03-01-01-01-24.wav,audio-only,song,happy,3,normal,Kids are talking by the door,1,24,female,C:\Users\rbk55\OneDrive\Documents\Project_CSE432-532\SER_Project\data\audio_song_actors\Actor_24\03-02-03-01-01-01-24.wav
03-02-03-01-01-02-24.wav,audio-only,song,happy,3,normal,Kids are talking by the door,2,24,female,C:\Users\rbk55\OneDrive\Documents\Project_CSE432-532\SER_Project\data\audio_song_actors\Actor_24\03-02-03-01-01-02-24.wav
03-02-03-01-02-01-24.wav,audio-only,song,happy,3,normal,Dogs are sitting by the door,1,24,female,C:\Users\rbk55\OneDrive\Documents\Project_CSE432-532\SER_Project\data\audio_song_actors\Actor_24\03-02-03-01-02-01-24.wav
03-02-03-01-02-02-24.wav,audio-only,song,happy,3,normal,Dogs are sitting by the door,2,24,female,C:\Users\rbk55\OneDrive\Documents\Project_CSE432-532\SER_Project\data\audio_song_actors\Actor_24\03-02-03-01-02-02-24.wav
03-02-03-02-01-01-24.wav,audio-only,song,happy,3,strong,Kids are talking by the door,1,24,female,C:\Users\rbk55\OneDrive\Documents\Project_CSE432-532\SER_Project\data\audio_song_actors\Actor_24\03-02-03-02-01-01-24.wav
03-02-03-02-01-02-24.wav,audio-only,song,happy,3,strong,Kids are talking by the door,2,24,female,C:\Users\rbk55\OneDrive\Documents\Project_CSE432-532\SER_Project\data\audio_song_actors\Actor_24\03-02-03-02-01-02-24.wav
03-02-03-02-02-01-24.wav,audio-only,song,happy,3,strong,Dogs are sitting by the door,1,24,female,C:\Users\rbk55\OneDrive\Documents\Project_CSE432-532\SER_Project\data\audio_song_actors\Actor_24\03-02-03-02-02-01-24.wav
03-02-03-02-02-02-24.wav,audio-only,song,happy,3,strong,Dogs are sitting by the door,2,24,female,C:\Users\rbk55\OneDrive\Documents\Project_CSE432-532\SER_Project\data\audio_song_actors\Actor_24\03-02-03-02-02-02-24.wav
03-02-04-01-01-01-24.wav,audio-only,song,sad,4,normal,Kids are talking by the door,1,24,female,C:\Users\rbk55\OneDrive\Documents\Project_CSE432-532\SER_Project\data\audio_song_actors\Actor_24\03-02-04-01-01-01-24.wav
03-02-04-01-01-02-24.wav,audio-only,song,sad,4,normal,Kids are talking by the door,2,24,female,C:\Users\rbk55\OneDrive\Documents\Project_CSE432-532\SER_Project\data\audio_song_actors\Actor_24\03-02-04-01-01-02-24.wav
03-02-04-01-02-01-24.wav,audio-only,song,sad,4,normal,Dogs are sitting by the door,1,24,female,C:\Users\rbk55\OneDrive\Documents\Project_CSE432-532\SER_Project\data\audio_song_actors\Actor_24\03-02-04-01-02-01-24.wav
03-02-04-01-02-02-24.wav,audio-only,song,sad,4,normal,Dogs are sitting by the door,2,24,female,C:\Users\rbk55\OneDrive\Documents\Project_CSE432-532\SER_Project\data\audio_song_actors\Actor_24\03-02-04-01-02-02-24.wav
03-02-04-02-01-01-24.wav,audio-only,song,sad,4,strong,Kids are talking by the door,1,24,female,C:\Users\rbk55\OneDrive\Documents\Project_CSE432-532\SER_Project\data\audio_song_actors\Actor_24\03-02-04-02-01-01-24.wav
03-02-04-02-01-02-24.wav,audio-only,song,sad,4,strong,Kids are talking by the door,2,24,female,C:\Users\rbk55\OneDrive\Documents\Project_CSE432-532\SER_Project\data\audio_song_actors\Actor_24\03-02-04-02-01-02-24.wav
03-02-04-02-02-01-24.wav,audio-only,song,sad,4,strong,Dogs are sitting by the door,1,24,female,C:\Users\rbk55\OneDrive\Documents\Project_CSE432-532\SER_Project\data\audio_song_actors\Actor_24\03-02-04-02-02-01-24.wav
03-02-04-02-02-02-24.wav,audio-only,song,sad,4,strong,Dogs are sitting by the door,2,24,female,C:\Users\rbk55\OneDrive\Documents\Project_CSE432-532\SER_Project\data\audio_song_actors\Actor_24\03-02-04-02-02-02-24.wav
03-02-05-01-01-01-24.wav,audio-only,song,angry,5,normal,Kids are talking by the door,1,24,female,C:\Users\rbk55\OneDrive\Documents\Project_CSE432-532\SER_Project\data\audio_song_actors\Actor_24\03-02-05-01-01-01-24.wav
03-02-05-01-01-02-24.wav,audio-only,song,angry,5,normal,Kids are talking by the door,2,24,female,C:\Users\rbk55\OneDrive\Documents\Project_CSE432-532\SER_Project\data\audio_song_actors\Actor_24\03-02-05-01-01-02-24.wav
03-02-05-01-02-01-24.wav,audio-only,song,angry,5,normal,Dogs are sitting by the door,1,24,female,C:\Users\rbk55\OneDrive\Documents\Project_CSE432-532\SER_Project\data\audio_song_actors\Actor_24\03-02-05-01-02-01-24.wav
03-02-05-01-02-02-24.wav,audio-only,song,angry,5,normal,Dogs are sitting by the door,2,24,female,C:\Users\rbk55\OneDrive\Documents\Project_CSE432-532\SER_Project\data\audio_song_actors\Actor_24\03-02-05-01-02-02-24.wav
03-02-05-02-01-01-24.wav,audio-only,song,angry,5,strong,Kids are talking by the door,1,24,female,C:\Users\rbk55\OneDrive\Documents\Project_CSE432-532\SER_Project\data\audio_song_actors\Actor_24\03-02-05-02-01-01-24.wav
03-02-05-02-01-02-24.wav,audio-only,song,angry,5,strong,Kids are talking by the door,2,24,female,C:\Users\rbk55\OneDrive\Documents\Project_CSE432-532\SER_Project\data\audio_song_actors\Actor_24\03-02-05-02-01-02-24.wav
03-02-05-02-02-01-24.wav,audio-only,song,angry,5,strong,Dogs are sitting by the door,1,24,female,C:\Users\rbk55\OneDrive\Documents\Project_CSE432-532\SER_Project\data\audio_song_actors\Actor_24\03-02-05-02-02-01-24.wav
03-02-05-02-02-02-24.wav,audio-only,song,angry,5,strong,Dogs are sitting by the door,2,24,female,C:\Users\rbk55\OneDrive\Documents\Project_CSE432-532\SER_Project\data\audio_song_actors\Actor_24\03-02-05-02-02-02-24.wav
03-02-06-01-01-01-24.wav,audio-only,song,fearful,6,normal,Kids are talking by the door,1,24,female,C:\Users\rbk55\OneDrive\Documents\Project_CSE432-532\SER_Project\data\audio_song_actors\Actor_24\03-02-06-01-01-01-24.wav
03-02-06-01-01-02-24.wav,audio-only,song,fearful,6,normal,Kids are talking by the door,2,24,female,C:\Users\rbk55\OneDrive\Documents\Project_CSE432-532\SER_Project\data\audio_song_actors\Actor_24\03-02-06-01-01-02-24.wav
03-02-06-01-02-01-24.wav,audio-only,song,fearful,6,normal,Dogs are sitting by the door,1,24,female,C:\Users\rbk55\OneDrive\Documents\Project_CSE432-532\SER_Project\data\audio_song_actors\Actor_24\03-02-06-01-02-01-24.wav
03-02-06-01-02-02-24.wav,audio-only,song,fearful,6,normal,Dogs are sitting by the door,2,24,female,C:\Users\rbk55\OneDrive\Documents\Project_CSE432-532\SER_Project\data\audio_song_actors\Actor_24\03-02-06-01-02-02-24.wav
03-02-06-02-01-01-24.wav,audio-only,song,fearful,6,strong,Kids are talking by the door,1,24,female,C:\Users\rbk55\OneDrive\Documents\Project_CSE432-532\SER_Project\data\audio_song_actors\Actor_24\03-02-06-02-01-01-24.wav
03-02-06-02-01-02-24.wav,audio-only,song,fearful,6,strong,Kids are talking by the door,2,24,female,C:\Users\rbk55\OneDrive\Documents\Project_CSE432-532\SER_Project\data\audio_song_actors\Actor_24\03-02-06-02-01-02-24.wav
03-02-06-02-02-01-24.wav,audio-only,song,fearful,6,strong,Dogs are sitting by the door,1,24,female,C:\Users\rbk55\OneDrive\Documents\Project_CSE432-532\SER_Project\data\audio_song_actors\Actor_24\03-02-06-02-02-01-24.wav
03-02-06-02-02-02-24.wav,audio-only,song,fearful,6,strong,Dogs are sitting by the door,2,24,female,C:\Users\rbk55\OneDrive\Documents\Project_CSE432-532\SER_Project\data\audio_song_actors\Actor_24\03-02-06-02-02-02-24.wav
03-01-01-01-01-01-01.wav,audio-only,speech,neutral,1,normal,Kids are talking by the door,1,1,male,C:\Users\rbk55\OneDrive\Documents\Project_CSE432-532\SER_Project\data\audio_speech_actors\Actor_01\03-01-01-01-01-01-01.wav
03-01-01-01-01-02-01.wav,audio-only,speech,neutral,1,normal,Kids are talking by the door,2,1,male,C:\Users\rbk55\OneDrive\Documents\Project_CSE432-532\SER_Project\data\audio_speech_actors\Actor_01\03-01-01-01-01-02-01.wav
03-01-01-01-02-01-01.wav,audio-only,speech,neutral,1,normal,Dogs are sitting by the door,1,1,male,C:\Users\rbk55\OneDrive\Documents\Project_CSE432-532\SER_Project\data\audio_speech_actors\Actor_01\03-01-01-01-02-01-01.wav
03-01-01-01-02-02-01.wav,audio-only,speech,neutral,1,normal,Dogs are sitting by the door,2,1,male,C:\Users\rbk55\OneDrive\Documents\Project_CSE432-532\SER_Project\data\audio_speech_actors\Actor_01\03-01-01-01-02-02-01.wav
03-01-02-01-01-01-01.wav,audio-only,speech,calm,2,normal,Kids are talking by the door,1,1,male,C:\Users\rbk55\OneDrive\Documents\Project_CSE432-532\SER_Project\data\audio_speech_actors\Actor_01\03-01-02-01-01-01-01.wav
03-01-02-01-01-02-01.wav,audio-only,speech,calm,2,normal,Kids are talking by the door,2,1,male,C:\Users\rbk55\OneDrive\Documents\Project_CSE432-532\SER_Project\data\audio_speech_actors\Actor_01\03-01-02-01-01-02-01.wav
03-01-02-01-02-01-01.wav,audio-only,speech,calm,2,normal,Dogs are sitting by the door,1,1,male,C:\Users\rbk55\OneDrive\Documents\Project_CSE432-532\SER_Project\data\audio_speech_actors\Actor_01\03-01-02-01-02-01-01.wav
03-01-02-01-02-02-01.wav,audio-only,speech,calm,2,normal,Dogs are sitting by the door,2,1,male,C:\Users\rbk55\OneDrive\Documents\Project_CSE432-532\SER_Project\data\audio_speech_actors\Actor_01\03-01-02-01-02-02-01.wav
03-01-02-02-01-01-01.wav,audio-only,speech,calm,2,strong,Kids are talking by the door,1,1,male,C:\Users\rbk55\OneDrive\Documents\Project_CSE432-532\SER_Project\data\audio_speech_actors\Actor_01\03-01-02-02-01-01-01.wav
03-01-02-02-01-02-01.wav,audio-only,speech,calm,2,strong,Kids are talking by the door,2,1,male,C:\Users\rbk55\OneDrive\Documents\Project_CSE432-532\SER_Project\data\audio_speech_actors\Actor_01\03-01-02-02-01-02-01.wav
03-01-02-02-02-01-01.wav,audio-only,speech,calm,2,strong,Dogs are sitting by the door,1,1,male,C:\Users\rbk55\OneDrive\Documents\Project_CSE432-532\SER_Project\data\audio_speech_actors\Actor_01\03-01-02-02-02-01-01.wav
03-01-02-02-02-02-01.wav,audio-only,speech,calm,2,strong,Dogs are sitting by the door,2,1,male,C:\Users\rbk55\OneDrive\Documents\Project_CSE432-532\SER_Project\data\audio_speech_actors\Actor_01\03-01-02-02-02-02-01.wav
03-01-03-01-01-01-01.wav,audio-only,speech,happy,3,normal,Kids are talking by the door,1,1,male,C:\Users\rbk55\OneDrive\Documents\Project_CSE432-532\SER_Project\data\audio_speech_actors\Actor_01\03-01-03-01-01-01-01.wav
03-01-03-01-01-02-01.wav,audio-only,speech,happy,3,normal,Kids are talking by the door,2,1,male,C:\Users\rbk55\OneDrive\Documents\Project_CSE432-532\SER_Project\data\audio_speech_actors\Actor_01\03-01-03-01-01-02-01.wav
03-01-03-01-02-01-01.wav,audio-only,speech,happy,3,normal,Dogs are sitting by the door,1,1,male,C:\Users\rbk55\OneDrive\Documents\Project_CSE432-532\SER_Project\data\audio_speech_actors\Actor_01\03-01-03-01-02-01-01.wav
03-01-03-01-02-02-01.wav,audio-only,speech,happy,3,normal,Dogs are sitting by the door,2,1,male,C:\Users\rbk55\OneDrive\Documents\Project_CSE432-532\SER_Project\data\audio_speech_actors\Actor_01\03-01-03-01-02-02-01.wav
03-01-03-02-01-01-01.wav,audio-only,speech,happy,3,strong,Kids are talking by the door,1,1,male,C:\Users\rbk55\OneDrive\Documents\Project_CSE432-532\SER_Project\data\audio_speech_actors\Actor_01\03-01-03-02-01-01-01.wav
03-01-03-02-01-02-01.wav,audio-only,speech,happy,3,strong,Kids are talking by the door,2,1,male,C:\Users\rbk55\OneDrive\Documents\Project_CSE432-532\SER_Project\data\audio_speech_actors\Actor_01\03-01-03-02-01-02-01.wav
03-01-03-02-02-01-01.wav,audio-only,speech,happy,3,strong,Dogs are sitting by the door,1,1,male,C:\Users\rbk55\OneDrive\Documents\Project_CSE432-532\SER_Project\data\audio_speech_actors\Actor_01\03-01-03-02-02-01-01.wav
03-01-03-02-02-02-01.wav,audio-only,speech,happy,3,strong,Dogs are sitting by the door,2,1,male,C:\Users\rbk55\OneDrive\Documents\Project_CSE432-532\SER_Project\data\audio_speech_actors\Actor_01\03-01-03-02-02-02-01.wav
03-01-04-01-01-01-01.wav,audio-only,speech,sad,4,normal,Kids are talking by the door,1,1,male,C:\Users\rbk55\OneDrive\Documents\Project_CSE432-532\SER_Project\data\audio_speech_actors\Actor_01\03-01-04-01-01-01-01.wav
03-01-04-01-01-02-01.wav,audio-only,speech,sad,4,normal,Kids are talking by the door,2,1,male,C:\Users\rbk55\OneDrive\Documents\Project_CSE432-532\SER_Project\data\audio_speech_actors\Actor_01\03-01-04-01-01-02-01.wav
03-01-04-01-02-01-01.wav,audio-only,speech,sad,4,normal,Dogs are sitting by the door,1,1,male,C:\Users\rbk55\OneDrive\Documents\Project_CSE432-532\SER_Project\data\audio_speech_actors\Actor_01\03-01-04-01-02-01-01.wav
03-01-04-01-02-02-01.wav,audio-only,speech,sad,4,normal,Dogs are sitting by the door,2,1,male,C:\Users\rbk55\OneDrive\Documents\Project_CSE432-532\SER_Project\data\audio_speech_actors\Actor_01\03-01-04-01-02-02-01.wav
03-01-04-02-01-01-01.wav,audio-only,speech,sad,4,strong,Kids are talking by the door,1,1,male,C:\Users\rbk55\OneDrive\Documents\Project_CSE432-532\SER_Project\data\audio_speech_actors\Actor_01\03-01-04-02-01-01-01.wav
03-01-04-02-01-02-01.wav,audio-only,speech,sad,4,strong,Kids are talking by the door,2,1,male,C:\Users\rbk55\OneDrive\Documents\Project_CSE432-532\SER_Project\data\audio_speech_actors\Actor_01\03-01-04-02-01-02-01.wav
03-01-04-02-02-01-01.wav,audio-only,speech,sad,4,strong,Dogs are sitting by the door,1,1,male,C:\Users\rbk55\OneDrive\Documents\Project_CSE432-532\SER_Project\data\audio_speech_actors\Actor_01\03-01-04-02-02-01-01.wav
03-01-04-02-02-02-01.wav,audio-only,speech,sad,4,strong,Dogs are sitting by the door,2,1,male,C:\Users\rbk55\OneDrive\Documents\Project_CSE432-532\SER_Project\data\audio_speech_actors\Actor_01\03-01-04-02-02-02-01.wav
03-01-05-01-01-01-01.wav,audio-only,speech,angry,5,normal,Kids are talking by the door,1,1,male,C:\Users\rbk55\OneDrive\Documents\Project_CSE432-532\SER_Project\data\audio_speech_actors\Actor_01\03-01-05-01-01-01-01.wav
03-01-05-01-01-02-01.wav,audio-only,speech,angry,5,normal,Kids are talking by the door,2,1,male,C:\Users\rbk55\OneDrive\Documents\Project_CSE432-532\SER_Project\data\audio_speech_actors\Actor_01\03-01-05-01-01-02-01.wav
03-01-05-01-02-01-01.wav,audio-only,speech,angry,5,normal,Dogs are sitting by the door,1,1,male,C:\Users\rbk55\OneDrive\Documents\Project_CSE432-532\SER_Project\data\audio_speech_actors\Actor_01\03-01-05-01-02-01-01.wav
03-01-05-01-02-02-01.wav,audio-only,speech,angry,5,normal,Dogs are sitting by the door,2,1,male,C:\Users\rbk55\OneDrive\Documents\Project_CSE432-532\SER_Project\data\audio_speech_actors\Actor_01\03-01-05-01-02-02-01.wav
03-01-05-02-01-01-01.wav,audio-only,speech,angry,5,strong,Kids are talking by the door,1,1,male,C:\Users\rbk55\OneDrive\Documents\Project_CSE432-532\SER_Project\data\audio_speech_actors\Actor_01\03-01-05-02-01-01-01.wav
03-01-05-02-01-02-01.wav,audio-only,speech,angry,5,strong,Kids are talking by the door,2,1,male,C:\Users\rbk55\OneDrive\Documents\Project_CSE432-532\SER_Project\data\audio_speech_actors\Actor_01\03-01-05-02-01-02-01.wav
03-01-05-02-02-01-01.wav,audio-only,speech,angry,5,strong,Dogs are sitting by the door,1,1,male,C:\Users\rbk55\OneDrive\Documents\Project_CSE432-532\SER_Project\data\audio_speech_actors\Actor_01\03-01-05-02-02-01-01.wav
03-01-05-02-02-02-01.wav,audio-only,speech,angry,5,strong,Dogs are sitting by the door,2,1,male,C:\Users\rbk55\OneDrive\Documents\Project_CSE432-532\SER_Project\data\audio_speech_actors\Actor_01\03-01-05-02-02-02-01.wav
03-01-06-01-01-01-01.wav,audio-only,speech,fearful,6,normal,Kids are talking by the door,1,1,male,C:\Users\rbk55\OneDrive\Documents\Project_CSE432-532\SER_Project\data\audio_speech_actors\Actor_01\03-01-06-01-01-01-01.wav
03-01-06-01-01-02-01.wav,audio-only,speech,fearful,6,normal,Kids are talking by the door,2,1,male,C:\Users\rbk55\OneDrive\Documents\Project_CSE432-532\SER_Project\data\audio_speech_actors\Actor_01\03-01-06-01-01-02-01.wav
03-01-06-01-02-01-01.wav,audio-only,speech,fearful,6,normal,Dogs are sitting by the door,1,1,male,C:\Users\rbk55\OneDrive\Documents\Project_CSE432-532\SER_Project\data\audio_speech_actors\Actor_01\03-01-06-01-02-01-01.wav
03-01-06-01-02-02-01.wav,audio-only,speech,fearful,6,normal,Dogs are sitting by the door,2,1,male,C:\Users\rbk55\OneDrive\Documents\Project_CSE432-532\SER_Project\data\audio_speech_actors\Actor_01\03-01-06-01-02-02-01.wav
03-01-06-02-01-01-01.wav,audio-only,speech,fearful,6,strong,Kids are talking by the door,1,1,male,C:\Users\rbk55\OneDrive\Documents\Project_CSE432-532\SER_Project\data\audio_speech_actors\Actor_01\03-01-06-02-01-01-01.wav
03-01-06-02-01-02-01.wav,audio-only,speech,fearful,6,strong,Kids are talking by the door,2,1,male,C:\Users\rbk55\OneDrive\Documents\Project_CSE432-532\SER_Project\data\audio_speech_actors\Actor_01\03-01-06-02-01-02-01.wav
03-01-06-02-02-01-01.wav,audio-only,speech,fearful,6,strong,Dogs are sitting by the door,1,1,male,C:\Users\rbk55\OneDrive\Documents\Project_CSE432-532\SER_Project\data\audio_speech_actors\Actor_01\03-01-06-02-02-01-01.wav
03-01-06-02-02-02-01.wav,audio-only,speech,fearful,6,strong,Dogs are sitting by the door,2,1,male,C:\Users\rbk55\OneDrive\Documents\Project_CSE432-532\SER_Project\data\audio_speech_actors\Actor_01\03-01-06-02-02-02-01.wav
03-01-07-01-01-01-01.wav,audio-only,speech,disgust,7,normal,Kids are talking by the door,1,1,male,C:\Users\rbk55\OneDrive\Documents\Project_CSE432-532\SER_Project\data\audio_speech_actors\Actor_01\03-01-07-01-01-01-01.wav
03-01-07-01-01-02-01.wav,audio-only,speech,disgust,7,normal,Kids are talking by the door,2,1,male,C:\Users\rbk55\OneDrive\Documents\Project_CSE432-532\SER_Project\data\audio_speech_actors\Actor_01\03-01-07-01-01-02-01.wav
03-01-07-01-02-01-01.wav,audio-only,speech,disgust,7,normal,Dogs are sitting by the door,1,1,male,C:\Users\rbk55\OneDrive\Documents\Project_CSE432-532\SER_Project\data\audio_speech_actors\Actor_01\03-01-07-01-02-01-01.wav
03-01-07-01-02-02-01.wav,audio-only,speech,disgust,7,normal,Dogs are sitting by the door,2,1,male,C:\Users\rbk55\OneDrive\Documents\Project_CSE432-532\SER_Project\data\audio_speech_actors\Actor_01\03-01-07-01-02-02-01.wav
03-01-07-02-01-01-01.wav,audio-only,speech,disgust,7,strong,Kids are talking by the door,1,1,male,C:\Users\rbk55\OneDrive\Documents\Project_CSE432-532\SER_Project\data\audio_speech_actors\Actor_01\03-01-07-02-01-01-01.wav
03-01-07-02-01-02-01.wav,audio-only,speech,disgust,7,strong,Kids are talking by the door,2,1,male,C:\Users\rbk55\OneDrive\Documents\Project_CSE432-532\SER_Project\data\audio_speech_actors\Actor_01\03-01-07-02-01-02-01.wav
03-01-07-02-02-01-01.wav,audio-only,speech,disgust,7,strong,Dogs are sitting by the door,1,1,male,C:\Users\rbk55\OneDrive\Documents\Project_CSE432-532\SER_Project\data\audio_speech_actors\Actor_01\03-01-07-02-02-01-01.wav
03-01-07-02-02-02-01.wav,audio-only,speech,disgust,7,strong,Dogs are sitting by the door,2,1,male,C:\Users\rbk55\OneDrive\Documents\Project_CSE432-532\SER_Project\data\audio_speech_actors\Actor_01\03-01-07-02-02-02-01.wav
03-01-08-01-01-01-01.wav,audio-only,speech,surprised,8,normal,Kids are talking by the door,1,1,male,C:\Users\rbk55\OneDrive\Documents\Project_CSE432-532\SER_Project\data\audio_speech_actors\Actor_01\03-01-08-01-01-01-01.wav
03-01-08-01-01-02-01.wav,audio-only,speech,surprised,8,normal,Kids are talking by the door,2,1,male,C:\Users\rbk55\OneDrive\Documents\Project_CSE432-532\SER_Project\data\audio_speech_actors\Actor_01\03-01-08-01-01-02-01.wav
03-01-08-01-02-01-01.wav,audio-only,speech,surprised,8,normal,Dogs are sitting by the door,1,1,male,C:\Users\rbk55\OneDrive\Documents\Project_CSE432-532\SER_Project\data\audio_speech_actors\Actor_01\03-01-08-01-02-01-01.wav
03-01-08-01-02-02-01.wav,audio-only,speech,surprised,8,normal,Dogs are sitting by the door,2,1,male,C:\Users\rbk55\OneDrive\Documents\Project_CSE432-532\SER_Project\data\audio_speech_actors\Actor_01\03-01-08-01-02-02-01.wav
03-01-08-02-01-01-01.wav,audio-only,speech,surprised,8,strong,Kids are talking by the door,1,1,male,C:\Users\rbk55\OneDrive\Documents\Project_CSE432-532\SER_Project\data\audio_speech_actors\Actor_01\03-01-08-02-01-01-01.wav
03-01-08-02-01-02-01.wav,audio-only,speech,surprised,8,strong,Kids are talking by the door,2,1,male,C:\Users\rbk55\OneDrive\Documents\Project_CSE432-532\SER_Project\data\audio_speech_actors\Actor_01\03-01-08-02-01-02-01.wav
03-01-08-02-02-01-01.wav,audio-only,speech,surprised,8,strong,Dogs are sitting by the door,1,1,male,C:\Users\rbk55\OneDrive\Documents\Project_CSE432-532\SER_Project\data\audio_speech_actors\Actor_01\03-01-08-02-02-01-01.wav
03-01-08-02-02-02-01.wav,audio-only,speech,surprised,8,strong,Dogs are sitting by the door,2,1,male,C:\Users\rbk55\OneDrive\Documents\Project_CSE432-532\SER_Project\data\audio_speech_actors\Actor_01\03-01-08-02-02-02-01.wav
03-01-01-01-01-01-02.wav,audio-only,speech,neutral,1,normal,Kids are talking by the door,1,2,female,C:\Users\rbk55\OneDrive\Documents\Project_CSE432-532\SER_Project\data\audio_speech_actors\Actor_02\03-01-01-01-01-01-02.wav
03-01-01-01-01-02-02.wav,audio-only,speech,neutral,1,normal,Kids are talking by the door,2,2,female,C:\Users\rbk55\OneDrive\Documents\Project_CSE432-532\SER_Project\data\audio_speech_actors\Actor_02\03-01-01-01-01-02-02.wav
03-01-01-01-02-01-02.wav,audio-only,speech,neutral,1,normal,Dogs are sitting by the door,1,2,female,C:\Users\rbk55\OneDrive\Documents\Project_CSE432-532\SER_Project\data\audio_speech_actors\Actor_02\03-01-01-01-02-01-02.wav
03-01-01-01-02-02-02.wav,audio-only,speech,neutral,1,normal,Dogs are sitting by the door,2,2,female,C:\Users\rbk55\OneDrive\Documents\Project_CSE432-532\SER_Project\data\audio_speech_actors\Actor_02\03-01-01-01-02-02-02.wav
03-01-02-01-01-01-02.wav,audio-only,speech,calm,2,normal,Kids are talking by the door,1,2,female,C:\Users\rbk55\OneDrive\Documents\Project_CSE432-532\SER_Project\data\audio_speech_actors\Actor_02\03-01-02-01-01-01-02.wav
03-01-02-01-01-02-02.wav,audio-only,speech,calm,2,normal,Kids are talking by the door,2,2,female,C:\Users\rbk55\OneDrive\Documents\Project_CSE432-532\SER_Project\data\audio_speech_actors\Actor_02\03-01-02-01-01-02-02.wav
03-01-02-01-02-01-02.wav,audio-only,speech,calm,2,normal,Dogs are sitting by the door,1,2,female,C:\Users\rbk55\OneDrive\Documents\Project_CSE432-532\SER_Project\data\audio_speech_actors\Actor_02\03-01-02-01-02-01-02.wav
03-01-02-01-02-02-02.wav,audio-only,speech,calm,2,normal,Dogs are sitting by the door,2,2,female,C:\Users\rbk55\OneDrive\Documents\Project_CSE432-532\SER_Project\data\audio_speech_actors\Actor_02\03-01-02-01-02-02-02.wav
03-01-02-02-01-01-02.wav,audio-only,speech,calm,2,strong,Kids are talking by the door,1,2,female,C:\Users\rbk55\OneDrive\Documents\Project_CSE432-532\SER_Project\data\audio_speech_actors\Actor_02\03-01-02-02-01-01-02.wav
03-01-02-02-01-02-02.wav,audio-only,speech,calm,2,strong,Kids are talking by the door,2,2,female,C:\Users\rbk55\OneDrive\Documents\Project_CSE432-532\SER_Project\data\audio_speech_actors\Actor_02\03-01-02-02-01-02-02.wav
03-01-02-02-02-01-02.wav,audio-only,speech,calm,2,strong,Dogs are sitting by the door,1,2,female,C:\Users\rbk55\OneDrive\Documents\Project_CSE432-532\SER_Project\data\audio_speech_actors\Actor_02\03-01-02-02-02-01-02.wav
03-01-02-02-02-02-02.wav,audio-only,speech,calm,2,strong,Dogs are sitting by the door,2,2,female,C:\Users\rbk55\OneDrive\Documents\Project_CSE432-532\SER_Project\data\audio_speech_actors\Actor_02\03-01-02-02-02-02-02.wav
03-01-03-01-01-01-02.wav,audio-only,speech,happy,3,normal,Kids are talking by the door,1,2,female,C:\Users\rbk55\OneDrive\Documents\Project_CSE432-532\SER_Project\data\audio_speech_actors\Actor_02\03-01-03-01-01-01-02.wav
03-01-03-01-01-02-02.wav,audio-only,speech,happy,3,normal,Kids are talking by the door,2,2,female,C:\Users\rbk55\OneDrive\Documents\Project_CSE432-532\SER_Project\data\audio_speech_actors\Actor_02\03-01-03-01-01-02-02.wav
03-01-03-01-02-01-02.wav,audio-only,speech,happy,3,normal,Dogs are sitting by the door,1,2,female,C:\Users\rbk55\OneDrive\Documents\Project_CSE432-532\SER_Project\data\audio_speech_actors\Actor_02\03-01-03-01-02-01-02.wav
03-01-03-01-02-02-02.wav,audio-only,speech,happy,3,normal,Dogs are sitting by the door,2,2,female,C:\Users\rbk55\OneDrive\Documents\Project_CSE432-532\SER_Project\data\audio_speech_actors\Actor_02\03-01-03-01-02-02-02.wav
03-01-03-02-01-01-02.wav,audio-only,speech,happy,3,strong,Kids are talking by the door,1,2,female,C:\Users\rbk55\OneDrive\Documents\Project_CSE432-532\SER_Project\data\audio_speech_actors\Actor_02\03-01-03-02-01-01-02.wav
03-01-03-02-01-02-02.wav,audio-only,speech,happy,3,strong,Kids are talking by the door,2,2,female,C:\Users\rbk55\OneDrive\Documents\Project_CSE432-532\SER_Project\data\audio_speech_actors\Actor_02\03-01-03-02-01-02-02.wav
03-01-03-02-02-01-02.wav,audio-only,speech,happy,3,strong,Dogs are sitting by the door,1,2,female,C:\Users\rbk55\OneDrive\Documents\Project_CSE432-532\SER_Project\data\audio_speech_actors\Actor_02\03-01-03-02-02-01-02.wav
03-01-03-02-02-02-02.wav,audio-only,speech,happy,3,strong,Dogs are sitting by the door,2,2,female,C:\Users\rbk55\OneDrive\Documents\Project_CSE432-532\SER_Project\data\audio_speech_actors\Actor_02\03-01-03-02-02-02-02.wav
03-01-04-01-01-01-02.wav,audio-only,speech,sad,4,normal,Kids are talking by the door,1,2,female,C:\Users\rbk55\OneDrive\Documents\Project_CSE432-532\SER_Project\data\audio_speech_actors\Actor_02\03-01-04-01-01-01-02.wav
03-01-04-01-01-02-02.wav,audio-only,speech,sad,4,normal,Kids are talking by the door,2,2,female,C:\Users\rbk55\OneDrive\Documents\Project_CSE432-532\SER_Project\data\audio_speech_actors\Actor_02\03-01-04-01-01-02-02.wav
03-01-04-01-02-01-02.wav,audio-only,speech,sad,4,normal,Dogs are sitting by the door,1,2,female,C:\Users\rbk55\OneDrive\Documents\Project_CSE432-532\SER_Project\data\audio_speech_actors\Actor_02\03-01-04-01-02-01-02.wav
03-01-04-01-02-02-02.wav,audio-only,speech,sad,4,normal,Dogs are sitting by the door,2,2,female,C:\Users\rbk55\OneDrive\Documents\Project_CSE432-532\SER_Project\data\audio_speech_actors\Actor_02\03-01-04-01-02-02-02.wav
03-01-04-02-01-01-02.wav,audio-only,speech,sad,4,strong,Kids are talking by the door,1,2,female,C:\Users\rbk55\OneDrive\Documents\Project_CSE432-532\SER_Project\data\audio_speech_actors\Actor_02\03-01-04-02-01-01-02.wav
03-01-04-02-01-02-02.wav,audio-only,speech,sad,4,strong,Kids are talking by the door,2,2,female,C:\Users\rbk55\OneDrive\Documents\Project_CSE432-532\SER_Project\data\audio_speech_actors\Actor_02\03-01-04-02-01-02-02.wav
03-01-04-02-02-01-02.wav,audio-only,speech,sad,4,strong,Dogs are sitting by the door,1,2,female,C:\Users\rbk55\OneDrive\Documents\Project_CSE432-532\SER_Project\data\audio_speech_actors\Actor_02\03-01-04-02-02-01-02.wav
03-01-04-02-02-02-02.wav,audio-only,speech,sad,4,strong,Dogs are sitting by the door,2,2,female,C:\Users\rbk55\OneDrive\Documents\Project_CSE432-532\SER_Project\data\audio_speech_actors\Actor_02\03-01-04-02-02-02-02.wav
03-01-05-01-01-01-02.wav,audio-only,speech,angry,5,normal,Kids are talking by the door,1,2,female,C:\Users\rbk55\OneDrive\Documents\Project_CSE432-532\SER_Project\data\audio_speech_actors\Actor_02\03-01-05-01-01-01-02.wav
03-01-05-01-01-02-02.wav,audio-only,speech,angry,5,normal,Kids are talking by the door,2,2,female,C:\Users\rbk55\OneDrive\Documents\Project_CSE432-532\SER_Project\data\audio_speech_actors\Actor_02\03-01-05-01-01-02-02.wav
03-01-05-01-02-01-02.wav,audio-only,speech,angry,5,normal,Dogs are sitting by the door,1,2,female,C:\Users\rbk55\OneDrive\Documents\Project_CSE432-532\SER_Project\data\audio_speech_actors\Actor_02\03-01-05-01-02-01-02.wav
03-01-05-01-02-02-02.wav,audio-only,speech,angry,5,normal,Dogs are sitting by the door,2,2,female,C:\Users\rbk55\OneDrive\Documents\Project_CSE432-532\SER_Project\data\audio_speech_actors\Actor_02\03-01-05-01-02-02-02.wav
03-01-05-02-01-01-02.wav,audio-only,speech,angry,5,strong,Kids are talking by the door,1,2,female,C:\Users\rbk55\OneDrive\Documents\Project_CSE432-532\SER_Project\data\audio_speech_actors\Actor_02\03-01-05-02-01-01-02.wav
03-01-05-02-01-02-02.wav,audio-only,speech,angry,5,strong,Kids are talking by the door,2,2,female,C:\Users\rbk55\OneDrive\Documents\Project_CSE432-532\SER_Project\data\audio_speech_actors\Actor_02\03-01-05-02-01-02-02.wav
03-01-05-02-02-01-02.wav,audio-only,speech,angry,5,strong,Dogs are sitting by the door,1,2,female,C:\Users\rbk55\OneDrive\Documents\Project_CSE432-532\SER_Project\data\audio_speech_actors\Actor_02\03-01-05-02-02-01-02.wav
03-01-05-02-02-02-02.wav,audio-only,speech,angry,5,strong,Dogs are sitting by the door,2,2,female,C:\Users\rbk55\OneDrive\Documents\Project_CSE432-532\SER_Project\data\audio_speech_actors\Actor_02\03-01-05-02-02-02-02.wav
03-01-06-01-01-01-02.wav,audio-only,speech,fearful,6,normal,Kids are talking by the door,1,2,female,C:\Users\rbk55\OneDrive\Documents\Project_CSE432-532\SER_Project\data\audio_speech_actors\Actor_02\03-01-06-01-01-01-02.wav
03-01-06-01-01-02-02.wav,audio-only,speech,fearful,6,normal,Kids are talking by the door,2,2,female,C:\Users\rbk55\OneDrive\Documents\Project_CSE432-532\SER_Project\data\audio_speech_actors\Actor_02\03-01-06-01-01-02-02.wav
03-01-06-01-02-01-02.wav,audio-only,speech,fearful,6,normal,Dogs are sitting by the door,1,2,female,C:\Users\rbk55\OneDrive\Documents\Project_CSE432-532\SER_Project\data\audio_speech_actors\Actor_02\03-01-06-01-02-01-02.wav
03-01-06-01-02-02-02.wav,audio-only,speech,fearful,6,normal,Dogs are sitting by the door,2,2,female,C:\Users\rbk55\OneDrive\Documents\Project_CSE432-532\SER_Project\data\audio_speech_actors\Actor_02\03-01-06-01-02-02-02.wav
03-01-06-02-01-01-02.wav,audio-only,speech,fearful,6,strong,Kids are talking by the door,1,2,female,C:\Users\rbk55\OneDrive\Documents\Project_CSE432-532\SER_Project\data\audio_speech_actors\Actor_02\03-01-06-02-01-01-02.wav
03-01-06-02-01-02-02.wav,audio-only,speech,fearful,6,strong,Kids are talking by the door,2,2,female,C:\Users\rbk55\OneDrive\Documents\Project_CSE432-532\SER_Project\data\audio_speech_actors\Actor_02\03-01-06-02-01-02-02.wav
03-01-06-02-02-01-02.wav,audio-only,speech,fearful,6,strong,Dogs are sitting by the door,1,2,female,C:\Users\rbk55\OneDrive\Documents\Project_CSE432-532\SER_Project\data\audio_speech_actors\Actor_02\03-01-06-02-02-01-02.wav
03-01-06-02-02-02-02.wav,audio-only,speech,fearful,6,strong,Dogs are sitting by the door,2,2,female,C:\Users\rbk55\OneDrive\Documents\Project_CSE432-532\SER_Project\data\audio_speech_actors\Actor_02\03-01-06-02-02-02-02.wav
03-01-07-01-01-01-02.wav,audio-only,speech,disgust,7,normal,Kids are talking by the door,1,2,female,C:\Users\rbk55\OneDrive\Documents\Project_CSE432-532\SER_Project\data\audio_speech_actors\Actor_02\03-01-07-01-01-01-02.wav
03-01-07-01-01-02-02.wav,audio-only,speech,disgust,7,normal,Kids are talking by the door,2,2,female,C:\Users\rbk55\OneDrive\Documents\Project_CSE432-532\SER_Project\data\audio_speech_actors\Actor_02\03-01-07-01-01-02-02.wav
03-01-07-01-02-01-02.wav,audio-only,speech,disgust,7,normal,Dogs are sitting by the door,1,2,female,C:\Users\rbk55\OneDrive\Documents\Project_CSE432-532\SER_Project\data\audio_speech_actors\Actor_02\03-01-07-01-02-01-02.wav
03-01-07-01-02-02-02.wav,audio-only,speech,disgust,7,normal,Dogs are sitting by the door,2,2,female,C:\Users\rbk55\OneDrive\Documents\Project_CSE432-532\SER_Project\data\audio_speech_actors\Actor_02\03-01-07-01-02-02-02.wav
03-01-07-02-01-01-02.wav,audio-only,speech,disgust,7,strong,Kids are talking by the door,1,2,female,C:\Users\rbk55\OneDrive\Documents\Project_CSE432-532\SER_Project\data\audio_speech_actors\Actor_02\03-01-07-02-01-01-02.wav
03-01-07-02-01-02-02.wav,audio-only,speech,disgust,7,strong,Kids are talking by the door,2,2,female,C:\Users\rbk55\OneDrive\Documents\Project_CSE432-532\SER_Project\data\audio_speech_actors\Actor_02\03-01-07-02-01-02-02.wav
03-01-07-02-02-01-02.wav,audio-only,speech,disgust,7,strong,Dogs are sitting by the door,1,2,female,C:\Users\rbk55\OneDrive\Documents\Project_CSE432-532\SER_Project\data\audio_speech_actors\Actor_02\03-01-07-02-02-01-02.wav
03-01-07-02-02-02-02.wav,audio-only,speech,disgust,7,strong,Dogs are sitting by the door,2,2,female,C:\Users\rbk55\OneDrive\Documents\Project_CSE432-532\SER_Project\data\audio_speech_actors\Actor_02\03-01-07-02-02-02-02.wav
03-01-08-01-01-01-02.wav,audio-only,speech,surprised,8,normal,Kids are talking by the door,1,2,female,C:\Users\rbk55\OneDrive\Documents\Project_CSE432-532\SER_Project\data\audio_speech_actors\Actor_02\03-01-08-01-01-01-02.wav
03-01-08-01-01-02-02.wav,audio-only,speech,surprised,8,normal,Kids are talking by the door,2,2,female,C:\Users\rbk55\OneDrive\Documents\Project_CSE432-532\SER_Project\data\audio_speech_actors\Actor_02\03-01-08-01-01-02-02.wav
03-01-08-01-02-01-02.wav,audio-only,speech,surprised,8,normal,Dogs are sitting by the door,1,2,female,C:\Users\rbk55\OneDrive\Documents\Project_CSE432-532\SER_Project\data\audio_speech_actors\Actor_02\03-01-08-01-02-01-02.wav
03-01-08-01-02-02-02.wav,audio-only,speech,surprised,8,normal,Dogs are sitting by the door,2,2,female,C:\Users\rbk55\OneDrive\Documents\Project_CSE432-532\SER_Project\data\audio_speech_actors\Actor_02\03-01-08-01-02-02-02.wav
03-01-08-02-01-01-02.wav,audio-only,speech,surprised,8,strong,Kids are talking by the door,1,2,female,C:\Users\rbk55\OneDrive\Documents\Project_CSE432-532\SER_Project\data\audio_speech_actors\Actor_02\03-01-08-02-01-01-02.wav
03-01-08-02-01-02-02.wav,audio-only,speech,surprised,8,strong,Kids are talking by the door,2,2,female,C:\Users\rbk55\OneDrive\Documents\Project_CSE432-532\SER_Project\data\audio_speech_actors\Actor_02\03-01-08-02-01-02-02.wav
03-01-08-02-02-01-02.wav,audio-only,speech,surprised,8,strong,Dogs are sitting by the door,1,2,female,C:\Users\rbk55\OneDrive\Documents\Project_CSE432-532\SER_Project\data\audio_speech_actors\Actor_02\03-01-08-02-02-01-02.wav
03-01-08-02-02-02-02.wav,audio-only,speech,surprised,8,strong,Dogs are sitting by the door,2,2,female,C:\Users\rbk55\OneDrive\Documents\Project_CSE432-532\SER_Project\data\audio_speech_actors\Actor_02\03-01-08-02-02-02-02.wav
03-01-01-01-01-01-03.wav,audio-only,speech,neutral,1,normal,Kids are talking by the door,1,3,male,C:\Users\rbk55\OneDrive\Documents\Project_CSE432-532\SER_Project\data\audio_speech_actors\Actor_03\03-01-01-01-01-01-03.wav
03-01-01-01-01-02-03.wav,audio-only,speech,neutral,1,normal,Kids are talking by the door,2,3,male,C:\Users\rbk55\OneDrive\Documents\Project_CSE432-532\SER_Project\data\audio_speech_actors\Actor_03\03-01-01-01-01-02-03.wav
03-01-01-01-02-01-03.wav,audio-only,speech,neutral,1,normal,Dogs are sitting by the door,1,3,male,C:\Users\rbk55\OneDrive\Documents\Project_CSE432-532\SER_Project\data\audio_speech_actors\Actor_03\03-01-01-01-02-01-03.wav
03-01-01-01-02-02-03.wav,audio-only,speech,neutral,1,normal,Dogs are sitting by the door,2,3,male,C:\Users\rbk55\OneDrive\Documents\Project_CSE432-532\SER_Project\data\audio_speech_actors\Actor_03\03-01-01-01-02-02-03.wav
03-01-02-01-01-01-03.wav,audio-only,speech,calm,2,normal,Kids are talking by the door,1,3,male,C:\Users\rbk55\OneDrive\Documents\Project_CSE432-532\SER_Project\data\audio_speech_actors\Actor_03\03-01-02-01-01-01-03.wav
03-01-02-01-01-02-03.wav,audio-only,speech,calm,2,normal,Kids are talking by the door,2,3,male,C:\Users\rbk55\OneDrive\Documents\Project_CSE432-532\SER_Project\data\audio_speech_actors\Actor_03\03-01-02-01-01-02-03.wav
03-01-02-01-02-01-03.wav,audio-only,speech,calm,2,normal,Dogs are sitting by the door,1,3,male,C:\Users\rbk55\OneDrive\Documents\Project_CSE432-532\SER_Project\data\audio_speech_actors\Actor_03\03-01-02-01-02-01-03.wav
03-01-02-01-02-02-03.wav,audio-only,speech,calm,2,normal,Dogs are sitting by the door,2,3,male,C:\Users\rbk55\OneDrive\Documents\Project_CSE432-532\SER_Project\data\audio_speech_actors\Actor_03\03-01-02-01-02-02-03.wav
03-01-02-02-01-01-03.wav,audio-only,speech,calm,2,strong,Kids are talking by the door,1,3,male,C:\Users\rbk55\OneDrive\Documents\Project_CSE432-532\SER_Project\data\audio_speech_actors\Actor_03\03-01-02-02-01-01-03.wav
03-01-02-02-01-02-03.wav,audio-only,speech,calm,2,strong,Kids are talking by the door,2,3,male,C:\Users\rbk55\OneDrive\Documents\Project_CSE432-532\SER_Project\data\audio_speech_actors\Actor_03\03-01-02-02-01-02-03.wav
03-01-02-02-02-01-03.wav,audio-only,speech,calm,2,strong,Dogs are sitting by the door,1,3,male,C:\Users\rbk55\OneDrive\Documents\Project_CSE432-532\SER_Project\data\audio_speech_actors\Actor_03\03-01-02-02-02-01-03.wav
03-01-02-02-02-02-03.wav,audio-only,speech,calm,2,strong,Dogs are sitting by the door,2,3,male,C:\Users\rbk55\OneDrive\Documents\Project_CSE432-532\SER_Project\data\audio_speech_actors\Actor_03\03-01-02-02-02-02-03.wav
03-01-03-01-01-01-03.wav,audio-only,speech,happy,3,normal,Kids are talking by the door,1,3,male,C:\Users\rbk55\OneDrive\Documents\Project_CSE432-532\SER_Project\data\audio_speech_actors\Actor_03\03-01-03-01-01-01-03.wav
03-01-03-01-01-02-03.wav,audio-only,speech,happy,3,normal,Kids are talking by the door,2,3,male,C:\Users\rbk55\OneDrive\Documents\Project_CSE432-532\SER_Project\data\audio_speech_actors\Actor_03\03-01-03-01-01-02-03.wav
03-01-03-01-02-01-03.wav,audio-only,speech,happy,3,normal,Dogs are sitting by the door,1,3,male,C:\Users\rbk55\OneDrive\Documents\Project_CSE432-532\SER_Project\data\audio_speech_actors\Actor_03\03-01-03-01-02-01-03.wav
03-01-03-01-02-02-03.wav,audio-only,speech,happy,3,normal,Dogs are sitting by the door,2,3,male,C:\Users\rbk55\OneDrive\Documents\Project_CSE432-532\SER_Project\data\audio_speech_actors\Actor_03\03-01-03-01-02-02-03.wav
03-01-03-02-01-01-03.wav,audio-only,speech,happy,3,strong,Kids are talking by the door,1,3,male,C:\Users\rbk55\OneDrive\Documents\Project_CSE432-532\SER_Project\data\audio_speech_actors\Actor_03\03-01-03-02-01-01-03.wav
03-01-03-02-01-02-03.wav,audio-only,speech,happy,3,strong,Kids are talking by the door,2,3,male,C:\Users\rbk55\OneDrive\Documents\Project_CSE432-532\SER_Project\data\audio_speech_actors\Actor_03\03-01-03-02-01-02-03.wav
03-01-03-02-02-01-03.wav,audio-only,speech,happy,3,strong,Dogs are sitting by the door,1,3,male,C:\Users\rbk55\OneDrive\Documents\Project_CSE432-532\SER_Project\data\audio_speech_actors\Actor_03\03-01-03-02-02-01-03.wav
03-01-03-02-02-02-03.wav,audio-only,speech,happy,3,strong,Dogs are sitting by the door,2,3,male,C:\Users\rbk55\OneDrive\Documents\Project_CSE432-532\SER_Project\data\audio_speech_actors\Actor_03\03-01-03-02-02-02-03.wav
03-01-04-01-01-01-03.wav,audio-only,speech,sad,4,normal,Kids are talking by the door,1,3,male,C:\Users\rbk55\OneDrive\Documents\Project_CSE432-532\SER_Project\data\audio_speech_actors\Actor_03\03-01-04-01-01-01-03.wav
03-01-04-01-01-02-03.wav,audio-only,speech,sad,4,normal,Kids are talking by the door,2,3,male,C:\Users\rbk55\OneDrive\Documents\Project_CSE432-532\SER_Project\data\audio_speech_actors\Actor_03\03-01-04-01-01-02-03.wav
03-01-04-01-02-01-03.wav,audio-only,speech,sad,4,normal,Dogs are sitting by the door,1,3,male,C:\Users\rbk55\OneDrive\Documents\Project_CSE432-532\SER_Project\data\audio_speech_actors\Actor_03\03-01-04-01-02-01-03.wav
03-01-04-01-02-02-03.wav,audio-only,speech,sad,4,normal,Dogs are sitting by the door,2,3,male,C:\Users\rbk55\OneDrive\Documents\Project_CSE432-532\SER_Project\data\audio_speech_actors\Actor_03\03-01-04-01-02-02-03.wav
03-01-04-02-01-01-03.wav,audio-only,speech,sad,4,strong,Kids are talking by the door,1,3,male,C:\Users\rbk55\OneDrive\Documents\Project_CSE432-532\SER_Project\data\audio_speech_actors\Actor_03\03-01-04-02-01-01-03.wav
03-01-04-02-01-02-03.wav,audio-only,speech,sad,4,strong,Kids are talking by the door,2,3,male,C:\Users\rbk55\OneDrive\Documents\Project_CSE432-532\SER_Project\data\audio_speech_actors\Actor_03\03-01-04-02-01-02-03.wav
03-01-04-02-02-01-03.wav,audio-only,speech,sad,4,strong,Dogs are sitting by the door,1,3,male,C:\Users\rbk55\OneDrive\Documents\Project_CSE432-532\SER_Project\data\audio_speech_actors\Actor_03\03-01-04-02-02-01-03.wav
03-01-04-02-02-02-03.wav,audio-only,speech,sad,4,strong,Dogs are sitting by the door,2,3,male,C:\Users\rbk55\OneDrive\Documents\Project_CSE432-532\SER_Project\data\audio_speech_actors\Actor_03\03-01-04-02-02-02-03.wav
03-01-05-01-01-01-03.wav,audio-only,speech,angry,5,normal,Kids are talking by the door,1,3,male,C:\Users\rbk55\OneDrive\Documents\Project_CSE432-532\SER_Project\data\audio_speech_actors\Actor_03\03-01-05-01-01-01-03.wav
03-01-05-01-01-02-03.wav,audio-only,speech,angry,5,normal,Kids are talking by the door,2,3,male,C:\Users\rbk55\OneDrive\Documents\Project_CSE432-532\SER_Project\data\audio_speech_actors\Actor_03\03-01-05-01-01-02-03.wav
03-01-05-01-02-01-03.wav,audio-only,speech,angry,5,normal,Dogs are sitting by the door,1,3,male,C:\Users\rbk55\OneDrive\Documents\Project_CSE432-532\SER_Project\data\audio_speech_actors\Actor_03\03-01-05-01-02-01-03.wav
03-01-05-01-02-02-03.wav,audio-only,speech,angry,5,normal,Dogs are sitting by the door,2,3,male,C:\Users\rbk55\OneDrive\Documents\Project_CSE432-532\SER_Project\data\audio_speech_actors\Actor_03\03-01-05-01-02-02-03.wav
03-01-05-02-01-01-03.wav,audio-only,speech,angry,5,strong,Kids are talking by the door,1,3,male,C:\Users\rbk55\OneDrive\Documents\Project_CSE432-532\SER_Project\data\audio_speech_actors\Actor_03\03-01-05-02-01-01-03.wav
03-01-05-02-01-02-03.wav,audio-only,speech,angry,5,strong,Kids are talking by the door,2,3,male,C:\Users\rbk55\OneDrive\Documents\Project_CSE432-532\SER_Project\data\audio_speech_actors\Actor_03\03-01-05-02-01-02-03.wav
03-01-05-02-02-01-03.wav,audio-only,speech,angry,5,strong,Dogs are sitting by the door,1,3,male,C:\Users\rbk55\OneDrive\Documents\Project_CSE432-532\SER_Project\data\audio_speech_actors\Actor_03\03-01-05-02-02-01-03.wav
03-01-05-02-02-02-03.wav,audio-only,speech,angry,5,strong,Dogs are sitting by the door,2,3,male,C:\Users\rbk55\OneDrive\Documents\Project_CSE432-532\SER_Project\data\audio_speech_actors\Actor_03\03-01-05-02-02-02-03.wav
03-01-06-01-01-01-03.wav,audio-only,speech,fearful,6,normal,Kids are talking by the door,1,3,male,C:\Users\rbk55\OneDrive\Documents\Project_CSE432-532\SER_Project\data\audio_speech_actors\Actor_03\03-01-06-01-01-01-03.wav
03-01-06-01-01-02-03.wav,audio-only,speech,fearful,6,normal,Kids are talking by the door,2,3,male,C:\Users\rbk55\OneDrive\Documents\Project_CSE432-532\SER_Project\data\audio_speech_actors\Actor_03\03-01-06-01-01-02-03.wav
03-01-06-01-02-01-03.wav,audio-only,speech,fearful,6,normal,Dogs are sitting by the door,1,3,male,C:\Users\rbk55\OneDrive\Documents\Project_CSE432-532\SER_Project\data\audio_speech_actors\Actor_03\03-01-06-01-02-01-03.wav
03-01-06-01-02-02-03.wav,audio-only,speech,fearful,6,normal,Dogs are sitting by the door,2,3,male,C:\Users\rbk55\OneDrive\Documents\Project_CSE432-532\SER_Project\data\audio_speech_actors\Actor_03\03-01-06-01-02-02-03.wav
03-01-06-02-01-01-03.wav,audio-only,speech,fearful,6,strong,Kids are talking by the door,1,3,male,C:\Users\rbk55\OneDrive\Documents\Project_CSE432-532\SER_Project\data\audio_speech_actors\Actor_03\03-01-06-02-01-01-03.wav
03-01-06-02-01-02-03.wav,audio-only,speech,fearful,6,strong,Kids are talking by the door,2,3,male,C:\Users\rbk55\OneDrive\Documents\Project_CSE432-532\SER_Project\data\audio_speech_actors\Actor_03\03-01-06-02-01-02-03.wav
03-01-06-02-02-01-03.wav,audio-only,speech,fearful,6,strong,Dogs are sitting by the door,1,3,male,C:\Users\rbk55\OneDrive\Documents\Project_CSE432-532\SER_Project\data\audio_speech_actors\Actor_03\03-01-06-02-02-01-03.wav
03-01-06-02-02-02-03.wav,audio-only,speech,fearful,6,strong,Dogs are sitting by the door,2,3,male,C:\Users\rbk55\OneDrive\Documents\Project_CSE432-532\SER_Project\data\audio_speech_actors\Actor_03\03-01-06-02-02-02-03.wav
03-01-07-01-01-01-03.wav,audio-only,speech,disgust,7,normal,Kids are talking by the door,1,3,male,C:\Users\rbk55\OneDrive\Documents\Project_CSE432-532\SER_Project\data\audio_speech_actors\Actor_03\03-01-07-01-01-01-03.wav
03-01-07-01-01-02-03.wav,audio-only,speech,disgust,7,normal,Kids are talking by the door,2,3,male,C:\Users\rbk55\OneDrive\Documents\Project_CSE432-532\SER_Project\data\audio_speech_actors\Actor_03\03-01-07-01-01-02-03.wav
03-01-07-01-02-01-03.wav,audio-only,speech,disgust,7,normal,Dogs are sitting by the door,1,3,male,C:\Users\rbk55\OneDrive\Documents\Project_CSE432-532\SER_Project\data\audio_speech_actors\Actor_03\03-01-07-01-02-01-03.wav
03-01-07-01-02-02-03.wav,audio-only,speech,disgust,7,normal,Dogs are sitting by the door,2,3,male,C:\Users\rbk55\OneDrive\Documents\Project_CSE432-532\SER_Project\data\audio_speech_actors\Actor_03\03-01-07-01-02-02-03.wav
03-01-07-02-01-01-03.wav,audio-only,speech,disgust,7,strong,Kids are talking by the door,1,3,male,C:\Users\rbk55\OneDrive\Documents\Project_CSE432-532\SER_Project\data\audio_speech_actors\Actor_03\03-01-07-02-01-01-03.wav
03-01-07-02-01-02-03.wav,audio-only,speech,disgust,7,strong,Kids are talking by the door,2,3,male,C:\Users\rbk55\OneDrive\Documents\Project_CSE432-532\SER_Project\data\audio_speech_actors\Actor_03\03-01-07-02-01-02-03.wav
03-01-07-02-02-01-03.wav,audio-only,speech,disgust,7,strong,Dogs are sitting by the door,1,3,male,C:\Users\rbk55\OneDrive\Documents\Project_CSE432-532\SER_Project\data\audio_speech_actors\Actor_03\03-01-07-02-02-01-03.wav
03-01-07-02-02-02-03.wav,audio-only,speech,disgust,7,strong,Dogs are sitting by the door,2,3,male,C:\Users\rbk55\OneDrive\Documents\Project_CSE432-532\SER_Project\data\audio_speech_actors\Actor_03\03-01-07-02-02-02-03.wav
03-01-08-01-01-01-03.wav,audio-only,speech,surprised,8,normal,Kids are talking by the door,1,3,male,C:\Users\rbk55\OneDrive\Documents\Project_CSE432-532\SER_Project\data\audio_speech_actors\Actor_03\03-01-08-01-01-01-03.wav
03-01-08-01-01-02-03.wav,audio-only,speech,surprised,8,normal,Kids are talking by the door,2,3,male,C:\Users\rbk55\OneDrive\Documents\Project_CSE432-532\SER_Project\data\audio_speech_actors\Actor_03\03-01-08-01-01-02-03.wav
03-01-08-01-02-01-03.wav,audio-only,speech,surprised,8,normal,Dogs are sitting by the door,1,3,male,C:\Users\rbk55\OneDrive\Documents\Project_CSE432-532\SER_Project\data\audio_speech_actors\Actor_03\03-01-08-01-02-01-03.wav
03-01-08-01-02-02-03.wav,audio-only,speech,surprised,8,normal,Dogs are sitting by the door,2,3,male,C:\Users\rbk55\OneDrive\Documents\Project_CSE432-532\SER_Project\data\audio_speech_actors\Actor_03\03-01-08-01-02-02-03.wav
03-01-08-02-01-01-03.wav,audio-only,speech,surprised,8,strong,Kids are talking by the door,1,3,male,C:\Users\rbk55\OneDrive\Documents\Project_CSE432-532\SER_Project\data\audio_speech_actors\Actor_03\03-01-08-02-01-01-03.wav
03-01-08-02-01-02-03.wav,audio-only,speech,surprised,8,strong,Kids are talking by the door,2,3,male,C:\Users\rbk55\OneDrive\Documents\Project_CSE432-532\SER_Project\data\audio_speech_actors\Actor_03\03-01-08-02-01-02-03.wav
03-01-08-02-02-01-03.wav,audio-only,speech,surprised,8,strong,Dogs are sitting by the door,1,3,male,C:\Users\rbk55\OneDrive\Documents\Project_CSE432-532\SER_Project\data\audio_speech_actors\Actor_03\03-01-08-02-02-01-03.wav
03-01-08-02-02-02-03.wav,audio-only,speech,surprised,8,strong,Dogs are sitting by the door,2,3,male,C:\Users\rbk55\OneDrive\Documents\Project_CSE432-532\SER_Project\data\audio_speech_actors\Actor_03\03-01-08-02-02-02-03.wav
03-01-01-01-01-01-04.wav,audio-only,speech,neutral,1,normal,Kids are talking by the door,1,4,female,C:\Users\rbk55\OneDrive\Documents\Project_CSE432-532\SER_Project\data\audio_speech_actors\Actor_04\03-01-01-01-01-01-04.wav
03-01-01-01-01-02-04.wav,audio-only,speech,neutral,1,normal,Kids are talking by the door,2,4,female,C:\Users\rbk55\OneDrive\Documents\Project_CSE432-532\SER_Project\data\audio_speech_actors\Actor_04\03-01-01-01-01-02-04.wav
03-01-01-01-02-01-04.wav,audio-only,speech,neutral,1,normal,Dogs are sitting by the door,1,4,female,C:\Users\rbk55\OneDrive\Documents\Project_CSE432-532\SER_Project\data\audio_speech_actors\Actor_04\03-01-01-01-02-01-04.wav
03-01-01-01-02-02-04.wav,audio-only,speech,neutral,1,normal,Dogs are sitting by the door,2,4,female,C:\Users\rbk55\OneDrive\Documents\Project_CSE432-532\SER_Project\data\audio_speech_actors\Actor_04\03-01-01-01-02-02-04.wav
03-01-02-01-01-01-04.wav,audio-only,speech,calm,2,normal,Kids are talking by the door,1,4,female,C:\Users\rbk55\OneDrive\Documents\Project_CSE432-532\SER_Project\data\audio_speech_actors\Actor_04\03-01-02-01-01-01-04.wav
03-01-02-01-01-02-04.wav,audio-only,speech,calm,2,normal,Kids are talking by the door,2,4,female,C:\Users\rbk55\OneDrive\Documents\Project_CSE432-532\SER_Project\data\audio_speech_actors\Actor_04\03-01-02-01-01-02-04.wav
03-01-02-01-02-01-04.wav,audio-only,speech,calm,2,normal,Dogs are sitting by the door,1,4,female,C:\Users\rbk55\OneDrive\Documents\Project_CSE432-532\SER_Project\data\audio_speech_actors\Actor_04\03-01-02-01-02-01-04.wav
03-01-02-01-02-02-04.wav,audio-only,speech,calm,2,normal,Dogs are sitting by the door,2,4,female,C:\Users\rbk55\OneDrive\Documents\Project_CSE432-532\SER_Project\data\audio_speech_actors\Actor_04\03-01-02-01-02-02-04.wav
03-01-02-02-01-01-04.wav,audio-only,speech,calm,2,strong,Kids are talking by the door,1,4,female,C:\Users\rbk55\OneDrive\Documents\Project_CSE432-532\SER_Project\data\audio_speech_actors\Actor_04\03-01-02-02-01-01-04.wav
03-01-02-02-01-02-04.wav,audio-only,speech,calm,2,strong,Kids are talking by the door,2,4,female,C:\Users\rbk55\OneDrive\Documents\Project_CSE432-532\SER_Project\data\audio_speech_actors\Actor_04\03-01-02-02-01-02-04.wav
03-01-02-02-02-01-04.wav,audio-only,speech,calm,2,strong,Dogs are sitting by the door,1,4,female,C:\Users\rbk55\OneDrive\Documents\Project_CSE432-532\SER_Project\data\audio_speech_actors\Actor_04\03-01-02-02-02-01-04.wav
03-01-02-02-02-02-04.wav,audio-only,speech,calm,2,strong,Dogs are sitting by the door,2,4,female,C:\Users\rbk55\OneDrive\Documents\Project_CSE432-532\SER_Project\data\audio_speech_actors\Actor_04\03-01-02-02-02-02-04.wav
03-01-03-01-01-01-04.wav,audio-only,speech,happy,3,normal,Kids are talking by the door,1,4,female,C:\Users\rbk55\OneDrive\Documents\Project_CSE432-532\SER_Project\data\audio_speech_actors\Actor_04\03-01-03-01-01-01-04.wav
03-01-03-01-01-02-04.wav,audio-only,speech,happy,3,normal,Kids are talking by the door,2,4,female,C:\Users\rbk55\OneDrive\Documents\Project_CSE432-532\SER_Project\data\audio_speech_actors\Actor_04\03-01-03-01-01-02-04.wav
03-01-03-01-02-01-04.wav,audio-only,speech,happy,3,normal,Dogs are sitting by the door,1,4,female,C:\Users\rbk55\OneDrive\Documents\Project_CSE432-532\SER_Project\data\audio_speech_actors\Actor_04\03-01-03-01-02-01-04.wav
03-01-03-01-02-02-04.wav,audio-only,speech,happy,3,normal,Dogs are sitting by the door,2,4,female,C:\Users\rbk55\OneDrive\Documents\Project_CSE432-532\SER_Project\data\audio_speech_actors\Actor_04\03-01-03-01-02-02-04.wav
03-01-03-02-01-01-04.wav,audio-only,speech,happy,3,strong,Kids are talking by the door,1,4,female,C:\Users\rbk55\OneDrive\Documents\Project_CSE432-532\SER_Project\data\audio_speech_actors\Actor_04\03-01-03-02-01-01-04.wav
03-01-03-02-01-02-04.wav,audio-only,speech,happy,3,strong,Kids are talking by the door,2,4,female,C:\Users\rbk55\OneDrive\Documents\Project_CSE432-532\SER_Project\data\audio_speech_actors\Actor_04\03-01-03-02-01-02-04.wav
03-01-03-02-02-01-04.wav,audio-only,speech,happy,3,strong,Dogs are sitting by the door,1,4,female,C:\Users\rbk55\OneDrive\Documents\Project_CSE432-532\SER_Project\data\audio_speech_actors\Actor_04\03-01-03-02-02-01-04.wav
03-01-03-02-02-02-04.wav,audio-only,speech,happy,3,strong,Dogs are sitting by the door,2,4,female,C:\Users\rbk55\OneDrive\Documents\Project_CSE432-532\SER_Project\data\audio_speech_actors\Actor_04\03-01-03-02-02-02-04.wav
03-01-04-01-01-01-04.wav,audio-only,speech,sad,4,normal,Kids are talking by the door,1,4,female,C:\Users\rbk55\OneDrive\Documents\Project_CSE432-532\SER_Project\data\audio_speech_actors\Actor_04\03-01-04-01-01-01-04.wav
03-01-04-01-01-02-04.wav,audio-only,speech,sad,4,normal,Kids are talking by the door,2,4,female,C:\Users\rbk55\OneDrive\Documents\Project_CSE432-532\SER_Project\data\audio_speech_actors\Actor_04\03-01-04-01-01-02-04.wav
03-01-04-01-02-01-04.wav,audio-only,speech,sad,4,normal,Dogs are sitting by the door,1,4,female,C:\Users\rbk55\OneDrive\Documents\Project_CSE432-532\SER_Project\data\audio_speech_actors\Actor_04\03-01-04-01-02-01-04.wav
03-01-04-01-02-02-04.wav,audio-only,speech,sad,4,normal,Dogs are sitting by the door,2,4,female,C:\Users\rbk55\OneDrive\Documents\Project_CSE432-532\SER_Project\data\audio_speech_actors\Actor_04\03-01-04-01-02-02-04.wav
03-01-04-02-01-01-04.wav,audio-only,speech,sad,4,strong,Kids are talking by the door,1,4,female,C:\Users\rbk55\OneDrive\Documents\Project_CSE432-532\SER_Project\data\audio_speech_actors\Actor_04\03-01-04-02-01-01-04.wav
03-01-04-02-01-02-04.wav,audio-only,speech,sad,4,strong,Kids are talking by the door,2,4,female,C:\Users\rbk55\OneDrive\Documents\Project_CSE432-532\SER_Project\data\audio_speech_actors\Actor_04\03-01-04-02-01-02-04.wav
03-01-04-02-02-01-04.wav,audio-only,speech,sad,4,strong,Dogs are sitting by the door,1,4,female,C:\Users\rbk55\OneDrive\Documents\Project_CSE432-532\SER_Project\data\audio_speech_actors\Actor_04\03-01-04-02-02-01-04.wav
03-01-04-02-02-02-04.wav,audio-only,speech,sad,4,strong,Dogs are sitting by the door,2,4,female,C:\Users\rbk55\OneDrive\Documents\Project_CSE432-532\SER_Project\data\audio_speech_actors\Actor_04\03-01-04-02-02-02-04.wav
03-01-05-01-01-01-04.wav,audio-only,speech,angry,5,normal,Kids are talking by the door,1,4,female,C:\Users\rbk55\OneDrive\Documents\Project_CSE432-532\SER_Project\data\audio_speech_actors\Actor_04\03-01-05-01-01-01-04.wav
03-01-05-01-01-02-04.wav,audio-only,speech,angry,5,normal,Kids are talking by the door,2,4,female,C:\Users\rbk55\OneDrive\Documents\Project_CSE432-532\SER_Project\data\audio_speech_actors\Actor_04\03-01-05-01-01-02-04.wav
03-01-05-01-02-01-04.wav,audio-only,speech,angry,5,normal,Dogs are sitting by the door,1,4,female,C:\Users\rbk55\OneDrive\Documents\Project_CSE432-532\SER_Project\data\audio_speech_actors\Actor_04\03-01-05-01-02-01-04.wav
03-01-05-01-02-02-04.wav,audio-only,speech,angry,5,normal,Dogs are sitting by the door,2,4,female,C:\Users\rbk55\OneDrive\Documents\Project_CSE432-532\SER_Project\data\audio_speech_actors\Actor_04\03-01-05-01-02-02-04.wav
03-01-05-02-01-01-04.wav,audio-only,speech,angry,5,strong,Kids are talking by the door,1,4,female,C:\Users\rbk55\OneDrive\Documents\Project_CSE432-532\SER_Project\data\audio_speech_actors\Actor_04\03-01-05-02-01-01-04.wav
03-01-05-02-01-02-04.wav,audio-only,speech,angry,5,strong,Kids are talking by the door,2,4,female,C:\Users\rbk55\OneDrive\Documents\Project_CSE432-532\SER_Project\data\audio_speech_actors\Actor_04\03-01-05-02-01-02-04.wav
03-01-05-02-02-01-04.wav,audio-only,speech,angry,5,strong,Dogs are sitting by the door,1,4,female,C:\Users\rbk55\OneDrive\Documents\Project_CSE432-532\SER_Project\data\audio_speech_actors\Actor_04\03-01-05-02-02-01-04.wav
03-01-05-02-02-02-04.wav,audio-only,speech,angry,5,strong,Dogs are sitting by the door,2,4,female,C:\Users\rbk55\OneDrive\Documents\Project_CSE432-532\SER_Project\data\audio_speech_actors\Actor_04\03-01-05-02-02-02-04.wav
03-01-06-01-01-01-04.wav,audio-only,speech,fearful,6,normal,Kids are talking by the door,1,4,female,C:\Users\rbk55\OneDrive\Documents\Project_CSE432-532\SER_Project\data\audio_speech_actors\Actor_04\03-01-06-01-01-01-04.wav
03-01-06-01-01-02-04.wav,audio-only,speech,fearful,6,normal,Kids are talking by the door,2,4,female,C:\Users\rbk55\OneDrive\Documents\Project_CSE432-532\SER_Project\data\audio_speech_actors\Actor_04\03-01-06-01-01-02-04.wav
03-01-06-01-02-01-04.wav,audio-only,speech,fearful,6,normal,Dogs are sitting by the door,1,4,female,C:\Users\rbk55\OneDrive\Documents\Project_CSE432-532\SER_Project\data\audio_speech_actors\Actor_04\03-01-06-01-02-01-04.wav
03-01-06-01-02-02-04.wav,audio-only,speech,fearful,6,normal,Dogs are sitting by the door,2,4,female,C:\Users\rbk55\OneDrive\Documents\Project_CSE432-532\SER_Project\data\audio_speech_actors\Actor_04\03-01-06-01-02-02-04.wav
03-01-06-02-01-01-04.wav,audio-only,speech,fearful,6,strong,Kids are talking by the door,1,4,female,C:\Users\rbk55\OneDrive\Documents\Project_CSE432-532\SER_Project\data\audio_speech_actors\Actor_04\03-01-06-02-01-01-04.wav
03-01-06-02-01-02-04.wav,audio-only,speech,fearful,6,strong,Kids are talking by the door,2,4,female,C:\Users\rbk55\OneDrive\Documents\Project_CSE432-532\SER_Project\data\audio_speech_actors\Actor_04\03-01-06-02-01-02-04.wav
03-01-06-02-02-01-04.wav,audio-only,speech,fearful,6,strong,Dogs are sitting by the door,1,4,female,C:\Users\rbk55\OneDrive\Documents\Project_CSE432-532\SER_Project\data\audio_speech_actors\Actor_04\03-01-06-02-02-01-04.wav
03-01-06-02-02-02-04.wav,audio-only,speech,fearful,6,strong,Dogs are sitting by the door,2,4,female,C:\Users\rbk55\OneDrive\Documents\Project_CSE432-532\SER_Project\data\audio_speech_actors\Actor_04\03-01-06-02-02-02-04.wav
03-01-07-01-01-01-04.wav,audio-only,speech,disgust,7,normal,Kids are talking by the door,1,4,female,C:\Users\rbk55\OneDrive\Documents\Project_CSE432-532\SER_Project\data\audio_speech_actors\Actor_04\03-01-07-01-01-01-04.wav
03-01-07-01-01-02-04.wav,audio-only,speech,disgust,7,normal,Kids are talking by the door,2,4,female,C:\Users\rbk55\OneDrive\Documents\Project_CSE432-532\SER_Project\data\audio_speech_actors\Actor_04\03-01-07-01-01-02-04.wav
03-01-07-01-02-01-04.wav,audio-only,speech,disgust,7,normal,Dogs are sitting by the door,1,4,female,C:\Users\rbk55\OneDrive\Documents\Project_CSE432-532\SER_Project\data\audio_speech_actors\Actor_04\03-01-07-01-02-01-04.wav
03-01-07-01-02-02-04.wav,audio-only,speech,disgust,7,normal,Dogs are sitting by the door,2,4,female,C:\Users\rbk55\OneDrive\Documents\Project_CSE432-532\SER_Project\data\audio_speech_actors\Actor_04\03-01-07-01-02-02-04.wav
03-01-07-02-01-01-04.wav,audio-only,speech,disgust,7,strong,Kids are talking by the door,1,4,female,C:\Users\rbk55\OneDrive\Documents\Project_CSE432-532\SER_Project\data\audio_speech_actors\Actor_04\03-01-07-02-01-01-04.wav
03-01-07-02-01-02-04.wav,audio-only,speech,disgust,7,strong,Kids are talking by the door,2,4,female,C:\Users\rbk55\OneDrive\Documents\Project_CSE432-532\SER_Project\data\audio_speech_actors\Actor_04\03-01-07-02-01-02-04.wav
03-01-07-02-02-01-04.wav,audio-only,speech,disgust,7,strong,Dogs are sitting by the door,1,4,female,C:\Users\rbk55\OneDrive\Documents\Project_CSE432-532\SER_Project\data\audio_speech_actors\Actor_04\03-01-07-02-02-01-04.wav
03-01-07-02-02-02-04.wav,audio-only,speech,disgust,7,strong,Dogs are sitting by the door,2,4,female,C:\Users\rbk55\OneDrive\Documents\Project_CSE432-532\SER_Project\data\audio_speech_actors\Actor_04\03-01-07-02-02-02-04.wav
03-01-08-01-01-01-04.wav,audio-only,speech,surprised,8,normal,Kids are talking by the door,1,4,female,C:\Users\rbk55\OneDrive\Documents\Project_CSE432-532\SER_Project\data\audio_speech_actors\Actor_04\03-01-08-01-01-01-04.wav
03-01-08-01-01-02-04.wav,audio-only,speech,surprised,8,normal,Kids are talking by the door,2,4,female,C:\Users\rbk55\OneDrive\Documents\Project_CSE432-532\SER_Project\data\audio_speech_actors\Actor_04\03-01-08-01-01-02-04.wav
03-01-08-01-02-01-04.wav,audio-only,speech,surprised,8,normal,Dogs are sitting by the door,1,4,female,C:\Users\rbk55\OneDrive\Documents\Project_CSE432-532\SER_Project\data\audio_speech_actors\Actor_04\03-01-08-01-02-01-04.wav
03-01-08-01-02-02-04.wav,audio-only,speech,surprised,8,normal,Dogs are sitting by the door,2,4,female,C:\Users\rbk55\OneDrive\Documents\Project_CSE432-532\SER_Project\data\audio_speech_actors\Actor_04\03-01-08-01-02-02-04.wav
03-01-08-02-01-01-04.wav,audio-only,speech,surprised,8,strong,Kids are talking by the door,1,4,female,C:\Users\rbk55\OneDrive\Documents\Project_CSE432-532\SER_Project\data\audio_speech_actors\Actor_04\03-01-08-02-01-01-04.wav
03-01-08-02-01-02-04.wav,audio-only,speech,surprised,8,strong,Kids are talking by the door,2,4,female,C:\Users\rbk55\OneDrive\Documents\Project_CSE432-532\SER_Project\data\audio_speech_actors\Actor_04\03-01-08-02-01-02-04.wav
03-01-08-02-02-01-04.wav,audio-only,speech,surprised,8,strong,Dogs are sitting by the door,1,4,female,C:\Users\rbk55\OneDrive\Documents\Project_CSE432-532\SER_Project\data\audio_speech_actors\Actor_04\03-01-08-02-02-01-04.wav
03-01-08-02-02-02-04.wav,audio-only,speech,surprised,8,strong,Dogs are sitting by the door,2,4,female,C:\Users\rbk55\OneDrive\Documents\Project_CSE432-532\SER_Project\data\audio_speech_actors\Actor_04\03-01-08-02-02-02-04.wav
03-01-01-01-01-01-05.wav,audio-only,speech,neutral,1,normal,Kids are talking by the door,1,5,male,C:\Users\rbk55\OneDrive\Documents\Project_CSE432-532\SER_Project\data\audio_speech_actors\Actor_05\03-01-01-01-01-01-05.wav
03-01-01-01-01-02-05.wav,audio-only,speech,neutral,1,normal,Kids are talking by the door,2,5,male,C:\Users\rbk55\OneDrive\Documents\Project_CSE432-532\SER_Project\data\audio_speech_actors\Actor_05\03-01-01-01-01-02-05.wav
03-01-01-01-02-01-05.wav,audio-only,speech,neutral,1,normal,Dogs are sitting by the door,1,5,male,C:\Users\rbk55\OneDrive\Documents\Project_CSE432-532\SER_Project\data\audio_speech_actors\Actor_05\03-01-01-01-02-01-05.wav
03-01-01-01-02-02-05.wav,audio-only,speech,neutral,1,normal,Dogs are sitting by the door,2,5,male,C:\Users\rbk55\OneDrive\Documents\Project_CSE432-532\SER_Project\data\audio_speech_actors\Actor_05\03-01-01-01-02-02-05.wav
03-01-02-01-01-01-05.wav,audio-only,speech,calm,2,normal,Kids are talking by the door,1,5,male,C:\Users\rbk55\OneDrive\Documents\Project_CSE432-532\SER_Project\data\audio_speech_actors\Actor_05\03-01-02-01-01-01-05.wav
03-01-02-01-01-02-05.wav,audio-only,speech,calm,2,normal,Kids are talking by the door,2,5,male,C:\Users\rbk55\OneDrive\Documents\Project_CSE432-532\SER_Project\data\audio_speech_actors\Actor_05\03-01-02-01-01-02-05.wav
03-01-02-01-02-01-05.wav,audio-only,speech,calm,2,normal,Dogs are sitting by the door,1,5,male,C:\Users\rbk55\OneDrive\Documents\Project_CSE432-532\SER_Project\data\audio_speech_actors\Actor_05\03-01-02-01-02-01-05.wav
03-01-02-01-02-02-05.wav,audio-only,speech,calm,2,normal,Dogs are sitting by the door,2,5,male,C:\Users\rbk55\OneDrive\Documents\Project_CSE432-532\SER_Project\data\audio_speech_actors\Actor_05\03-01-02-01-02-02-05.wav
03-01-02-02-01-01-05.wav,audio-only,speech,calm,2,strong,Kids are talking by the door,1,5,male,C:\Users\rbk55\OneDrive\Documents\Project_CSE432-532\SER_Project\data\audio_speech_actors\Actor_05\03-01-02-02-01-01-05.wav
03-01-02-02-01-02-05.wav,audio-only,speech,calm,2,strong,Kids are talking by the door,2,5,male,C:\Users\rbk55\OneDrive\Documents\Project_CSE432-532\SER_Project\data\audio_speech_actors\Actor_05\03-01-02-02-01-02-05.wav
03-01-02-02-02-01-05.wav,audio-only,speech,calm,2,strong,Dogs are sitting by the door,1,5,male,C:\Users\rbk55\OneDrive\Documents\Project_CSE432-532\SER_Project\data\audio_speech_actors\Actor_05\03-01-02-02-02-01-05.wav
03-01-02-02-02-02-05.wav,audio-only,speech,calm,2,strong,Dogs are sitting by the door,2,5,male,C:\Users\rbk55\OneDrive\Documents\Project_CSE432-532\SER_Project\data\audio_speech_actors\Actor_05\03-01-02-02-02-02-05.wav
03-01-03-01-01-01-05.wav,audio-only,speech,happy,3,normal,Kids are talking by the door,1,5,male,C:\Users\rbk55\OneDrive\Documents\Project_CSE432-532\SER_Project\data\audio_speech_actors\Actor_05\03-01-03-01-01-01-05.wav
03-01-03-01-01-02-05.wav,audio-only,speech,happy,3,normal,Kids are talking by the door,2,5,male,C:\Users\rbk55\OneDrive\Documents\Project_CSE432-532\SER_Project\data\audio_speech_actors\Actor_05\03-01-03-01-01-02-05.wav
03-01-03-01-02-01-05.wav,audio-only,speech,happy,3,normal,Dogs are sitting by the door,1,5,male,C:\Users\rbk55\OneDrive\Documents\Project_CSE432-532\SER_Project\data\audio_speech_actors\Actor_05\03-01-03-01-02-01-05.wav
03-01-03-01-02-02-05.wav,audio-only,speech,happy,3,normal,Dogs are sitting by the door,2,5,male,C:\Users\rbk55\OneDrive\Documents\Project_CSE432-532\SER_Project\data\audio_speech_actors\Actor_05\03-01-03-01-02-02-05.wav
03-01-03-02-01-01-05.wav,audio-only,speech,happy,3,strong,Kids are talking by the door,1,5,male,C:\Users\rbk55\OneDrive\Documents\Project_CSE432-532\SER_Project\data\audio_speech_actors\Actor_05\03-01-03-02-01-01-05.wav
03-01-03-02-01-02-05.wav,audio-only,speech,happy,3,strong,Kids are talking by the door,2,5,male,C:\Users\rbk55\OneDrive\Documents\Project_CSE432-532\SER_Project\data\audio_speech_actors\Actor_05\03-01-03-02-01-02-05.wav
03-01-03-02-02-01-05.wav,audio-only,speech,happy,3,strong,Dogs are sitting by the door,1,5,male,C:\Users\rbk55\OneDrive\Documents\Project_CSE432-532\SER_Project\data\audio_speech_actors\Actor_05\03-01-03-02-02-01-05.wav
03-01-03-02-02-02-05.wav,audio-only,speech,happy,3,strong,Dogs are sitting by the door,2,5,male,C:\Users\rbk55\OneDrive\Documents\Project_CSE432-532\SER_Project\data\audio_speech_actors\Actor_05\03-01-03-02-02-02-05.wav
03-01-04-01-01-01-05.wav,audio-only,speech,sad,4,normal,Kids are talking by the door,1,5,male,C:\Users\rbk55\OneDrive\Documents\Project_CSE432-532\SER_Project\data\audio_speech_actors\Actor_05\03-01-04-01-01-01-05.wav
03-01-04-01-01-02-05.wav,audio-only,speech,sad,4,normal,Kids are talking by the door,2,5,male,C:\Users\rbk55\OneDrive\Documents\Project_CSE432-532\SER_Project\data\audio_speech_actors\Actor_05\03-01-04-01-01-02-05.wav
03-01-04-01-02-01-05.wav,audio-only,speech,sad,4,normal,Dogs are sitting by the door,1,5,male,C:\Users\rbk55\OneDrive\Documents\Project_CSE432-532\SER_Project\data\audio_speech_actors\Actor_05\03-01-04-01-02-01-05.wav
03-01-04-01-02-02-05.wav,audio-only,speech,sad,4,normal,Dogs are sitting by the door,2,5,male,C:\Users\rbk55\OneDrive\Documents\Project_CSE432-532\SER_Project\data\audio_speech_actors\Actor_05\03-01-04-01-02-02-05.wav
03-01-04-02-01-01-05.wav,audio-only,speech,sad,4,strong,Kids are talking by the door,1,5,male,C:\Users\rbk55\OneDrive\Documents\Project_CSE432-532\SER_Project\data\audio_speech_actors\Actor_05\03-01-04-02-01-01-05.wav
03-01-04-02-01-02-05.wav,audio-only,speech,sad,4,strong,Kids are talking by the door,2,5,male,C:\Users\rbk55\OneDrive\Documents\Project_CSE432-532\SER_Project\data\audio_speech_actors\Actor_05\03-01-04-02-01-02-05.wav
03-01-04-02-02-01-05.wav,audio-only,speech,sad,4,strong,Dogs are sitting by the door,1,5,male,C:\Users\rbk55\OneDrive\Documents\Project_CSE432-532\SER_Project\data\audio_speech_actors\Actor_05\03-01-04-02-02-01-05.wav
03-01-04-02-02-02-05.wav,audio-only,speech,sad,4,strong,Dogs are sitting by the door,2,5,male,C:\Users\rbk55\OneDrive\Documents\Project_CSE432-532\SER_Project\data\audio_speech_actors\Actor_05\03-01-04-02-02-02-05.wav
03-01-05-01-01-01-05.wav,audio-only,speech,angry,5,normal,Kids are talking by the door,1,5,male,C:\Users\rbk55\OneDrive\Documents\Project_CSE432-532\SER_Project\data\audio_speech_actors\Actor_05\03-01-05-01-01-01-05.wav
03-01-05-01-01-02-05.wav,audio-only,speech,angry,5,normal,Kids are talking by the door,2,5,male,C:\Users\rbk55\OneDrive\Documents\Project_CSE432-532\SER_Project\data\audio_speech_actors\Actor_05\03-01-05-01-01-02-05.wav
03-01-05-01-02-01-05.wav,audio-only,speech,angry,5,normal,Dogs are sitting by the door,1,5,male,C:\Users\rbk55\OneDrive\Documents\Project_CSE432-532\SER_Project\data\audio_speech_actors\Actor_05\03-01-05-01-02-01-05.wav
03-01-05-01-02-02-05.wav,audio-only,speech,angry,5,normal,Dogs are sitting by the door,2,5,male,C:\Users\rbk55\OneDrive\Documents\Project_CSE432-532\SER_Project\data\audio_speech_actors\Actor_05\03-01-05-01-02-02-05.wav
03-01-05-02-01-01-05.wav,audio-only,speech,angry,5,strong,Kids are talking by the door,1,5,male,C:\Users\rbk55\OneDrive\Documents\Project_CSE432-532\SER_Project\data\audio_speech_actors\Actor_05\03-01-05-02-01-01-05.wav
03-01-05-02-01-02-05.wav,audio-only,speech,angry,5,strong,Kids are talking by the door,2,5,male,C:\Users\rbk55\OneDrive\Documents\Project_CSE432-532\SER_Project\data\audio_speech_actors\Actor_05\03-01-05-02-01-02-05.wav
03-01-05-02-02-01-05.wav,audio-only,speech,angry,5,strong,Dogs are sitting by the door,1,5,male,C:\Users\rbk55\OneDrive\Documents\Project_CSE432-532\SER_Project\data\audio_speech_actors\Actor_05\03-01-05-02-02-01-05.wav
03-01-05-02-02-02-05.wav,audio-only,speech,angry,5,strong,Dogs are sitting by the door,2,5,male,C:\Users\rbk55\OneDrive\Documents\Project_CSE432-532\SER_Project\data\audio_speech_actors\Actor_05\03-01-05-02-02-02-05.wav
03-01-06-01-01-01-05.wav,audio-only,speech,fearful,6,normal,Kids are talking by the door,1,5,male,C:\Users\rbk55\OneDrive\Documents\Project_CSE432-532\SER_Project\data\audio_speech_actors\Actor_05\03-01-06-01-01-01-05.wav
03-01-06-01-01-02-05.wav,audio-only,speech,fearful,6,normal,Kids are talking by the door,2,5,male,C:\Users\rbk55\OneDrive\Documents\Project_CSE432-532\SER_Project\data\audio_speech_actors\Actor_05\03-01-06-01-01-02-05.wav
03-01-06-01-02-01-05.wav,audio-only,speech,fearful,6,normal,Dogs are sitting by the door,1,5,male,C:\Users\rbk55\OneDrive\Documents\Project_CSE432-532\SER_Project\data\audio_speech_actors\Actor_05\03-01-06-01-02-01-05.wav
03-01-06-01-02-02-05.wav,audio-only,speech,fearful,6,normal,Dogs are sitting by the door,2,5,male,C:\Users\rbk55\OneDrive\Documents\Project_CSE432-532\SER_Project\data\audio_speech_actors\Actor_05\03-01-06-01-02-02-05.wav
03-01-06-02-01-01-05.wav,audio-only,speech,fearful,6,strong,Kids are talking by the door,1,5,male,C:\Users\rbk55\OneDrive\Documents\Project_CSE432-532\SER_Project\data\audio_speech_actors\Actor_05\03-01-06-02-01-01-05.wav
03-01-06-02-01-02-05.wav,audio-only,speech,fearful,6,strong,Kids are talking by the door,2,5,male,C:\Users\rbk55\OneDrive\Documents\Project_CSE432-532\SER_Project\data\audio_speech_actors\Actor_05\03-01-06-02-01-02-05.wav
03-01-06-02-02-01-05.wav,audio-only,speech,fearful,6,strong,Dogs are sitting by the door,1,5,male,C:\Users\rbk55\OneDrive\Documents\Project_CSE432-532\SER_Project\data\audio_speech_actors\Actor_05\03-01-06-02-02-01-05.wav
03-01-06-02-02-02-05.wav,audio-only,speech,fearful,6,strong,Dogs are sitting by the door,2,5,male,C:\Users\rbk55\OneDrive\Documents\Project_CSE432-532\SER_Project\data\audio_speech_actors\Actor_05\03-01-06-02-02-02-05.wav
03-01-07-01-01-01-05.wav,audio-only,speech,disgust,7,normal,Kids are talking by the door,1,5,male,C:\Users\rbk55\OneDrive\Documents\Project_CSE432-532\SER_Project\data\audio_speech_actors\Actor_05\03-01-07-01-01-01-05.wav
03-01-07-01-01-02-05.wav,audio-only,speech,disgust,7,normal,Kids are talking by the door,2,5,male,C:\Users\rbk55\OneDrive\Documents\Project_CSE432-532\SER_Project\data\audio_speech_actors\Actor_05\03-01-07-01-01-02-05.wav
03-01-07-01-02-01-05.wav,audio-only,speech,disgust,7,normal,Dogs are sitting by the door,1,5,male,C:\Users\rbk55\OneDrive\Documents\Project_CSE432-532\SER_Project\data\audio_speech_actors\Actor_05\03-01-07-01-02-01-05.wav
03-01-07-01-02-02-05.wav,audio-only,speech,disgust,7,normal,Dogs are sitting by the door,2,5,male,C:\Users\rbk55\OneDrive\Documents\Project_CSE432-532\SER_Project\data\audio_speech_actors\Actor_05\03-01-07-01-02-02-05.wav
03-01-07-02-01-01-05.wav,audio-only,speech,disgust,7,strong,Kids are talking by the door,1,5,male,C:\Users\rbk55\OneDrive\Documents\Project_CSE432-532\SER_Project\data\audio_speech_actors\Actor_05\03-01-07-02-01-01-05.wav
03-01-07-02-01-02-05.wav,audio-only,speech,disgust,7,strong,Kids are talking by the door,2,5,male,C:\Users\rbk55\OneDrive\Documents\Project_CSE432-532\SER_Project\data\audio_speech_actors\Actor_05\03-01-07-02-01-02-05.wav
03-01-07-02-02-01-05.wav,audio-only,speech,disgust,7,strong,Dogs are sitting by the door,1,5,male,C:\Users\rbk55\OneDrive\Documents\Project_CSE432-532\SER_Project\data\audio_speech_actors\Actor_05\03-01-07-02-02-01-05.wav
03-01-07-02-02-02-05.wav,audio-only,speech,disgust,7,strong,Dogs are sitting by the door,2,5,male,C:\Users\rbk55\OneDrive\Documents\Project_CSE432-532\SER_Project\data\audio_speech_actors\Actor_05\03-01-07-02-02-02-05.wav
03-01-08-01-01-01-05.wav,audio-only,speech,surprised,8,normal,Kids are talking by the door,1,5,male,C:\Users\rbk55\OneDrive\Documents\Project_CSE432-532\SER_Project\data\audio_speech_actors\Actor_05\03-01-08-01-01-01-05.wav
03-01-08-01-01-02-05.wav,audio-only,speech,surprised,8,normal,Kids are talking by the door,2,5,male,C:\Users\rbk55\OneDrive\Documents\Project_CSE432-532\SER_Project\data\audio_speech_actors\Actor_05\03-01-08-01-01-02-05.wav
03-01-08-01-02-01-05.wav,audio-only,speech,surprised,8,normal,Dogs are sitting by the door,1,5,male,C:\Users\rbk55\OneDrive\Documents\Project_CSE432-532\SER_Project\data\audio_speech_actors\Actor_05\03-01-08-01-02-01-05.wav
03-01-08-01-02-02-05.wav,audio-only,speech,surprised,8,normal,Dogs are sitting by the door,2,5,male,C:\Users\rbk55\OneDrive\Documents\Project_CSE432-532\SER_Project\data\audio_speech_actors\Actor_05\03-01-08-01-02-02-05.wav
03-01-08-02-01-01-05.wav,audio-only,speech,surprised,8,strong,Kids are talking by the door,1,5,male,C:\Users\rbk55\OneDrive\Documents\Project_CSE432-532\SER_Project\data\audio_speech_actors\Actor_05\03-01-08-02-01-01-05.wav
03-01-08-02-01-02-05.wav,audio-only,speech,surprised,8,strong,Kids are talking by the door,2,5,male,C:\Users\rbk55\OneDrive\Documents\Project_CSE432-532\SER_Project\data\audio_speech_actors\Actor_05\03-01-08-02-01-02-05.wav
03-01-08-02-02-01-05.wav,audio-only,speech,surprised,8,strong,Dogs are sitting by the door,1,5,male,C:\Users\rbk55\OneDrive\Documents\Project_CSE432-532\SER_Project\data\audio_speech_actors\Actor_05\03-01-08-02-02-01-05.wav
03-01-08-02-02-02-05.wav,audio-only,speech,surprised,8,strong,Dogs are sitting by the door,2,5,male,C:\Users\rbk55\OneDrive\Documents\Project_CSE432-532\SER_Project\data\audio_speech_actors\Actor_05\03-01-08-02-02-02-05.wav
03-01-01-01-01-01-06.wav,audio-only,speech,neutral,1,normal,Kids are talking by the door,1,6,female,C:\Users\rbk55\OneDrive\Documents\Project_CSE432-532\SER_Project\data\audio_speech_actors\Actor_06\03-01-01-01-01-01-06.wav
03-01-01-01-01-02-06.wav,audio-only,speech,neutral,1,normal,Kids are talking by the door,2,6,female,C:\Users\rbk55\OneDrive\Documents\Project_CSE432-532\SER_Project\data\audio_speech_actors\Actor_06\03-01-01-01-01-02-06.wav
03-01-01-01-02-01-06.wav,audio-only,speech,neutral,1,normal,Dogs are sitting by the door,1,6,female,C:\Users\rbk55\OneDrive\Documents\Project_CSE432-532\SER_Project\data\audio_speech_actors\Actor_06\03-01-01-01-02-01-06.wav
03-01-01-01-02-02-06.wav,audio-only,speech,neutral,1,normal,Dogs are sitting by the door,2,6,female,C:\Users\rbk55\OneDrive\Documents\Project_CSE432-532\SER_Project\data\audio_speech_actors\Actor_06\03-01-01-01-02-02-06.wav
03-01-02-01-01-01-06.wav,audio-only,speech,calm,2,normal,Kids are talking by the door,1,6,female,C:\Users\rbk55\OneDrive\Documents\Project_CSE432-532\SER_Project\data\audio_speech_actors\Actor_06\03-01-02-01-01-01-06.wav
03-01-02-01-01-02-06.wav,audio-only,speech,calm,2,normal,Kids are talking by the door,2,6,female,C:\Users\rbk55\OneDrive\Documents\Project_CSE432-532\SER_Project\data\audio_speech_actors\Actor_06\03-01-02-01-01-02-06.wav
03-01-02-01-02-01-06.wav,audio-only,speech,calm,2,normal,Dogs are sitting by the door,1,6,female,C:\Users\rbk55\OneDrive\Documents\Project_CSE432-532\SER_Project\data\audio_speech_actors\Actor_06\03-01-02-01-02-01-06.wav
03-01-02-01-02-02-06.wav,audio-only,speech,calm,2,normal,Dogs are sitting by the door,2,6,female,C:\Users\rbk55\OneDrive\Documents\Project_CSE432-532\SER_Project\data\audio_speech_actors\Actor_06\03-01-02-01-02-02-06.wav
03-01-02-02-01-01-06.wav,audio-only,speech,calm,2,strong,Kids are talking by the door,1,6,female,C:\Users\rbk55\OneDrive\Documents\Project_CSE432-532\SER_Project\data\audio_speech_actors\Actor_06\03-01-02-02-01-01-06.wav
03-01-02-02-01-02-06.wav,audio-only,speech,calm,2,strong,Kids are talking by the door,2,6,female,C:\Users\rbk55\OneDrive\Documents\Project_CSE432-532\SER_Project\data\audio_speech_actors\Actor_06\03-01-02-02-01-02-06.wav
03-01-02-02-02-01-06.wav,audio-only,speech,calm,2,strong,Dogs are sitting by the door,1,6,female,C:\Users\rbk55\OneDrive\Documents\Project_CSE432-532\SER_Project\data\audio_speech_actors\Actor_06\03-01-02-02-02-01-06.wav
03-01-02-02-02-02-06.wav,audio-only,speech,calm,2,strong,Dogs are sitting by the door,2,6,female,C:\Users\rbk55\OneDrive\Documents\Project_CSE432-532\SER_Project\data\audio_speech_actors\Actor_06\03-01-02-02-02-02-06.wav
03-01-03-01-01-01-06.wav,audio-only,speech,happy,3,normal,Kids are talking by the door,1,6,female,C:\Users\rbk55\OneDrive\Documents\Project_CSE432-532\SER_Project\data\audio_speech_actors\Actor_06\03-01-03-01-01-01-06.wav
03-01-03-01-01-02-06.wav,audio-only,speech,happy,3,normal,Kids are talking by the door,2,6,female,C:\Users\rbk55\OneDrive\Documents\Project_CSE432-532\SER_Project\data\audio_speech_actors\Actor_06\03-01-03-01-01-02-06.wav
03-01-03-01-02-01-06.wav,audio-only,speech,happy,3,normal,Dogs are sitting by the door,1,6,female,C:\Users\rbk55\OneDrive\Documents\Project_CSE432-532\SER_Project\data\audio_speech_actors\Actor_06\03-01-03-01-02-01-06.wav
03-01-03-01-02-02-06.wav,audio-only,speech,happy,3,normal,Dogs are sitting by the door,2,6,female,C:\Users\rbk55\OneDrive\Documents\Project_CSE432-532\SER_Project\data\audio_speech_actors\Actor_06\03-01-03-01-02-02-06.wav
03-01-03-02-01-01-06.wav,audio-only,speech,happy,3,strong,Kids are talking by the door,1,6,female,C:\Users\rbk55\OneDrive\Documents\Project_CSE432-532\SER_Project\data\audio_speech_actors\Actor_06\03-01-03-02-01-01-06.wav
03-01-03-02-01-02-06.wav,audio-only,speech,happy,3,strong,Kids are talking by the door,2,6,female,C:\Users\rbk55\OneDrive\Documents\Project_CSE432-532\SER_Project\data\audio_speech_actors\Actor_06\03-01-03-02-01-02-06.wav
03-01-03-02-02-01-06.wav,audio-only,speech,happy,3,strong,Dogs are sitting by the door,1,6,female,C:\Users\rbk55\OneDrive\Documents\Project_CSE432-532\SER_Project\data\audio_speech_actors\Actor_06\03-01-03-02-02-01-06.wav
03-01-03-02-02-02-06.wav,audio-only,speech,happy,3,strong,Dogs are sitting by the door,2,6,female,C:\Users\rbk55\OneDrive\Documents\Project_CSE432-532\SER_Project\data\audio_speech_actors\Actor_06\03-01-03-02-02-02-06.wav
03-01-04-01-01-01-06.wav,audio-only,speech,sad,4,normal,Kids are talking by the door,1,6,female,C:\Users\rbk55\OneDrive\Documents\Project_CSE432-532\SER_Project\data\audio_speech_actors\Actor_06\03-01-04-01-01-01-06.wav
03-01-04-01-01-02-06.wav,audio-only,speech,sad,4,normal,Kids are talking by the door,2,6,female,C:\Users\rbk55\OneDrive\Documents\Project_CSE432-532\SER_Project\data\audio_speech_actors\Actor_06\03-01-04-01-01-02-06.wav
03-01-04-01-02-01-06.wav,audio-only,speech,sad,4,normal,Dogs are sitting by the door,1,6,female,C:\Users\rbk55\OneDrive\Documents\Project_CSE432-532\SER_Project\data\audio_speech_actors\Actor_06\03-01-04-01-02-01-06.wav
03-01-04-01-02-02-06.wav,audio-only,speech,sad,4,normal,Dogs are sitting by the door,2,6,female,C:\Users\rbk55\OneDrive\Documents\Project_CSE432-532\SER_Project\data\audio_speech_actors\Actor_06\03-01-04-01-02-02-06.wav
03-01-04-02-01-01-06.wav,audio-only,speech,sad,4,strong,Kids are talking by the door,1,6,female,C:\Users\rbk55\OneDrive\Documents\Project_CSE432-532\SER_Project\data\audio_speech_actors\Actor_06\03-01-04-02-01-01-06.wav
03-01-04-02-01-02-06.wav,audio-only,speech,sad,4,strong,Kids are talking by the door,2,6,female,C:\Users\rbk55\OneDrive\Documents\Project_CSE432-532\SER_Project\data\audio_speech_actors\Actor_06\03-01-04-02-01-02-06.wav
03-01-04-02-02-01-06.wav,audio-only,speech,sad,4,strong,Dogs are sitting by the door,1,6,female,C:\Users\rbk55\OneDrive\Documents\Project_CSE432-532\SER_Project\data\audio_speech_actors\Actor_06\03-01-04-02-02-01-06.wav
03-01-04-02-02-02-06.wav,audio-only,speech,sad,4,strong,Dogs are sitting by the door,2,6,female,C:\Users\rbk55\OneDrive\Documents\Project_CSE432-532\SER_Project\data\audio_speech_actors\Actor_06\03-01-04-02-02-02-06.wav
03-01-05-01-01-01-06.wav,audio-only,speech,angry,5,normal,Kids are talking by the door,1,6,female,C:\Users\rbk55\OneDrive\Documents\Project_CSE432-532\SER_Project\data\audio_speech_actors\Actor_06\03-01-05-01-01-01-06.wav
03-01-05-01-01-02-06.wav,audio-only,speech,angry,5,normal,Kids are talking by the door,2,6,female,C:\Users\rbk55\OneDrive\Documents\Project_CSE432-532\SER_Project\data\audio_speech_actors\Actor_06\03-01-05-01-01-02-06.wav
03-01-05-01-02-01-06.wav,audio-only,speech,angry,5,normal,Dogs are sitting by the door,1,6,female,C:\Users\rbk55\OneDrive\Documents\Project_CSE432-532\SER_Project\data\audio_speech_actors\Actor_06\03-01-05-01-02-01-06.wav
03-01-05-01-02-02-06.wav,audio-only,speech,angry,5,normal,Dogs are sitting by the door,2,6,female,C:\Users\rbk55\OneDrive\Documents\Project_CSE432-532\SER_Project\data\audio_speech_actors\Actor_06\03-01-05-01-02-02-06.wav
03-01-05-02-01-01-06.wav,audio-only,speech,angry,5,strong,Kids are talking by the door,1,6,female,C:\Users\rbk55\OneDrive\Documents\Project_CSE432-532\SER_Project\data\audio_speech_actors\Actor_06\03-01-05-02-01-01-06.wav
03-01-05-02-01-02-06.wav,audio-only,speech,angry,5,strong,Kids are talking by the door,2,6,female,C:\Users\rbk55\OneDrive\Documents\Project_CSE432-532\SER_Project\data\audio_speech_actors\Actor_06\03-01-05-02-01-02-06.wav
03-01-05-02-02-01-06.wav,audio-only,speech,angry,5,strong,Dogs are sitting by the door,1,6,female,C:\Users\rbk55\OneDrive\Documents\Project_CSE432-532\SER_Project\data\audio_speech_actors\Actor_06\03-01-05-02-02-01-06.wav
03-01-05-02-02-02-06.wav,audio-only,speech,angry,5,strong,Dogs are sitting by the door,2,6,female,C:\Users\rbk55\OneDrive\Documents\Project_CSE432-532\SER_Project\data\audio_speech_actors\Actor_06\03-01-05-02-02-02-06.wav
03-01-06-01-01-01-06.wav,audio-only,speech,fearful,6,normal,Kids are talking by the door,1,6,female,C:\Users\rbk55\OneDrive\Documents\Project_CSE432-532\SER_Project\data\audio_speech_actors\Actor_06\03-01-06-01-01-01-06.wav
03-01-06-01-01-02-06.wav,audio-only,speech,fearful,6,normal,Kids are talking by the door,2,6,female,C:\Users\rbk55\OneDrive\Documents\Project_CSE432-532\SER_Project\data\audio_speech_actors\Actor_06\03-01-06-01-01-02-06.wav
03-01-06-01-02-01-06.wav,audio-only,speech,fearful,6,normal,Dogs are sitting by the door,1,6,female,C:\Users\rbk55\OneDrive\Documents\Project_CSE432-532\SER_Project\data\audio_speech_actors\Actor_06\03-01-06-01-02-01-06.wav
03-01-06-01-02-02-06.wav,audio-only,speech,fearful,6,normal,Dogs are sitting by the door,2,6,female,C:\Users\rbk55\OneDrive\Documents\Project_CSE432-532\SER_Project\data\audio_speech_actors\Actor_06\03-01-06-01-02-02-06.wav
03-01-06-02-01-01-06.wav,audio-only,speech,fearful,6,strong,Kids are talking by the door,1,6,female,C:\Users\rbk55\OneDrive\Documents\Project_CSE432-532\SER_Project\data\audio_speech_actors\Actor_06\03-01-06-02-01-01-06.wav
03-01-06-02-01-02-06.wav,audio-only,speech,fearful,6,strong,Kids are talking by the door,2,6,female,C:\Users\rbk55\OneDrive\Documents\Project_CSE432-532\SER_Project\data\audio_speech_actors\Actor_06\03-01-06-02-01-02-06.wav
03-01-06-02-02-01-06.wav,audio-only,speech,fearful,6,strong,Dogs are sitting by the door,1,6,female,C:\Users\rbk55\OneDrive\Documents\Project_CSE432-532\SER_Project\data\audio_speech_actors\Actor_06\03-01-06-02-02-01-06.wav
03-01-06-02-02-02-06.wav,audio-only,speech,fearful,6,strong,Dogs are sitting by the door,2,6,female,C:\Users\rbk55\OneDrive\Documents\Project_CSE432-532\SER_Project\data\audio_speech_actors\Actor_06\03-01-06-02-02-02-06.wav
03-01-07-01-01-01-06.wav,audio-only,speech,disgust,7,normal,Kids are talking by the door,1,6,female,C:\Users\rbk55\OneDrive\Documents\Project_CSE432-532\SER_Project\data\audio_speech_actors\Actor_06\03-01-07-01-01-01-06.wav
03-01-07-01-01-02-06.wav,audio-only,speech,disgust,7,normal,Kids are talking by the door,2,6,female,C:\Users\rbk55\OneDrive\Documents\Project_CSE432-532\SER_Project\data\audio_speech_actors\Actor_06\03-01-07-01-01-02-06.wav
03-01-07-01-02-01-06.wav,audio-only,speech,disgust,7,normal,Dogs are sitting by the door,1,6,female,C:\Users\rbk55\OneDrive\Documents\Project_CSE432-532\SER_Project\data\audio_speech_actors\Actor_06\03-01-07-01-02-01-06.wav
03-01-07-01-02-02-06.wav,audio-only,speech,disgust,7,normal,Dogs are sitting by the door,2,6,female,C:\Users\rbk55\OneDrive\Documents\Project_CSE432-532\SER_Project\data\audio_speech_actors\Actor_06\03-01-07-01-02-02-06.wav
03-01-07-02-01-01-06.wav,audio-only,speech,disgust,7,strong,Kids are talking by the door,1,6,female,C:\Users\rbk55\OneDrive\Documents\Project_CSE432-532\SER_Project\data\audio_speech_actors\Actor_06\03-01-07-02-01-01-06.wav
03-01-07-02-01-02-06.wav,audio-only,speech,disgust,7,strong,Kids are talking by the door,2,6,female,C:\Users\rbk55\OneDrive\Documents\Project_CSE432-532\SER_Project\data\audio_speech_actors\Actor_06\03-01-07-02-01-02-06.wav
03-01-07-02-02-01-06.wav,audio-only,speech,disgust,7,strong,Dogs are sitting by the door,1,6,female,C:\Users\rbk55\OneDrive\Documents\Project_CSE432-532\SER_Project\data\audio_speech_actors\Actor_06\03-01-07-02-02-01-06.wav
03-01-07-02-02-02-06.wav,audio-only,speech,disgust,7,strong,Dogs are sitting by the door,2,6,female,C:\Users\rbk55\OneDrive\Documents\Project_CSE432-532\SER_Project\data\audio_speech_actors\Actor_06\03-01-07-02-02-02-06.wav
03-01-08-01-01-01-06.wav,audio-only,speech,surprised,8,normal,Kids are talking by the door,1,6,female,C:\Users\rbk55\OneDrive\Documents\Project_CSE432-532\SER_Project\data\audio_speech_actors\Actor_06\03-01-08-01-01-01-06.wav
03-01-08-01-01-02-06.wav,audio-only,speech,surprised,8,normal,Kids are talking by the door,2,6,female,C:\Users\rbk55\OneDrive\Documents\Project_CSE432-532\SER_Project\data\audio_speech_actors\Actor_06\03-01-08-01-01-02-06.wav
03-01-08-01-02-01-06.wav,audio-only,speech,surprised,8,normal,Dogs are sitting by the door,1,6,female,C:\Users\rbk55\OneDrive\Documents\Project_CSE432-532\SER_Project\data\audio_speech_actors\Actor_06\03-01-08-01-02-01-06.wav
03-01-08-01-02-02-06.wav,audio-only,speech,surprised,8,normal,Dogs are sitting by the door,2,6,female,C:\Users\rbk55\OneDrive\Documents\Project_CSE432-532\SER_Project\data\audio_speech_actors\Actor_06\03-01-08-01-02-02-06.wav
03-01-08-02-01-01-06.wav,audio-only,speech,surprised,8,strong,Kids are talking by the door,1,6,female,C:\Users\rbk55\OneDrive\Documents\Project_CSE432-532\SER_Project\data\audio_speech_actors\Actor_06\03-01-08-02-01-01-06.wav
03-01-08-02-01-02-06.wav,audio-only,speech,surprised,8,strong,Kids are talking by the door,2,6,female,C:\Users\rbk55\OneDrive\Documents\Project_CSE432-532\SER_Project\data\audio_speech_actors\Actor_06\03-01-08-02-01-02-06.wav
03-01-08-02-02-01-06.wav,audio-only,speech,surprised,8,strong,Dogs are sitting by the door,1,6,female,C:\Users\rbk55\OneDrive\Documents\Project_CSE432-532\SER_Project\data\audio_speech_actors\Actor_06\03-01-08-02-02-01-06.wav
03-01-08-02-02-02-06.wav,audio-only,speech,surprised,8,strong,Dogs are sitting by the door,2,6,female,C:\Users\rbk55\OneDrive\Documents\Project_CSE432-532\SER_Project\data\audio_speech_actors\Actor_06\03-01-08-02-02-02-06.wav
03-01-01-01-01-01-07.wav,audio-only,speech,neutral,1,normal,Kids are talking by the door,1,7,male,C:\Users\rbk55\OneDrive\Documents\Project_CSE432-532\SER_Project\data\audio_speech_actors\Actor_07\03-01-01-01-01-01-07.wav
03-01-01-01-01-02-07.wav,audio-only,speech,neutral,1,normal,Kids are talking by the door,2,7,male,C:\Users\rbk55\OneDrive\Documents\Project_CSE432-532\SER_Project\data\audio_speech_actors\Actor_07\03-01-01-01-01-02-07.wav
03-01-01-01-02-01-07.wav,audio-only,speech,neutral,1,normal,Dogs are sitting by the door,1,7,male,C:\Users\rbk55\OneDrive\Documents\Project_CSE432-532\SER_Project\data\audio_speech_actors\Actor_07\03-01-01-01-02-01-07.wav
03-01-01-01-02-02-07.wav,audio-only,speech,neutral,1,normal,Dogs are sitting by the door,2,7,male,C:\Users\rbk55\OneDrive\Documents\Project_CSE432-532\SER_Project\data\audio_speech_actors\Actor_07\03-01-01-01-02-02-07.wav
03-01-02-01-01-01-07.wav,audio-only,speech,calm,2,normal,Kids are talking by the door,1,7,male,C:\Users\rbk55\OneDrive\Documents\Project_CSE432-532\SER_Project\data\audio_speech_actors\Actor_07\03-01-02-01-01-01-07.wav
03-01-02-01-01-02-07.wav,audio-only,speech,calm,2,normal,Kids are talking by the door,2,7,male,C:\Users\rbk55\OneDrive\Documents\Project_CSE432-532\SER_Project\data\audio_speech_actors\Actor_07\03-01-02-01-01-02-07.wav
03-01-02-01-02-01-07.wav,audio-only,speech,calm,2,normal,Dogs are sitting by the door,1,7,male,C:\Users\rbk55\OneDrive\Documents\Project_CSE432-532\SER_Project\data\audio_speech_actors\Actor_07\03-01-02-01-02-01-07.wav
03-01-02-01-02-02-07.wav,audio-only,speech,calm,2,normal,Dogs are sitting by the door,2,7,male,C:\Users\rbk55\OneDrive\Documents\Project_CSE432-532\SER_Project\data\audio_speech_actors\Actor_07\03-01-02-01-02-02-07.wav
03-01-02-02-01-01-07.wav,audio-only,speech,calm,2,strong,Kids are talking by the door,1,7,male,C:\Users\rbk55\OneDrive\Documents\Project_CSE432-532\SER_Project\data\audio_speech_actors\Actor_07\03-01-02-02-01-01-07.wav
03-01-02-02-01-02-07.wav,audio-only,speech,calm,2,strong,Kids are talking by the door,2,7,male,C:\Users\rbk55\OneDrive\Documents\Project_CSE432-532\SER_Project\data\audio_speech_actors\Actor_07\03-01-02-02-01-02-07.wav
03-01-02-02-02-01-07.wav,audio-only,speech,calm,2,strong,Dogs are sitting by the door,1,7,male,C:\Users\rbk55\OneDrive\Documents\Project_CSE432-532\SER_Project\data\audio_speech_actors\Actor_07\03-01-02-02-02-01-07.wav
03-01-02-02-02-02-07.wav,audio-only,speech,calm,2,strong,Dogs are sitting by the door,2,7,male,C:\Users\rbk55\OneDrive\Documents\Project_CSE432-532\SER_Project\data\audio_speech_actors\Actor_07\03-01-02-02-02-02-07.wav
03-01-03-01-01-01-07.wav,audio-only,speech,happy,3,normal,Kids are talking by the door,1,7,male,C:\Users\rbk55\OneDrive\Documents\Project_CSE432-532\SER_Project\data\audio_speech_actors\Actor_07\03-01-03-01-01-01-07.wav
03-01-03-01-01-02-07.wav,audio-only,speech,happy,3,normal,Kids are talking by the door,2,7,male,C:\Users\rbk55\OneDrive\Documents\Project_CSE432-532\SER_Project\data\audio_speech_actors\Actor_07\03-01-03-01-01-02-07.wav
03-01-03-01-02-01-07.wav,audio-only,speech,happy,3,normal,Dogs are sitting by the door,1,7,male,C:\Users\rbk55\OneDrive\Documents\Project_CSE432-532\SER_Project\data\audio_speech_actors\Actor_07\03-01-03-01-02-01-07.wav
03-01-03-01-02-02-07.wav,audio-only,speech,happy,3,normal,Dogs are sitting by the door,2,7,male,C:\Users\rbk55\OneDrive\Documents\Project_CSE432-532\SER_Project\data\audio_speech_actors\Actor_07\03-01-03-01-02-02-07.wav
03-01-03-02-01-01-07.wav,audio-only,speech,happy,3,strong,Kids are talking by the door,1,7,male,C:\Users\rbk55\OneDrive\Documents\Project_CSE432-532\SER_Project\data\audio_speech_actors\Actor_07\03-01-03-02-01-01-07.wav
03-01-03-02-01-02-07.wav,audio-only,speech,happy,3,strong,Kids are talking by the door,2,7,male,C:\Users\rbk55\OneDrive\Documents\Project_CSE432-532\SER_Project\data\audio_speech_actors\Actor_07\03-01-03-02-01-02-07.wav
03-01-03-02-02-01-07.wav,audio-only,speech,happy,3,strong,Dogs are sitting by the door,1,7,male,C:\Users\rbk55\OneDrive\Documents\Project_CSE432-532\SER_Project\data\audio_speech_actors\Actor_07\03-01-03-02-02-01-07.wav
03-01-03-02-02-02-07.wav,audio-only,speech,happy,3,strong,Dogs are sitting by the door,2,7,male,C:\Users\rbk55\OneDrive\Documents\Project_CSE432-532\SER_Project\data\audio_speech_actors\Actor_07\03-01-03-02-02-02-07.wav
03-01-04-01-01-01-07.wav,audio-only,speech,sad,4,normal,Kids are talking by the door,1,7,male,C:\Users\rbk55\OneDrive\Documents\Project_CSE432-532\SER_Project\data\audio_speech_actors\Actor_07\03-01-04-01-01-01-07.wav
03-01-04-01-01-02-07.wav,audio-only,speech,sad,4,normal,Kids are talking by the door,2,7,male,C:\Users\rbk55\OneDrive\Documents\Project_CSE432-532\SER_Project\data\audio_speech_actors\Actor_07\03-01-04-01-01-02-07.wav
03-01-04-01-02-01-07.wav,audio-only,speech,sad,4,normal,Dogs are sitting by the door,1,7,male,C:\Users\rbk55\OneDrive\Documents\Project_CSE432-532\SER_Project\data\audio_speech_actors\Actor_07\03-01-04-01-02-01-07.wav
03-01-04-01-02-02-07.wav,audio-only,speech,sad,4,normal,Dogs are sitting by the door,2,7,male,C:\Users\rbk55\OneDrive\Documents\Project_CSE432-532\SER_Project\data\audio_speech_actors\Actor_07\03-01-04-01-02-02-07.wav
03-01-04-02-01-01-07.wav,audio-only,speech,sad,4,strong,Kids are talking by the door,1,7,male,C:\Users\rbk55\OneDrive\Documents\Project_CSE432-532\SER_Project\data\audio_speech_actors\Actor_07\03-01-04-02-01-01-07.wav
03-01-04-02-01-02-07.wav,audio-only,speech,sad,4,strong,Kids are talking by the door,2,7,male,C:\Users\rbk55\OneDrive\Documents\Project_CSE432-532\SER_Project\data\audio_speech_actors\Actor_07\03-01-04-02-01-02-07.wav
03-01-04-02-02-01-07.wav,audio-only,speech,sad,4,strong,Dogs are sitting by the door,1,7,male,C:\Users\rbk55\OneDrive\Documents\Project_CSE432-532\SER_Project\data\audio_speech_actors\Actor_07\03-01-04-02-02-01-07.wav
03-01-04-02-02-02-07.wav,audio-only,speech,sad,4,strong,Dogs are sitting by the door,2,7,male,C:\Users\rbk55\OneDrive\Documents\Project_CSE432-532\SER_Project\data\audio_speech_actors\Actor_07\03-01-04-02-02-02-07.wav
03-01-05-01-01-01-07.wav,audio-only,speech,angry,5,normal,Kids are talking by the door,1,7,male,C:\Users\rbk55\OneDrive\Documents\Project_CSE432-532\SER_Project\data\audio_speech_actors\Actor_07\03-01-05-01-01-01-07.wav
03-01-05-01-01-02-07.wav,audio-only,speech,angry,5,normal,Kids are talking by the door,2,7,male,C:\Users\rbk55\OneDrive\Documents\Project_CSE432-532\SER_Project\data\audio_speech_actors\Actor_07\03-01-05-01-01-02-07.wav
03-01-05-01-02-01-07.wav,audio-only,speech,angry,5,normal,Dogs are sitting by the door,1,7,male,C:\Users\rbk55\OneDrive\Documents\Project_CSE432-532\SER_Project\data\audio_speech_actors\Actor_07\03-01-05-01-02-01-07.wav
03-01-05-01-02-02-07.wav,audio-only,speech,angry,5,normal,Dogs are sitting by the door,2,7,male,C:\Users\rbk55\OneDrive\Documents\Project_CSE432-532\SER_Project\data\audio_speech_actors\Actor_07\03-01-05-01-02-02-07.wav
03-01-05-02-01-01-07.wav,audio-only,speech,angry,5,strong,Kids are talking by the door,1,7,male,C:\Users\rbk55\OneDrive\Documents\Project_CSE432-532\SER_Project\data\audio_speech_actors\Actor_07\03-01-05-02-01-01-07.wav
03-01-05-02-01-02-07.wav,audio-only,speech,angry,5,strong,Kids are talking by the door,2,7,male,C:\Users\rbk55\OneDrive\Documents\Project_CSE432-532\SER_Project\data\audio_speech_actors\Actor_07\03-01-05-02-01-02-07.wav
03-01-05-02-02-01-07.wav,audio-only,speech,angry,5,strong,Dogs are sitting by the door,1,7,male,C:\Users\rbk55\OneDrive\Documents\Project_CSE432-532\SER_Project\data\audio_speech_actors\Actor_07\03-01-05-02-02-01-07.wav
03-01-05-02-02-02-07.wav,audio-only,speech,angry,5,strong,Dogs are sitting by the door,2,7,male,C:\Users\rbk55\OneDrive\Documents\Project_CSE432-532\SER_Project\data\audio_speech_actors\Actor_07\03-01-05-02-02-02-07.wav
03-01-06-01-01-01-07.wav,audio-only,speech,fearful,6,normal,Kids are talking by the door,1,7,male,C:\Users\rbk55\OneDrive\Documents\Project_CSE432-532\SER_Project\data\audio_speech_actors\Actor_07\03-01-06-01-01-01-07.wav
03-01-06-01-01-02-07.wav,audio-only,speech,fearful,6,normal,Kids are talking by the door,2,7,male,C:\Users\rbk55\OneDrive\Documents\Project_CSE432-532\SER_Project\data\audio_speech_actors\Actor_07\03-01-06-01-01-02-07.wav
03-01-06-01-02-01-07.wav,audio-only,speech,fearful,6,normal,Dogs are sitting by the door,1,7,male,C:\Users\rbk55\OneDrive\Documents\Project_CSE432-532\SER_Project\data\audio_speech_actors\Actor_07\03-01-06-01-02-01-07.wav
03-01-06-01-02-02-07.wav,audio-only,speech,fearful,6,normal,Dogs are sitting by the door,2,7,male,C:\Users\rbk55\OneDrive\Documents\Project_CSE432-532\SER_Project\data\audio_speech_actors\Actor_07\03-01-06-01-02-02-07.wav
03-01-06-02-01-01-07.wav,audio-only,speech,fearful,6,strong,Kids are talking by the door,1,7,male,C:\Users\rbk55\OneDrive\Documents\Project_CSE432-532\SER_Project\data\audio_speech_actors\Actor_07\03-01-06-02-01-01-07.wav
03-01-06-02-01-02-07.wav,audio-only,speech,fearful,6,strong,Kids are talking by the door,2,7,male,C:\Users\rbk55\OneDrive\Documents\Project_CSE432-532\SER_Project\data\audio_speech_actors\Actor_07\03-01-06-02-01-02-07.wav
03-01-06-02-02-01-07.wav,audio-only,speech,fearful,6,strong,Dogs are sitting by the door,1,7,male,C:\Users\rbk55\OneDrive\Documents\Project_CSE432-532\SER_Project\data\audio_speech_actors\Actor_07\03-01-06-02-02-01-07.wav
03-01-06-02-02-02-07.wav,audio-only,speech,fearful,6,strong,Dogs are sitting by the door,2,7,male,C:\Users\rbk55\OneDrive\Documents\Project_CSE432-532\SER_Project\data\audio_speech_actors\Actor_07\03-01-06-02-02-02-07.wav
03-01-07-01-01-01-07.wav,audio-only,speech,disgust,7,normal,Kids are talking by the door,1,7,male,C:\Users\rbk55\OneDrive\Documents\Project_CSE432-532\SER_Project\data\audio_speech_actors\Actor_07\03-01-07-01-01-01-07.wav
03-01-07-01-01-02-07.wav,audio-only,speech,disgust,7,normal,Kids are talking by the door,2,7,male,C:\Users\rbk55\OneDrive\Documents\Project_CSE432-532\SER_Project\data\audio_speech_actors\Actor_07\03-01-07-01-01-02-07.wav
03-01-07-01-02-01-07.wav,audio-only,speech,disgust,7,normal,Dogs are sitting by the door,1,7,male,C:\Users\rbk55\OneDrive\Documents\Project_CSE432-532\SER_Project\data\audio_speech_actors\Actor_07\03-01-07-01-02-01-07.wav
03-01-07-01-02-02-07.wav,audio-only,speech,disgust,7,normal,Dogs are sitting by the door,2,7,male,C:\Users\rbk55\OneDrive\Documents\Project_CSE432-532\SER_Project\data\audio_speech_actors\Actor_07\03-01-07-01-02-02-07.wav
03-01-07-02-01-01-07.wav,audio-only,speech,disgust,7,strong,Kids are talking by the door,1,7,male,C:\Users\rbk55\OneDrive\Documents\Project_CSE432-532\SER_Project\data\audio_speech_actors\Actor_07\03-01-07-02-01-01-07.wav
03-01-07-02-01-02-07.wav,audio-only,speech,disgust,7,strong,Kids are talking by the door,2,7,male,C:\Users\rbk55\OneDrive\Documents\Project_CSE432-532\SER_Project\data\audio_speech_actors\Actor_07\03-01-07-02-01-02-07.wav
03-01-07-02-02-01-07.wav,audio-only,speech,disgust,7,strong,Dogs are sitting by the door,1,7,male,C:\Users\rbk55\OneDrive\Documents\Project_CSE432-532\SER_Project\data\audio_speech_actors\Actor_07\03-01-07-02-02-01-07.wav
03-01-07-02-02-02-07.wav,audio-only,speech,disgust,7,strong,Dogs are sitting by the door,2,7,male,C:\Users\rbk55\OneDrive\Documents\Project_CSE432-532\SER_Project\data\audio_speech_actors\Actor_07\03-01-07-02-02-02-07.wav
03-01-08-01-01-01-07.wav,audio-only,speech,surprised,8,normal,Kids are talking by the door,1,7,male,C:\Users\rbk55\OneDrive\Documents\Project_CSE432-532\SER_Project\data\audio_speech_actors\Actor_07\03-01-08-01-01-01-07.wav
03-01-08-01-01-02-07.wav,audio-only,speech,surprised,8,normal,Kids are talking by the door,2,7,male,C:\Users\rbk55\OneDrive\Documents\Project_CSE432-532\SER_Project\data\audio_speech_actors\Actor_07\03-01-08-01-01-02-07.wav
03-01-08-01-02-01-07.wav,audio-only,speech,surprised,8,normal,Dogs are sitting by the door,1,7,male,C:\Users\rbk55\OneDrive\Documents\Project_CSE432-532\SER_Project\data\audio_speech_actors\Actor_07\03-01-08-01-02-01-07.wav
03-01-08-01-02-02-07.wav,audio-only,speech,surprised,8,normal,Dogs are sitting by the door,2,7,male,C:\Users\rbk55\OneDrive\Documents\Project_CSE432-532\SER_Project\data\audio_speech_actors\Actor_07\03-01-08-01-02-02-07.wav
03-01-08-02-01-01-07.wav,audio-only,speech,surprised,8,strong,Kids are talking by the door,1,7,male,C:\Users\rbk55\OneDrive\Documents\Project_CSE432-532\SER_Project\data\audio_speech_actors\Actor_07\03-01-08-02-01-01-07.wav
03-01-08-02-01-02-07.wav,audio-only,speech,surprised,8,strong,Kids are talking by the door,2,7,male,C:\Users\rbk55\OneDrive\Documents\Project_CSE432-532\SER_Project\data\audio_speech_actors\Actor_07\03-01-08-02-01-02-07.wav
03-01-08-02-02-01-07.wav,audio-only,speech,surprised,8,strong,Dogs are sitting by the door,1,7,male,C:\Users\rbk55\OneDrive\Documents\Project_CSE432-532\SER_Project\data\audio_speech_actors\Actor_07\03-01-08-02-02-01-07.wav
03-01-08-02-02-02-07.wav,audio-only,speech,surprised,8,strong,Dogs are sitting by the door,2,7,male,C:\Users\rbk55\OneDrive\Documents\Project_CSE432-532\SER_Project\data\audio_speech_actors\Actor_07\03-01-08-02-02-02-07.wav
03-01-01-01-01-01-08.wav,audio-only,speech,neutral,1,normal,Kids are talking by the door,1,8,female,C:\Users\rbk55\OneDrive\Documents\Project_CSE432-532\SER_Project\data\audio_speech_actors\Actor_08\03-01-01-01-01-01-08.wav
03-01-01-01-01-02-08.wav,audio-only,speech,neutral,1,normal,Kids are talking by the door,2,8,female,C:\Users\rbk55\OneDrive\Documents\Project_CSE432-532\SER_Project\data\audio_speech_actors\Actor_08\03-01-01-01-01-02-08.wav
03-01-01-01-02-01-08.wav,audio-only,speech,neutral,1,normal,Dogs are sitting by the door,1,8,female,C:\Users\rbk55\OneDrive\Documents\Project_CSE432-532\SER_Project\data\audio_speech_actors\Actor_08\03-01-01-01-02-01-08.wav
03-01-01-01-02-02-08.wav,audio-only,speech,neutral,1,normal,Dogs are sitting by the door,2,8,female,C:\Users\rbk55\OneDrive\Documents\Project_CSE432-532\SER_Project\data\audio_speech_actors\Actor_08\03-01-01-01-02-02-08.wav
03-01-02-01-01-01-08.wav,audio-only,speech,calm,2,normal,Kids are talking by the door,1,8,female,C:\Users\rbk55\OneDrive\Documents\Project_CSE432-532\SER_Project\data\audio_speech_actors\Actor_08\03-01-02-01-01-01-08.wav
03-01-02-01-01-02-08.wav,audio-only,speech,calm,2,normal,Kids are talking by the door,2,8,female,C:\Users\rbk55\OneDrive\Documents\Project_CSE432-532\SER_Project\data\audio_speech_actors\Actor_08\03-01-02-01-01-02-08.wav
03-01-02-01-02-01-08.wav,audio-only,speech,calm,2,normal,Dogs are sitting by the door,1,8,female,C:\Users\rbk55\OneDrive\Documents\Project_CSE432-532\SER_Project\data\audio_speech_actors\Actor_08\03-01-02-01-02-01-08.wav
03-01-02-01-02-02-08.wav,audio-only,speech,calm,2,normal,Dogs are sitting by the door,2,8,female,C:\Users\rbk55\OneDrive\Documents\Project_CSE432-532\SER_Project\data\audio_speech_actors\Actor_08\03-01-02-01-02-02-08.wav
03-01-02-02-01-01-08.wav,audio-only,speech,calm,2,strong,Kids are talking by the door,1,8,female,C:\Users\rbk55\OneDrive\Documents\Project_CSE432-532\SER_Project\data\audio_speech_actors\Actor_08\03-01-02-02-01-01-08.wav
03-01-02-02-01-02-08.wav,audio-only,speech,calm,2,strong,Kids are talking by the door,2,8,female,C:\Users\rbk55\OneDrive\Documents\Project_CSE432-532\SER_Project\data\audio_speech_actors\Actor_08\03-01-02-02-01-02-08.wav
03-01-02-02-02-01-08.wav,audio-only,speech,calm,2,strong,Dogs are sitting by the door,1,8,female,C:\Users\rbk55\OneDrive\Documents\Project_CSE432-532\SER_Project\data\audio_speech_actors\Actor_08\03-01-02-02-02-01-08.wav
03-01-02-02-02-02-08.wav,audio-only,speech,calm,2,strong,Dogs are sitting by the door,2,8,female,C:\Users\rbk55\OneDrive\Documents\Project_CSE432-532\SER_Project\data\audio_speech_actors\Actor_08\03-01-02-02-02-02-08.wav
03-01-03-01-01-01-08.wav,audio-only,speech,happy,3,normal,Kids are talking by the door,1,8,female,C:\Users\rbk55\OneDrive\Documents\Project_CSE432-532\SER_Project\data\audio_speech_actors\Actor_08\03-01-03-01-01-01-08.wav
03-01-03-01-01-02-08.wav,audio-only,speech,happy,3,normal,Kids are talking by the door,2,8,female,C:\Users\rbk55\OneDrive\Documents\Project_CSE432-532\SER_Project\data\audio_speech_actors\Actor_08\03-01-03-01-01-02-08.wav
03-01-03-01-02-01-08.wav,audio-only,speech,happy,3,normal,Dogs are sitting by the door,1,8,female,C:\Users\rbk55\OneDrive\Documents\Project_CSE432-532\SER_Project\data\audio_speech_actors\Actor_08\03-01-03-01-02-01-08.wav
03-01-03-01-02-02-08.wav,audio-only,speech,happy,3,normal,Dogs are sitting by the door,2,8,female,C:\Users\rbk55\OneDrive\Documents\Project_CSE432-532\SER_Project\data\audio_speech_actors\Actor_08\03-01-03-01-02-02-08.wav
03-01-03-02-01-01-08.wav,audio-only,speech,happy,3,strong,Kids are talking by the door,1,8,female,C:\Users\rbk55\OneDrive\Documents\Project_CSE432-532\SER_Project\data\audio_speech_actors\Actor_08\03-01-03-02-01-01-08.wav
03-01-03-02-01-02-08.wav,audio-only,speech,happy,3,strong,Kids are talking by the door,2,8,female,C:\Users\rbk55\OneDrive\Documents\Project_CSE432-532\SER_Project\data\audio_speech_actors\Actor_08\03-01-03-02-01-02-08.wav
03-01-03-02-02-01-08.wav,audio-only,speech,happy,3,strong,Dogs are sitting by the door,1,8,female,C:\Users\rbk55\OneDrive\Documents\Project_CSE432-532\SER_Project\data\audio_speech_actors\Actor_08\03-01-03-02-02-01-08.wav
03-01-03-02-02-02-08.wav,audio-only,speech,happy,3,strong,Dogs are sitting by the door,2,8,female,C:\Users\rbk55\OneDrive\Documents\Project_CSE432-532\SER_Project\data\audio_speech_actors\Actor_08\03-01-03-02-02-02-08.wav
03-01-04-01-01-01-08.wav,audio-only,speech,sad,4,normal,Kids are talking by the door,1,8,female,C:\Users\rbk55\OneDrive\Documents\Project_CSE432-532\SER_Project\data\audio_speech_actors\Actor_08\03-01-04-01-01-01-08.wav
03-01-04-01-01-02-08.wav,audio-only,speech,sad,4,normal,Kids are talking by the door,2,8,female,C:\Users\rbk55\OneDrive\Documents\Project_CSE432-532\SER_Project\data\audio_speech_actors\Actor_08\03-01-04-01-01-02-08.wav
03-01-04-01-02-01-08.wav,audio-only,speech,sad,4,normal,Dogs are sitting by the door,1,8,female,C:\Users\rbk55\OneDrive\Documents\Project_CSE432-532\SER_Project\data\audio_speech_actors\Actor_08\03-01-04-01-02-01-08.wav
03-01-04-01-02-02-08.wav,audio-only,speech,sad,4,normal,Dogs are sitting by the door,2,8,female,C:\Users\rbk55\OneDrive\Documents\Project_CSE432-532\SER_Project\data\audio_speech_actors\Actor_08\03-01-04-01-02-02-08.wav
03-01-04-02-01-01-08.wav,audio-only,speech,sad,4,strong,Kids are talking by the door,1,8,female,C:\Users\rbk55\OneDrive\Documents\Project_CSE432-532\SER_Project\data\audio_speech_actors\Actor_08\03-01-04-02-01-01-08.wav
03-01-04-02-01-02-08.wav,audio-only,speech,sad,4,strong,Kids are talking by the door,2,8,female,C:\Users\rbk55\OneDrive\Documents\Project_CSE432-532\SER_Project\data\audio_speech_actors\Actor_08\03-01-04-02-01-02-08.wav
03-01-04-02-02-01-08.wav,audio-only,speech,sad,4,strong,Dogs are sitting by the door,1,8,female,C:\Users\rbk55\OneDrive\Documents\Project_CSE432-532\SER_Project\data\audio_speech_actors\Actor_08\03-01-04-02-02-01-08.wav
03-01-04-02-02-02-08.wav,audio-only,speech,sad,4,strong,Dogs are sitting by the door,2,8,female,C:\Users\rbk55\OneDrive\Documents\Project_CSE432-532\SER_Project\data\audio_speech_actors\Actor_08\03-01-04-02-02-02-08.wav
03-01-05-01-01-01-08.wav,audio-only,speech,angry,5,normal,Kids are talking by the door,1,8,female,C:\Users\rbk55\OneDrive\Documents\Project_CSE432-532\SER_Project\data\audio_speech_actors\Actor_08\03-01-05-01-01-01-08.wav
03-01-05-01-01-02-08.wav,audio-only,speech,angry,5,normal,Kids are talking by the door,2,8,female,C:\Users\rbk55\OneDrive\Documents\Project_CSE432-532\SER_Project\data\audio_speech_actors\Actor_08\03-01-05-01-01-02-08.wav
03-01-05-01-02-01-08.wav,audio-only,speech,angry,5,normal,Dogs are sitting by the door,1,8,female,C:\Users\rbk55\OneDrive\Documents\Project_CSE432-532\SER_Project\data\audio_speech_actors\Actor_08\03-01-05-01-02-01-08.wav
03-01-05-01-02-02-08.wav,audio-only,speech,angry,5,normal,Dogs are sitting by the door,2,8,female,C:\Users\rbk55\OneDrive\Documents\Project_CSE432-532\SER_Project\data\audio_speech_actors\Actor_08\03-01-05-01-02-02-08.wav
03-01-05-02-01-01-08.wav,audio-only,speech,angry,5,strong,Kids are talking by the door,1,8,female,C:\Users\rbk55\OneDrive\Documents\Project_CSE432-532\SER_Project\data\audio_speech_actors\Actor_08\03-01-05-02-01-01-08.wav
03-01-05-02-01-02-08.wav,audio-only,speech,angry,5,strong,Kids are talking by the door,2,8,female,C:\Users\rbk55\OneDrive\Documents\Project_CSE432-532\SER_Project\data\audio_speech_actors\Actor_08\03-01-05-02-01-02-08.wav
03-01-05-02-02-01-08.wav,audio-only,speech,angry,5,strong,Dogs are sitting by the door,1,8,female,C:\Users\rbk55\OneDrive\Documents\Project_CSE432-532\SER_Project\data\audio_speech_actors\Actor_08\03-01-05-02-02-01-08.wav
03-01-05-02-02-02-08.wav,audio-only,speech,angry,5,strong,Dogs are sitting by the door,2,8,female,C:\Users\rbk55\OneDrive\Documents\Project_CSE432-532\SER_Project\data\audio_speech_actors\Actor_08\03-01-05-02-02-02-08.wav
03-01-06-01-01-01-08.wav,audio-only,speech,fearful,6,normal,Kids are talking by the door,1,8,female,C:\Users\rbk55\OneDrive\Documents\Project_CSE432-532\SER_Project\data\audio_speech_actors\Actor_08\03-01-06-01-01-01-08.wav
03-01-06-01-01-02-08.wav,audio-only,speech,fearful,6,normal,Kids are talking by the door,2,8,female,C:\Users\rbk55\OneDrive\Documents\Project_CSE432-532\SER_Project\data\audio_speech_actors\Actor_08\03-01-06-01-01-02-08.wav
03-01-06-01-02-01-08.wav,audio-only,speech,fearful,6,normal,Dogs are sitting by the door,1,8,female,C:\Users\rbk55\OneDrive\Documents\Project_CSE432-532\SER_Project\data\audio_speech_actors\Actor_08\03-01-06-01-02-01-08.wav
03-01-06-01-02-02-08.wav,audio-only,speech,fearful,6,normal,Dogs are sitting by the door,2,8,female,C:\Users\rbk55\OneDrive\Documents\Project_CSE432-532\SER_Project\data\audio_speech_actors\Actor_08\03-01-06-01-02-02-08.wav
03-01-06-02-01-01-08.wav,audio-only,speech,fearful,6,strong,Kids are talking by the door,1,8,female,C:\Users\rbk55\OneDrive\Documents\Project_CSE432-532\SER_Project\data\audio_speech_actors\Actor_08\03-01-06-02-01-01-08.wav
03-01-06-02-01-02-08.wav,audio-only,speech,fearful,6,strong,Kids are talking by the door,2,8,female,C:\Users\rbk55\OneDrive\Documents\Project_CSE432-532\SER_Project\data\audio_speech_actors\Actor_08\03-01-06-02-01-02-08.wav
03-01-06-02-02-01-08.wav,audio-only,speech,fearful,6,strong,Dogs are sitting by the door,1,8,female,C:\Users\rbk55\OneDrive\Documents\Project_CSE432-532\SER_Project\data\audio_speech_actors\Actor_08\03-01-06-02-02-01-08.wav
03-01-06-02-02-02-08.wav,audio-only,speech,fearful,6,strong,Dogs are sitting by the door,2,8,female,C:\Users\rbk55\OneDrive\Documents\Project_CSE432-532\SER_Project\data\audio_speech_actors\Actor_08\03-01-06-02-02-02-08.wav
03-01-07-01-01-01-08.wav,audio-only,speech,disgust,7,normal,Kids are talking by the door,1,8,female,C:\Users\rbk55\OneDrive\Documents\Project_CSE432-532\SER_Project\data\audio_speech_actors\Actor_08\03-01-07-01-01-01-08.wav
03-01-07-01-01-02-08.wav,audio-only,speech,disgust,7,normal,Kids are talking by the door,2,8,female,C:\Users\rbk55\OneDrive\Documents\Project_CSE432-532\SER_Project\data\audio_speech_actors\Actor_08\03-01-07-01-01-02-08.wav
03-01-07-01-02-01-08.wav,audio-only,speech,disgust,7,normal,Dogs are sitting by the door,1,8,female,C:\Users\rbk55\OneDrive\Documents\Project_CSE432-532\SER_Project\data\audio_speech_actors\Actor_08\03-01-07-01-02-01-08.wav
03-01-07-01-02-02-08.wav,audio-only,speech,disgust,7,normal,Dogs are sitting by the door,2,8,female,C:\Users\rbk55\OneDrive\Documents\Project_CSE432-532\SER_Project\data\audio_speech_actors\Actor_08\03-01-07-01-02-02-08.wav
03-01-07-02-01-01-08.wav,audio-only,speech,disgust,7,strong,Kids are talking by the door,1,8,female,C:\Users\rbk55\OneDrive\Documents\Project_CSE432-532\SER_Project\data\audio_speech_actors\Actor_08\03-01-07-02-01-01-08.wav
03-01-07-02-01-02-08.wav,audio-only,speech,disgust,7,strong,Kids are talking by the door,2,8,female,C:\Users\rbk55\OneDrive\Documents\Project_CSE432-532\SER_Project\data\audio_speech_actors\Actor_08\03-01-07-02-01-02-08.wav
03-01-07-02-02-01-08.wav,audio-only,speech,disgust,7,strong,Dogs are sitting by the door,1,8,female,C:\Users\rbk55\OneDrive\Documents\Project_CSE432-532\SER_Project\data\audio_speech_actors\Actor_08\03-01-07-02-02-01-08.wav
03-01-07-02-02-02-08.wav,audio-only,speech,disgust,7,strong,Dogs are sitting by the door,2,8,female,C:\Users\rbk55\OneDrive\Documents\Project_CSE432-532\SER_Project\data\audio_speech_actors\Actor_08\03-01-07-02-02-02-08.wav
03-01-08-01-01-01-08.wav,audio-only,speech,surprised,8,normal,Kids are talking by the door,1,8,female,C:\Users\rbk55\OneDrive\Documents\Project_CSE432-532\SER_Project\data\audio_speech_actors\Actor_08\03-01-08-01-01-01-08.wav
03-01-08-01-01-02-08.wav,audio-only,speech,surprised,8,normal,Kids are talking by the door,2,8,female,C:\Users\rbk55\OneDrive\Documents\Project_CSE432-532\SER_Project\data\audio_speech_actors\Actor_08\03-01-08-01-01-02-08.wav
03-01-08-01-02-01-08.wav,audio-only,speech,surprised,8,normal,Dogs are sitting by the door,1,8,female,C:\Users\rbk55\OneDrive\Documents\Project_CSE432-532\SER_Project\data\audio_speech_actors\Actor_08\03-01-08-01-02-01-08.wav
03-01-08-01-02-02-08.wav,audio-only,speech,surprised,8,normal,Dogs are sitting by the door,2,8,female,C:\Users\rbk55\OneDrive\Documents\Project_CSE432-532\SER_Project\data\audio_speech_actors\Actor_08\03-01-08-01-02-02-08.wav
03-01-08-02-01-01-08.wav,audio-only,speech,surprised,8,strong,Kids are talking by the door,1,8,female,C:\Users\rbk55\OneDrive\Documents\Project_CSE432-532\SER_Project\data\audio_speech_actors\Actor_08\03-01-08-02-01-01-08.wav
03-01-08-02-01-02-08.wav,audio-only,speech,surprised,8,strong,Kids are talking by the door,2,8,female,C:\Users\rbk55\OneDrive\Documents\Project_CSE432-532\SER_Project\data\audio_speech_actors\Actor_08\03-01-08-02-01-02-08.wav
03-01-08-02-02-01-08.wav,audio-only,speech,surprised,8,strong,Dogs are sitting by the door,1,8,female,C:\Users\rbk55\OneDrive\Documents\Project_CSE432-532\SER_Project\data\audio_speech_actors\Actor_08\03-01-08-02-02-01-08.wav
03-01-08-02-02-02-08.wav,audio-only,speech,surprised,8,strong,Dogs are sitting by the door,2,8,female,C:\Users\rbk55\OneDrive\Documents\Project_CSE432-532\SER_Project\data\audio_speech_actors\Actor_08\03-01-08-02-02-02-08.wav
03-01-01-01-01-01-09.wav,audio-only,speech,neutral,1,normal,Kids are talking by the door,1,9,male,C:\Users\rbk55\OneDrive\Documents\Project_CSE432-532\SER_Project\data\audio_speech_actors\Actor_09\03-01-01-01-01-01-09.wav
03-01-01-01-01-02-09.wav,audio-only,speech,neutral,1,normal,Kids are talking by the door,2,9,male,C:\Users\rbk55\OneDrive\Documents\Project_CSE432-532\SER_Project\data\audio_speech_actors\Actor_09\03-01-01-01-01-02-09.wav
03-01-01-01-02-01-09.wav,audio-only,speech,neutral,1,normal,Dogs are sitting by the door,1,9,male,C:\Users\rbk55\OneDrive\Documents\Project_CSE432-532\SER_Project\data\audio_speech_actors\Actor_09\03-01-01-01-02-01-09.wav
03-01-01-01-02-02-09.wav,audio-only,speech,neutral,1,normal,Dogs are sitting by the door,2,9,male,C:\Users\rbk55\OneDrive\Documents\Project_CSE432-532\SER_Project\data\audio_speech_actors\Actor_09\03-01-01-01-02-02-09.wav
03-01-02-01-01-01-09.wav,audio-only,speech,calm,2,normal,Kids are talking by the door,1,9,male,C:\Users\rbk55\OneDrive\Documents\Project_CSE432-532\SER_Project\data\audio_speech_actors\Actor_09\03-01-02-01-01-01-09.wav
03-01-02-01-01-02-09.wav,audio-only,speech,calm,2,normal,Kids are talking by the door,2,9,male,C:\Users\rbk55\OneDrive\Documents\Project_CSE432-532\SER_Project\data\audio_speech_actors\Actor_09\03-01-02-01-01-02-09.wav
03-01-02-01-02-01-09.wav,audio-only,speech,calm,2,normal,Dogs are sitting by the door,1,9,male,C:\Users\rbk55\OneDrive\Documents\Project_CSE432-532\SER_Project\data\audio_speech_actors\Actor_09\03-01-02-01-02-01-09.wav
03-01-02-01-02-02-09.wav,audio-only,speech,calm,2,normal,Dogs are sitting by the door,2,9,male,C:\Users\rbk55\OneDrive\Documents\Project_CSE432-532\SER_Project\data\audio_speech_actors\Actor_09\03-01-02-01-02-02-09.wav
03-01-02-02-01-01-09.wav,audio-only,speech,calm,2,strong,Kids are talking by the door,1,9,male,C:\Users\rbk55\OneDrive\Documents\Project_CSE432-532\SER_Project\data\audio_speech_actors\Actor_09\03-01-02-02-01-01-09.wav
03-01-02-02-01-02-09.wav,audio-only,speech,calm,2,strong,Kids are talking by the door,2,9,male,C:\Users\rbk55\OneDrive\Documents\Project_CSE432-532\SER_Project\data\audio_speech_actors\Actor_09\03-01-02-02-01-02-09.wav
03-01-02-02-02-01-09.wav,audio-only,speech,calm,2,strong,Dogs are sitting by the door,1,9,male,C:\Users\rbk55\OneDrive\Documents\Project_CSE432-532\SER_Project\data\audio_speech_actors\Actor_09\03-01-02-02-02-01-09.wav
03-01-02-02-02-02-09.wav,audio-only,speech,calm,2,strong,Dogs are sitting by the door,2,9,male,C:\Users\rbk55\OneDrive\Documents\Project_CSE432-532\SER_Project\data\audio_speech_actors\Actor_09\03-01-02-02-02-02-09.wav
03-01-03-01-01-01-09.wav,audio-only,speech,happy,3,normal,Kids are talking by the door,1,9,male,C:\Users\rbk55\OneDrive\Documents\Project_CSE432-532\SER_Project\data\audio_speech_actors\Actor_09\03-01-03-01-01-01-09.wav
03-01-03-01-01-02-09.wav,audio-only,speech,happy,3,normal,Kids are talking by the door,2,9,male,C:\Users\rbk55\OneDrive\Documents\Project_CSE432-532\SER_Project\data\audio_speech_actors\Actor_09\03-01-03-01-01-02-09.wav
03-01-03-01-02-01-09.wav,audio-only,speech,happy,3,normal,Dogs are sitting by the door,1,9,male,C:\Users\rbk55\OneDrive\Documents\Project_CSE432-532\SER_Project\data\audio_speech_actors\Actor_09\03-01-03-01-02-01-09.wav
03-01-03-01-02-02-09.wav,audio-only,speech,happy,3,normal,Dogs are sitting by the door,2,9,male,C:\Users\rbk55\OneDrive\Documents\Project_CSE432-532\SER_Project\data\audio_speech_actors\Actor_09\03-01-03-01-02-02-09.wav
03-01-03-02-01-01-09.wav,audio-only,speech,happy,3,strong,Kids are talking by the door,1,9,male,C:\Users\rbk55\OneDrive\Documents\Project_CSE432-532\SER_Project\data\audio_speech_actors\Actor_09\03-01-03-02-01-01-09.wav
03-01-03-02-01-02-09.wav,audio-only,speech,happy,3,strong,Kids are talking by the door,2,9,male,C:\Users\rbk55\OneDrive\Documents\Project_CSE432-532\SER_Project\data\audio_speech_actors\Actor_09\03-01-03-02-01-02-09.wav
03-01-03-02-02-01-09.wav,audio-only,speech,happy,3,strong,Dogs are sitting by the door,1,9,male,C:\Users\rbk55\OneDrive\Documents\Project_CSE432-532\SER_Project\data\audio_speech_actors\Actor_09\03-01-03-02-02-01-09.wav
03-01-03-02-02-02-09.wav,audio-only,speech,happy,3,strong,Dogs are sitting by the door,2,9,male,C:\Users\rbk55\OneDrive\Documents\Project_CSE432-532\SER_Project\data\audio_speech_actors\Actor_09\03-01-03-02-02-02-09.wav
03-01-04-01-01-01-09.wav,audio-only,speech,sad,4,normal,Kids are talking by the door,1,9,male,C:\Users\rbk55\OneDrive\Documents\Project_CSE432-532\SER_Project\data\audio_speech_actors\Actor_09\03-01-04-01-01-01-09.wav
03-01-04-01-01-02-09.wav,audio-only,speech,sad,4,normal,Kids are talking by the door,2,9,male,C:\Users\rbk55\OneDrive\Documents\Project_CSE432-532\SER_Project\data\audio_speech_actors\Actor_09\03-01-04-01-01-02-09.wav
03-01-04-01-02-01-09.wav,audio-only,speech,sad,4,normal,Dogs are sitting by the door,1,9,male,C:\Users\rbk55\OneDrive\Documents\Project_CSE432-532\SER_Project\data\audio_speech_actors\Actor_09\03-01-04-01-02-01-09.wav
03-01-04-01-02-02-09.wav,audio-only,speech,sad,4,normal,Dogs are sitting by the door,2,9,male,C:\Users\rbk55\OneDrive\Documents\Project_CSE432-532\SER_Project\data\audio_speech_actors\Actor_09\03-01-04-01-02-02-09.wav
03-01-04-02-01-01-09.wav,audio-only,speech,sad,4,strong,Kids are talking by the door,1,9,male,C:\Users\rbk55\OneDrive\Documents\Project_CSE432-532\SER_Project\data\audio_speech_actors\Actor_09\03-01-04-02-01-01-09.wav
03-01-04-02-01-02-09.wav,audio-only,speech,sad,4,strong,Kids are talking by the door,2,9,male,C:\Users\rbk55\OneDrive\Documents\Project_CSE432-532\SER_Project\data\audio_speech_actors\Actor_09\03-01-04-02-01-02-09.wav
03-01-04-02-02-01-09.wav,audio-only,speech,sad,4,strong,Dogs are sitting by the door,1,9,male,C:\Users\rbk55\OneDrive\Documents\Project_CSE432-532\SER_Project\data\audio_speech_actors\Actor_09\03-01-04-02-02-01-09.wav
03-01-04-02-02-02-09.wav,audio-only,speech,sad,4,strong,Dogs are sitting by the door,2,9,male,C:\Users\rbk55\OneDrive\Documents\Project_CSE432-532\SER_Project\data\audio_speech_actors\Actor_09\03-01-04-02-02-02-09.wav
03-01-05-01-01-01-09.wav,audio-only,speech,angry,5,normal,Kids are talking by the door,1,9,male,C:\Users\rbk55\OneDrive\Documents\Project_CSE432-532\SER_Project\data\audio_speech_actors\Actor_09\03-01-05-01-01-01-09.wav
03-01-05-01-01-02-09.wav,audio-only,speech,angry,5,normal,Kids are talking by the door,2,9,male,C:\Users\rbk55\OneDrive\Documents\Project_CSE432-532\SER_Project\data\audio_speech_actors\Actor_09\03-01-05-01-01-02-09.wav
03-01-05-01-02-01-09.wav,audio-only,speech,angry,5,normal,Dogs are sitting by the door,1,9,male,C:\Users\rbk55\OneDrive\Documents\Project_CSE432-532\SER_Project\data\audio_speech_actors\Actor_09\03-01-05-01-02-01-09.wav
03-01-05-01-02-02-09.wav,audio-only,speech,angry,5,normal,Dogs are sitting by the door,2,9,male,C:\Users\rbk55\OneDrive\Documents\Project_CSE432-532\SER_Project\data\audio_speech_actors\Actor_09\03-01-05-01-02-02-09.wav
03-01-05-02-01-01-09.wav,audio-only,speech,angry,5,strong,Kids are talking by the door,1,9,male,C:\Users\rbk55\OneDrive\Documents\Project_CSE432-532\SER_Project\data\audio_speech_actors\Actor_09\03-01-05-02-01-01-09.wav
03-01-05-02-01-02-09.wav,audio-only,speech,angry,5,strong,Kids are talking by the door,2,9,male,C:\Users\rbk55\OneDrive\Documents\Project_CSE432-532\SER_Project\data\audio_speech_actors\Actor_09\03-01-05-02-01-02-09.wav
03-01-05-02-02-01-09.wav,audio-only,speech,angry,5,strong,Dogs are sitting by the door,1,9,male,C:\Users\rbk55\OneDrive\Documents\Project_CSE432-532\SER_Project\data\audio_speech_actors\Actor_09\03-01-05-02-02-01-09.wav
03-01-05-02-02-02-09.wav,audio-only,speech,angry,5,strong,Dogs are sitting by the door,2,9,male,C:\Users\rbk55\OneDrive\Documents\Project_CSE432-532\SER_Project\data\audio_speech_actors\Actor_09\03-01-05-02-02-02-09.wav
03-01-06-01-01-01-09.wav,audio-only,speech,fearful,6,normal,Kids are talking by the door,1,9,male,C:\Users\rbk55\OneDrive\Documents\Project_CSE432-532\SER_Project\data\audio_speech_actors\Actor_09\03-01-06-01-01-01-09.wav
03-01-06-01-01-02-09.wav,audio-only,speech,fearful,6,normal,Kids are talking by the door,2,9,male,C:\Users\rbk55\OneDrive\Documents\Project_CSE432-532\SER_Project\data\audio_speech_actors\Actor_09\03-01-06-01-01-02-09.wav
03-01-06-01-02-01-09.wav,audio-only,speech,fearful,6,normal,Dogs are sitting by the door,1,9,male,C:\Users\rbk55\OneDrive\Documents\Project_CSE432-532\SER_Project\data\audio_speech_actors\Actor_09\03-01-06-01-02-01-09.wav
03-01-06-01-02-02-09.wav,audio-only,speech,fearful,6,normal,Dogs are sitting by the door,2,9,male,C:\Users\rbk55\OneDrive\Documents\Project_CSE432-532\SER_Project\data\audio_speech_actors\Actor_09\03-01-06-01-02-02-09.wav
03-01-06-02-01-01-09.wav,audio-only,speech,fearful,6,strong,Kids are talking by the door,1,9,male,C:\Users\rbk55\OneDrive\Documents\Project_CSE432-532\SER_Project\data\audio_speech_actors\Actor_09\03-01-06-02-01-01-09.wav
03-01-06-02-01-02-09.wav,audio-only,speech,fearful,6,strong,Kids are talking by the door,2,9,male,C:\Users\rbk55\OneDrive\Documents\Project_CSE432-532\SER_Project\data\audio_speech_actors\Actor_09\03-01-06-02-01-02-09.wav
03-01-06-02-02-01-09.wav,audio-only,speech,fearful,6,strong,Dogs are sitting by the door,1,9,male,C:\Users\rbk55\OneDrive\Documents\Project_CSE432-532\SER_Project\data\audio_speech_actors\Actor_09\03-01-06-02-02-01-09.wav
03-01-06-02-02-02-09.wav,audio-only,speech,fearful,6,strong,Dogs are sitting by the door,2,9,male,C:\Users\rbk55\OneDrive\Documents\Project_CSE432-532\SER_Project\data\audio_speech_actors\Actor_09\03-01-06-02-02-02-09.wav
03-01-07-01-01-01-09.wav,audio-only,speech,disgust,7,normal,Kids are talking by the door,1,9,male,C:\Users\rbk55\OneDrive\Documents\Project_CSE432-532\SER_Project\data\audio_speech_actors\Actor_09\03-01-07-01-01-01-09.wav
03-01-07-01-01-02-09.wav,audio-only,speech,disgust,7,normal,Kids are talking by the door,2,9,male,C:\Users\rbk55\OneDrive\Documents\Project_CSE432-532\SER_Project\data\audio_speech_actors\Actor_09\03-01-07-01-01-02-09.wav
03-01-07-01-02-01-09.wav,audio-only,speech,disgust,7,normal,Dogs are sitting by the door,1,9,male,C:\Users\rbk55\OneDrive\Documents\Project_CSE432-532\SER_Project\data\audio_speech_actors\Actor_09\03-01-07-01-02-01-09.wav
03-01-07-01-02-02-09.wav,audio-only,speech,disgust,7,normal,Dogs are sitting by the door,2,9,male,C:\Users\rbk55\OneDrive\Documents\Project_CSE432-532\SER_Project\data\audio_speech_actors\Actor_09\03-01-07-01-02-02-09.wav
03-01-07-02-01-01-09.wav,audio-only,speech,disgust,7,strong,Kids are talking by the door,1,9,male,C:\Users\rbk55\OneDrive\Documents\Project_CSE432-532\SER_Project\data\audio_speech_actors\Actor_09\03-01-07-02-01-01-09.wav
03-01-07-02-01-02-09.wav,audio-only,speech,disgust,7,strong,Kids are talking by the door,2,9,male,C:\Users\rbk55\OneDrive\Documents\Project_CSE432-532\SER_Project\data\audio_speech_actors\Actor_09\03-01-07-02-01-02-09.wav
03-01-07-02-02-01-09.wav,audio-only,speech,disgust,7,strong,Dogs are sitting by the door,1,9,male,C:\Users\rbk55\OneDrive\Documents\Project_CSE432-532\SER_Project\data\audio_speech_actors\Actor_09\03-01-07-02-02-01-09.wav
03-01-07-02-02-02-09.wav,audio-only,speech,disgust,7,strong,Dogs are sitting by the door,2,9,male,C:\Users\rbk55\OneDrive\Documents\Project_CSE432-532\SER_Project\data\audio_speech_actors\Actor_09\03-01-07-02-02-02-09.wav
03-01-08-01-01-01-09.wav,audio-only,speech,surprised,8,normal,Kids are talking by the door,1,9,male,C:\Users\rbk55\OneDrive\Documents\Project_CSE432-532\SER_Project\data\audio_speech_actors\Actor_09\03-01-08-01-01-01-09.wav
03-01-08-01-01-02-09.wav,audio-only,speech,surprised,8,normal,Kids are talking by the door,2,9,male,C:\Users\rbk55\OneDrive\Documents\Project_CSE432-532\SER_Project\data\audio_speech_actors\Actor_09\03-01-08-01-01-02-09.wav
03-01-08-01-02-01-09.wav,audio-only,speech,surprised,8,normal,Dogs are sitting by the door,1,9,male,C:\Users\rbk55\OneDrive\Documents\Project_CSE432-532\SER_Project\data\audio_speech_actors\Actor_09\03-01-08-01-02-01-09.wav
03-01-08-01-02-02-09.wav,audio-only,speech,surprised,8,normal,Dogs are sitting by the door,2,9,male,C:\Users\rbk55\OneDrive\Documents\Project_CSE432-532\SER_Project\data\audio_speech_actors\Actor_09\03-01-08-01-02-02-09.wav
03-01-08-02-01-01-09.wav,audio-only,speech,surprised,8,strong,Kids are talking by the door,1,9,male,C:\Users\rbk55\OneDrive\Documents\Project_CSE432-532\SER_Project\data\audio_speech_actors\Actor_09\03-01-08-02-01-01-09.wav
03-01-08-02-01-02-09.wav,audio-only,speech,surprised,8,strong,Kids are talking by the door,2,9,male,C:\Users\rbk55\OneDrive\Documents\Project_CSE432-532\SER_Project\data\audio_speech_actors\Actor_09\03-01-08-02-01-02-09.wav
03-01-08-02-02-01-09.wav,audio-only,speech,surprised,8,strong,Dogs are sitting by the door,1,9,male,C:\Users\rbk55\OneDrive\Documents\Project_CSE432-532\SER_Project\data\audio_speech_actors\Actor_09\03-01-08-02-02-01-09.wav
03-01-08-02-02-02-09.wav,audio-only,speech,surprised,8,strong,Dogs are sitting by the door,2,9,male,C:\Users\rbk55\OneDrive\Documents\Project_CSE432-532\SER_Project\data\audio_speech_actors\Actor_09\03-01-08-02-02-02-09.wav
03-01-01-01-01-01-10.wav,audio-only,speech,neutral,1,normal,Kids are talking by the door,1,10,female,C:\Users\rbk55\OneDrive\Documents\Project_CSE432-532\SER_Project\data\audio_speech_actors\Actor_10\03-01-01-01-01-01-10.wav
03-01-01-01-01-02-10.wav,audio-only,speech,neutral,1,normal,Kids are talking by the door,2,10,female,C:\Users\rbk55\OneDrive\Documents\Project_CSE432-532\SER_Project\data\audio_speech_actors\Actor_10\03-01-01-01-01-02-10.wav
03-01-01-01-02-01-10.wav,audio-only,speech,neutral,1,normal,Dogs are sitting by the door,1,10,female,C:\Users\rbk55\OneDrive\Documents\Project_CSE432-532\SER_Project\data\audio_speech_actors\Actor_10\03-01-01-01-02-01-10.wav
03-01-01-01-02-02-10.wav,audio-only,speech,neutral,1,normal,Dogs are sitting by the door,2,10,female,C:\Users\rbk55\OneDrive\Documents\Project_CSE432-532\SER_Project\data\audio_speech_actors\Actor_10\03-01-01-01-02-02-10.wav
03-01-02-01-01-01-10.wav,audio-only,speech,calm,2,normal,Kids are talking by the door,1,10,female,C:\Users\rbk55\OneDrive\Documents\Project_CSE432-532\SER_Project\data\audio_speech_actors\Actor_10\03-01-02-01-01-01-10.wav
03-01-02-01-01-02-10.wav,audio-only,speech,calm,2,normal,Kids are talking by the door,2,10,female,C:\Users\rbk55\OneDrive\Documents\Project_CSE432-532\SER_Project\data\audio_speech_actors\Actor_10\03-01-02-01-01-02-10.wav
03-01-02-01-02-01-10.wav,audio-only,speech,calm,2,normal,Dogs are sitting by the door,1,10,female,C:\Users\rbk55\OneDrive\Documents\Project_CSE432-532\SER_Project\data\audio_speech_actors\Actor_10\03-01-02-01-02-01-10.wav
03-01-02-01-02-02-10.wav,audio-only,speech,calm,2,normal,Dogs are sitting by the door,2,10,female,C:\Users\rbk55\OneDrive\Documents\Project_CSE432-532\SER_Project\data\audio_speech_actors\Actor_10\03-01-02-01-02-02-10.wav
03-01-02-02-01-01-10.wav,audio-only,speech,calm,2,strong,Kids are talking by the door,1,10,female,C:\Users\rbk55\OneDrive\Documents\Project_CSE432-532\SER_Project\data\audio_speech_actors\Actor_10\03-01-02-02-01-01-10.wav
03-01-02-02-01-02-10.wav,audio-only,speech,calm,2,strong,Kids are talking by the door,2,10,female,C:\Users\rbk55\OneDrive\Documents\Project_CSE432-532\SER_Project\data\audio_speech_actors\Actor_10\03-01-02-02-01-02-10.wav
03-01-02-02-02-01-10.wav,audio-only,speech,calm,2,strong,Dogs are sitting by the door,1,10,female,C:\Users\rbk55\OneDrive\Documents\Project_CSE432-532\SER_Project\data\audio_speech_actors\Actor_10\03-01-02-02-02-01-10.wav
03-01-02-02-02-02-10.wav,audio-only,speech,calm,2,strong,Dogs are sitting by the door,2,10,female,C:\Users\rbk55\OneDrive\Documents\Project_CSE432-532\SER_Project\data\audio_speech_actors\Actor_10\03-01-02-02-02-02-10.wav
03-01-03-01-01-01-10.wav,audio-only,speech,happy,3,normal,Kids are talking by the door,1,10,female,C:\Users\rbk55\OneDrive\Documents\Project_CSE432-532\SER_Project\data\audio_speech_actors\Actor_10\03-01-03-01-01-01-10.wav
03-01-03-01-01-02-10.wav,audio-only,speech,happy,3,normal,Kids are talking by the door,2,10,female,C:\Users\rbk55\OneDrive\Documents\Project_CSE432-532\SER_Project\data\audio_speech_actors\Actor_10\03-01-03-01-01-02-10.wav
03-01-03-01-02-01-10.wav,audio-only,speech,happy,3,normal,Dogs are sitting by the door,1,10,female,C:\Users\rbk55\OneDrive\Documents\Project_CSE432-532\SER_Project\data\audio_speech_actors\Actor_10\03-01-03-01-02-01-10.wav
03-01-03-01-02-02-10.wav,audio-only,speech,happy,3,normal,Dogs are sitting by the door,2,10,female,C:\Users\rbk55\OneDrive\Documents\Project_CSE432-532\SER_Project\data\audio_speech_actors\Actor_10\03-01-03-01-02-02-10.wav
03-01-03-02-01-01-10.wav,audio-only,speech,happy,3,strong,Kids are talking by the door,1,10,female,C:\Users\rbk55\OneDrive\Documents\Project_CSE432-532\SER_Project\data\audio_speech_actors\Actor_10\03-01-03-02-01-01-10.wav
03-01-03-02-01-02-10.wav,audio-only,speech,happy,3,strong,Kids are talking by the door,2,10,female,C:\Users\rbk55\OneDrive\Documents\Project_CSE432-532\SER_Project\data\audio_speech_actors\Actor_10\03-01-03-02-01-02-10.wav
03-01-03-02-02-01-10.wav,audio-only,speech,happy,3,strong,Dogs are sitting by the door,1,10,female,C:\Users\rbk55\OneDrive\Documents\Project_CSE432-532\SER_Project\data\audio_speech_actors\Actor_10\03-01-03-02-02-01-10.wav
03-01-03-02-02-02-10.wav,audio-only,speech,happy,3,strong,Dogs are sitting by the door,2,10,female,C:\Users\rbk55\OneDrive\Documents\Project_CSE432-532\SER_Project\data\audio_speech_actors\Actor_10\03-01-03-02-02-02-10.wav
03-01-04-01-01-01-10.wav,audio-only,speech,sad,4,normal,Kids are talking by the door,1,10,female,C:\Users\rbk55\OneDrive\Documents\Project_CSE432-532\SER_Project\data\audio_speech_actors\Actor_10\03-01-04-01-01-01-10.wav
03-01-04-01-01-02-10.wav,audio-only,speech,sad,4,normal,Kids are talking by the door,2,10,female,C:\Users\rbk55\OneDrive\Documents\Project_CSE432-532\SER_Project\data\audio_speech_actors\Actor_10\03-01-04-01-01-02-10.wav
03-01-04-01-02-01-10.wav,audio-only,speech,sad,4,normal,Dogs are sitting by the door,1,10,female,C:\Users\rbk55\OneDrive\Documents\Project_CSE432-532\SER_Project\data\audio_speech_actors\Actor_10\03-01-04-01-02-01-10.wav
03-01-04-01-02-02-10.wav,audio-only,speech,sad,4,normal,Dogs are sitting by the door,2,10,female,C:\Users\rbk55\OneDrive\Documents\Project_CSE432-532\SER_Project\data\audio_speech_actors\Actor_10\03-01-04-01-02-02-10.wav
03-01-04-02-01-01-10.wav,audio-only,speech,sad,4,strong,Kids are talking by the door,1,10,female,C:\Users\rbk55\OneDrive\Documents\Project_CSE432-532\SER_Project\data\audio_speech_actors\Actor_10\03-01-04-02-01-01-10.wav
03-01-04-02-01-02-10.wav,audio-only,speech,sad,4,strong,Kids are talking by the door,2,10,female,C:\Users\rbk55\OneDrive\Documents\Project_CSE432-532\SER_Project\data\audio_speech_actors\Actor_10\03-01-04-02-01-02-10.wav
03-01-04-02-02-01-10.wav,audio-only,speech,sad,4,strong,Dogs are sitting by the door,1,10,female,C:\Users\rbk55\OneDrive\Documents\Project_CSE432-532\SER_Project\data\audio_speech_actors\Actor_10\03-01-04-02-02-01-10.wav
03-01-04-02-02-02-10.wav,audio-only,speech,sad,4,strong,Dogs are sitting by the door,2,10,female,C:\Users\rbk55\OneDrive\Documents\Project_CSE432-532\SER_Project\data\audio_speech_actors\Actor_10\03-01-04-02-02-02-10.wav
03-01-05-01-01-01-10.wav,audio-only,speech,angry,5,normal,Kids are talking by the door,1,10,female,C:\Users\rbk55\OneDrive\Documents\Project_CSE432-532\SER_Project\data\audio_speech_actors\Actor_10\03-01-05-01-01-01-10.wav
03-01-05-01-01-02-10.wav,audio-only,speech,angry,5,normal,Kids are talking by the door,2,10,female,C:\Users\rbk55\OneDrive\Documents\Project_CSE432-532\SER_Project\data\audio_speech_actors\Actor_10\03-01-05-01-01-02-10.wav
03-01-05-01-02-01-10.wav,audio-only,speech,angry,5,normal,Dogs are sitting by the door,1,10,female,C:\Users\rbk55\OneDrive\Documents\Project_CSE432-532\SER_Project\data\audio_speech_actors\Actor_10\03-01-05-01-02-01-10.wav
03-01-05-01-02-02-10.wav,audio-only,speech,angry,5,normal,Dogs are sitting by the door,2,10,female,C:\Users\rbk55\OneDrive\Documents\Project_CSE432-532\SER_Project\data\audio_speech_actors\Actor_10\03-01-05-01-02-02-10.wav
03-01-05-02-01-01-10.wav,audio-only,speech,angry,5,strong,Kids are talking by the door,1,10,female,C:\Users\rbk55\OneDrive\Documents\Project_CSE432-532\SER_Project\data\audio_speech_actors\Actor_10\03-01-05-02-01-01-10.wav
03-01-05-02-01-02-10.wav,audio-only,speech,angry,5,strong,Kids are talking by the door,2,10,female,C:\Users\rbk55\OneDrive\Documents\Project_CSE432-532\SER_Project\data\audio_speech_actors\Actor_10\03-01-05-02-01-02-10.wav
03-01-05-02-02-01-10.wav,audio-only,speech,angry,5,strong,Dogs are sitting by the door,1,10,female,C:\Users\rbk55\OneDrive\Documents\Project_CSE432-532\SER_Project\data\audio_speech_actors\Actor_10\03-01-05-02-02-01-10.wav
03-01-05-02-02-02-10.wav,audio-only,speech,angry,5,strong,Dogs are sitting by the door,2,10,female,C:\Users\rbk55\OneDrive\Documents\Project_CSE432-532\SER_Project\data\audio_speech_actors\Actor_10\03-01-05-02-02-02-10.wav
03-01-06-01-01-01-10.wav,audio-only,speech,fearful,6,normal,Kids are talking by the door,1,10,female,C:\Users\rbk55\OneDrive\Documents\Project_CSE432-532\SER_Project\data\audio_speech_actors\Actor_10\03-01-06-01-01-01-10.wav
03-01-06-01-01-02-10.wav,audio-only,speech,fearful,6,normal,Kids are talking by the door,2,10,female,C:\Users\rbk55\OneDrive\Documents\Project_CSE432-532\SER_Project\data\audio_speech_actors\Actor_10\03-01-06-01-01-02-10.wav
03-01-06-01-02-01-10.wav,audio-only,speech,fearful,6,normal,Dogs are sitting by the door,1,10,female,C:\Users\rbk55\OneDrive\Documents\Project_CSE432-532\SER_Project\data\audio_speech_actors\Actor_10\03-01-06-01-02-01-10.wav
03-01-06-01-02-02-10.wav,audio-only,speech,fearful,6,normal,Dogs are sitting by the door,2,10,female,C:\Users\rbk55\OneDrive\Documents\Project_CSE432-532\SER_Project\data\audio_speech_actors\Actor_10\03-01-06-01-02-02-10.wav
03-01-06-02-01-01-10.wav,audio-only,speech,fearful,6,strong,Kids are talking by the door,1,10,female,C:\Users\rbk55\OneDrive\Documents\Project_CSE432-532\SER_Project\data\audio_speech_actors\Actor_10\03-01-06-02-01-01-10.wav
03-01-06-02-01-02-10.wav,audio-only,speech,fearful,6,strong,Kids are talking by the door,2,10,female,C:\Users\rbk55\OneDrive\Documents\Project_CSE432-532\SER_Project\data\audio_speech_actors\Actor_10\03-01-06-02-01-02-10.wav
03-01-06-02-02-01-10.wav,audio-only,speech,fearful,6,strong,Dogs are sitting by the door,1,10,female,C:\Users\rbk55\OneDrive\Documents\Project_CSE432-532\SER_Project\data\audio_speech_actors\Actor_10\03-01-06-02-02-01-10.wav
03-01-06-02-02-02-10.wav,audio-only,speech,fearful,6,strong,Dogs are sitting by the door,2,10,female,C:\Users\rbk55\OneDrive\Documents\Project_CSE432-532\SER_Project\data\audio_speech_actors\Actor_10\03-01-06-02-02-02-10.wav
03-01-07-01-01-01-10.wav,audio-only,speech,disgust,7,normal,Kids are talking by the door,1,10,female,C:\Users\rbk55\OneDrive\Documents\Project_CSE432-532\SER_Project\data\audio_speech_actors\Actor_10\03-01-07-01-01-01-10.wav
03-01-07-01-01-02-10.wav,audio-only,speech,disgust,7,normal,Kids are talking by the door,2,10,female,C:\Users\rbk55\OneDrive\Documents\Project_CSE432-532\SER_Project\data\audio_speech_actors\Actor_10\03-01-07-01-01-02-10.wav
03-01-07-01-02-01-10.wav,audio-only,speech,disgust,7,normal,Dogs are sitting by the door,1,10,female,C:\Users\rbk55\OneDrive\Documents\Project_CSE432-532\SER_Project\data\audio_speech_actors\Actor_10\03-01-07-01-02-01-10.wav
03-01-07-01-02-02-10.wav,audio-only,speech,disgust,7,normal,Dogs are sitting by the door,2,10,female,C:\Users\rbk55\OneDrive\Documents\Project_CSE432-532\SER_Project\data\audio_speech_actors\Actor_10\03-01-07-01-02-02-10.wav
03-01-07-02-01-01-10.wav,audio-only,speech,disgust,7,strong,Kids are talking by the door,1,10,female,C:\Users\rbk55\OneDrive\Documents\Project_CSE432-532\SER_Project\data\audio_speech_actors\Actor_10\03-01-07-02-01-01-10.wav
03-01-07-02-01-02-10.wav,audio-only,speech,disgust,7,strong,Kids are talking by the door,2,10,female,C:\Users\rbk55\OneDrive\Documents\Project_CSE432-532\SER_Project\data\audio_speech_actors\Actor_10\03-01-07-02-01-02-10.wav
03-01-07-02-02-01-10.wav,audio-only,speech,disgust,7,strong,Dogs are sitting by the door,1,10,female,C:\Users\rbk55\OneDrive\Documents\Project_CSE432-532\SER_Project\data\audio_speech_actors\Actor_10\03-01-07-02-02-01-10.wav
03-01-07-02-02-02-10.wav,audio-only,speech,disgust,7,strong,Dogs are sitting by the door,2,10,female,C:\Users\rbk55\OneDrive\Documents\Project_CSE432-532\SER_Project\data\audio_speech_actors\Actor_10\03-01-07-02-02-02-10.wav
03-01-08-01-01-01-10.wav,audio-only,speech,surprised,8,normal,Kids are talking by the door,1,10,female,C:\Users\rbk55\OneDrive\Documents\Project_CSE432-532\SER_Project\data\audio_speech_actors\Actor_10\03-01-08-01-01-01-10.wav
03-01-08-01-01-02-10.wav,audio-only,speech,surprised,8,normal,Kids are talking by the door,2,10,female,C:\Users\rbk55\OneDrive\Documents\Project_CSE432-532\SER_Project\data\audio_speech_actors\Actor_10\03-01-08-01-01-02-10.wav
03-01-08-01-02-01-10.wav,audio-only,speech,surprised,8,normal,Dogs are sitting by the door,1,10,female,C:\Users\rbk55\OneDrive\Documents\Project_CSE432-532\SER_Project\data\audio_speech_actors\Actor_10\03-01-08-01-02-01-10.wav
03-01-08-01-02-02-10.wav,audio-only,speech,surprised,8,normal,Dogs are sitting by the door,2,10,female,C:\Users\rbk55\OneDrive\Documents\Project_CSE432-532\SER_Project\data\audio_speech_actors\Actor_10\03-01-08-01-02-02-10.wav
03-01-08-02-01-01-10.wav,audio-only,speech,surprised,8,strong,Kids are talking by the door,1,10,female,C:\Users\rbk55\OneDrive\Documents\Project_CSE432-532\SER_Project\data\audio_speech_actors\Actor_10\03-01-08-02-01-01-10.wav
03-01-08-02-01-02-10.wav,audio-only,speech,surprised,8,strong,Kids are talking by the door,2,10,female,C:\Users\rbk55\OneDrive\Documents\Project_CSE432-532\SER_Project\data\audio_speech_actors\Actor_10\03-01-08-02-01-02-10.wav
03-01-08-02-02-01-10.wav,audio-only,speech,surprised,8,strong,Dogs are sitting by the door,1,10,female,C:\Users\rbk55\OneDrive\Documents\Project_CSE432-532\SER_Project\data\audio_speech_actors\Actor_10\03-01-08-02-02-01-10.wav
03-01-08-02-02-02-10.wav,audio-only,speech,surprised,8,strong,Dogs are sitting by the door,2,10,female,C:\Users\rbk55\OneDrive\Documents\Project_CSE432-532\SER_Project\data\audio_speech_actors\Actor_10\03-01-08-02-02-02-10.wav
03-01-01-01-01-01-11.wav,audio-only,speech,neutral,1,normal,Kids are talking by the door,1,11,male,C:\Users\rbk55\OneDrive\Documents\Project_CSE432-532\SER_Project\data\audio_speech_actors\Actor_11\03-01-01-01-01-01-11.wav
03-01-01-01-01-02-11.wav,audio-only,speech,neutral,1,normal,Kids are talking by the door,2,11,male,C:\Users\rbk55\OneDrive\Documents\Project_CSE432-532\SER_Project\data\audio_speech_actors\Actor_11\03-01-01-01-01-02-11.wav
03-01-01-01-02-01-11.wav,audio-only,speech,neutral,1,normal,Dogs are sitting by the door,1,11,male,C:\Users\rbk55\OneDrive\Documents\Project_CSE432-532\SER_Project\data\audio_speech_actors\Actor_11\03-01-01-01-02-01-11.wav
03-01-01-01-02-02-11.wav,audio-only,speech,neutral,1,normal,Dogs are sitting by the door,2,11,male,C:\Users\rbk55\OneDrive\Documents\Project_CSE432-532\SER_Project\data\audio_speech_actors\Actor_11\03-01-01-01-02-02-11.wav
03-01-02-01-01-01-11.wav,audio-only,speech,calm,2,normal,Kids are talking by the door,1,11,male,C:\Users\rbk55\OneDrive\Documents\Project_CSE432-532\SER_Project\data\audio_speech_actors\Actor_11\03-01-02-01-01-01-11.wav
03-01-02-01-01-02-11.wav,audio-only,speech,calm,2,normal,Kids are talking by the door,2,11,male,C:\Users\rbk55\OneDrive\Documents\Project_CSE432-532\SER_Project\data\audio_speech_actors\Actor_11\03-01-02-01-01-02-11.wav
03-01-02-01-02-01-11.wav,audio-only,speech,calm,2,normal,Dogs are sitting by the door,1,11,male,C:\Users\rbk55\OneDrive\Documents\Project_CSE432-532\SER_Project\data\audio_speech_actors\Actor_11\03-01-02-01-02-01-11.wav
03-01-02-01-02-02-11.wav,audio-only,speech,calm,2,normal,Dogs are sitting by the door,2,11,male,C:\Users\rbk55\OneDrive\Documents\Project_CSE432-532\SER_Project\data\audio_speech_actors\Actor_11\03-01-02-01-02-02-11.wav
03-01-02-02-01-01-11.wav,audio-only,speech,calm,2,strong,Kids are talking by the door,1,11,male,C:\Users\rbk55\OneDrive\Documents\Project_CSE432-532\SER_Project\data\audio_speech_actors\Actor_11\03-01-02-02-01-01-11.wav
03-01-02-02-01-02-11.wav,audio-only,speech,calm,2,strong,Kids are talking by the door,2,11,male,C:\Users\rbk55\OneDrive\Documents\Project_CSE432-532\SER_Project\data\audio_speech_actors\Actor_11\03-01-02-02-01-02-11.wav
03-01-02-02-02-01-11.wav,audio-only,speech,calm,2,strong,Dogs are sitting by the door,1,11,male,C:\Users\rbk55\OneDrive\Documents\Project_CSE432-532\SER_Project\data\audio_speech_actors\Actor_11\03-01-02-02-02-01-11.wav
03-01-02-02-02-02-11.wav,audio-only,speech,calm,2,strong,Dogs are sitting by the door,2,11,male,C:\Users\rbk55\OneDrive\Documents\Project_CSE432-532\SER_Project\data\audio_speech_actors\Actor_11\03-01-02-02-02-02-11.wav
03-01-03-01-01-01-11.wav,audio-only,speech,happy,3,normal,Kids are talking by the door,1,11,male,C:\Users\rbk55\OneDrive\Documents\Project_CSE432-532\SER_Project\data\audio_speech_actors\Actor_11\03-01-03-01-01-01-11.wav
03-01-03-01-01-02-11.wav,audio-only,speech,happy,3,normal,Kids are talking by the door,2,11,male,C:\Users\rbk55\OneDrive\Documents\Project_CSE432-532\SER_Project\data\audio_speech_actors\Actor_11\03-01-03-01-01-02-11.wav
03-01-03-01-02-01-11.wav,audio-only,speech,happy,3,normal,Dogs are sitting by the door,1,11,male,C:\Users\rbk55\OneDrive\Documents\Project_CSE432-532\SER_Project\data\audio_speech_actors\Actor_11\03-01-03-01-02-01-11.wav
03-01-03-01-02-02-11.wav,audio-only,speech,happy,3,normal,Dogs are sitting by the door,2,11,male,C:\Users\rbk55\OneDrive\Documents\Project_CSE432-532\SER_Project\data\audio_speech_actors\Actor_11\03-01-03-01-02-02-11.wav
03-01-03-02-01-01-11.wav,audio-only,speech,happy,3,strong,Kids are talking by the door,1,11,male,C:\Users\rbk55\OneDrive\Documents\Project_CSE432-532\SER_Project\data\audio_speech_actors\Actor_11\03-01-03-02-01-01-11.wav
03-01-03-02-01-02-11.wav,audio-only,speech,happy,3,strong,Kids are talking by the door,2,11,male,C:\Users\rbk55\OneDrive\Documents\Project_CSE432-532\SER_Project\data\audio_speech_actors\Actor_11\03-01-03-02-01-02-11.wav
03-01-03-02-02-01-11.wav,audio-only,speech,happy,3,strong,Dogs are sitting by the door,1,11,male,C:\Users\rbk55\OneDrive\Documents\Project_CSE432-532\SER_Project\data\audio_speech_actors\Actor_11\03-01-03-02-02-01-11.wav
03-01-03-02-02-02-11.wav,audio-only,speech,happy,3,strong,Dogs are sitting by the door,2,11,male,C:\Users\rbk55\OneDrive\Documents\Project_CSE432-532\SER_Project\data\audio_speech_actors\Actor_11\03-01-03-02-02-02-11.wav
03-01-04-01-01-01-11.wav,audio-only,speech,sad,4,normal,Kids are talking by the door,1,11,male,C:\Users\rbk55\OneDrive\Documents\Project_CSE432-532\SER_Project\data\audio_speech_actors\Actor_11\03-01-04-01-01-01-11.wav
03-01-04-01-01-02-11.wav,audio-only,speech,sad,4,normal,Kids are talking by the door,2,11,male,C:\Users\rbk55\OneDrive\Documents\Project_CSE432-532\SER_Project\data\audio_speech_actors\Actor_11\03-01-04-01-01-02-11.wav
03-01-04-01-02-01-11.wav,audio-only,speech,sad,4,normal,Dogs are sitting by the door,1,11,male,C:\Users\rbk55\OneDrive\Documents\Project_CSE432-532\SER_Project\data\audio_speech_actors\Actor_11\03-01-04-01-02-01-11.wav
03-01-04-01-02-02-11.wav,audio-only,speech,sad,4,normal,Dogs are sitting by the door,2,11,male,C:\Users\rbk55\OneDrive\Documents\Project_CSE432-532\SER_Project\data\audio_speech_actors\Actor_11\03-01-04-01-02-02-11.wav
03-01-04-02-01-01-11.wav,audio-only,speech,sad,4,strong,Kids are talking by the door,1,11,male,C:\Users\rbk55\OneDrive\Documents\Project_CSE432-532\SER_Project\data\audio_speech_actors\Actor_11\03-01-04-02-01-01-11.wav
03-01-04-02-01-02-11.wav,audio-only,speech,sad,4,strong,Kids are talking by the door,2,11,male,C:\Users\rbk55\OneDrive\Documents\Project_CSE432-532\SER_Project\data\audio_speech_actors\Actor_11\03-01-04-02-01-02-11.wav
03-01-04-02-02-01-11.wav,audio-only,speech,sad,4,strong,Dogs are sitting by the door,1,11,male,C:\Users\rbk55\OneDrive\Documents\Project_CSE432-532\SER_Project\data\audio_speech_actors\Actor_11\03-01-04-02-02-01-11.wav
03-01-04-02-02-02-11.wav,audio-only,speech,sad,4,strong,Dogs are sitting by the door,2,11,male,C:\Users\rbk55\OneDrive\Documents\Project_CSE432-532\SER_Project\data\audio_speech_actors\Actor_11\03-01-04-02-02-02-11.wav
03-01-05-01-01-01-11.wav,audio-only,speech,angry,5,normal,Kids are talking by the door,1,11,male,C:\Users\rbk55\OneDrive\Documents\Project_CSE432-532\SER_Project\data\audio_speech_actors\Actor_11\03-01-05-01-01-01-11.wav
03-01-05-01-01-02-11.wav,audio-only,speech,angry,5,normal,Kids are talking by the door,2,11,male,C:\Users\rbk55\OneDrive\Documents\Project_CSE432-532\SER_Project\data\audio_speech_actors\Actor_11\03-01-05-01-01-02-11.wav
03-01-05-01-02-01-11.wav,audio-only,speech,angry,5,normal,Dogs are sitting by the door,1,11,male,C:\Users\rbk55\OneDrive\Documents\Project_CSE432-532\SER_Project\data\audio_speech_actors\Actor_11\03-01-05-01-02-01-11.wav
03-01-05-01-02-02-11.wav,audio-only,speech,angry,5,normal,Dogs are sitting by the door,2,11,male,C:\Users\rbk55\OneDrive\Documents\Project_CSE432-532\SER_Project\data\audio_speech_actors\Actor_11\03-01-05-01-02-02-11.wav
03-01-05-02-01-01-11.wav,audio-only,speech,angry,5,strong,Kids are talking by the door,1,11,male,C:\Users\rbk55\OneDrive\Documents\Project_CSE432-532\SER_Project\data\audio_speech_actors\Actor_11\03-01-05-02-01-01-11.wav
03-01-05-02-01-02-11.wav,audio-only,speech,angry,5,strong,Kids are talking by the door,2,11,male,C:\Users\rbk55\OneDrive\Documents\Project_CSE432-532\SER_Project\data\audio_speech_actors\Actor_11\03-01-05-02-01-02-11.wav
03-01-05-02-02-01-11.wav,audio-only,speech,angry,5,strong,Dogs are sitting by the door,1,11,male,C:\Users\rbk55\OneDrive\Documents\Project_CSE432-532\SER_Project\data\audio_speech_actors\Actor_11\03-01-05-02-02-01-11.wav
03-01-05-02-02-02-11.wav,audio-only,speech,angry,5,strong,Dogs are sitting by the door,2,11,male,C:\Users\rbk55\OneDrive\Documents\Project_CSE432-532\SER_Project\data\audio_speech_actors\Actor_11\03-01-05-02-02-02-11.wav
03-01-06-01-01-01-11.wav,audio-only,speech,fearful,6,normal,Kids are talking by the door,1,11,male,C:\Users\rbk55\OneDrive\Documents\Project_CSE432-532\SER_Project\data\audio_speech_actors\Actor_11\03-01-06-01-01-01-11.wav
03-01-06-01-01-02-11.wav,audio-only,speech,fearful,6,normal,Kids are talking by the door,2,11,male,C:\Users\rbk55\OneDrive\Documents\Project_CSE432-532\SER_Project\data\audio_speech_actors\Actor_11\03-01-06-01-01-02-11.wav
03-01-06-01-02-01-11.wav,audio-only,speech,fearful,6,normal,Dogs are sitting by the door,1,11,male,C:\Users\rbk55\OneDrive\Documents\Project_CSE432-532\SER_Project\data\audio_speech_actors\Actor_11\03-01-06-01-02-01-11.wav
03-01-06-01-02-02-11.wav,audio-only,speech,fearful,6,normal,Dogs are sitting by the door,2,11,male,C:\Users\rbk55\OneDrive\Documents\Project_CSE432-532\SER_Project\data\audio_speech_actors\Actor_11\03-01-06-01-02-02-11.wav
03-01-06-02-01-01-11.wav,audio-only,speech,fearful,6,strong,Kids are talking by the door,1,11,male,C:\Users\rbk55\OneDrive\Documents\Project_CSE432-532\SER_Project\data\audio_speech_actors\Actor_11\03-01-06-02-01-01-11.wav
03-01-06-02-01-02-11.wav,audio-only,speech,fearful,6,strong,Kids are talking by the door,2,11,male,C:\Users\rbk55\OneDrive\Documents\Project_CSE432-532\SER_Project\data\audio_speech_actors\Actor_11\03-01-06-02-01-02-11.wav
03-01-06-02-02-01-11.wav,audio-only,speech,fearful,6,strong,Dogs are sitting by the door,1,11,male,C:\Users\rbk55\OneDrive\Documents\Project_CSE432-532\SER_Project\data\audio_speech_actors\Actor_11\03-01-06-02-02-01-11.wav
03-01-06-02-02-02-11.wav,audio-only,speech,fearful,6,strong,Dogs are sitting by the door,2,11,male,C:\Users\rbk55\OneDrive\Documents\Project_CSE432-532\SER_Project\data\audio_speech_actors\Actor_11\03-01-06-02-02-02-11.wav
03-01-07-01-01-01-11.wav,audio-only,speech,disgust,7,normal,Kids are talking by the door,1,11,male,C:\Users\rbk55\OneDrive\Documents\Project_CSE432-532\SER_Project\data\audio_speech_actors\Actor_11\03-01-07-01-01-01-11.wav
03-01-07-01-01-02-11.wav,audio-only,speech,disgust,7,normal,Kids are talking by the door,2,11,male,C:\Users\rbk55\OneDrive\Documents\Project_CSE432-532\SER_Project\data\audio_speech_actors\Actor_11\03-01-07-01-01-02-11.wav
03-01-07-01-02-01-11.wav,audio-only,speech,disgust,7,normal,Dogs are sitting by the door,1,11,male,C:\Users\rbk55\OneDrive\Documents\Project_CSE432-532\SER_Project\data\audio_speech_actors\Actor_11\03-01-07-01-02-01-11.wav
03-01-07-01-02-02-11.wav,audio-only,speech,disgust,7,normal,Dogs are sitting by the door,2,11,male,C:\Users\rbk55\OneDrive\Documents\Project_CSE432-532\SER_Project\data\audio_speech_actors\Actor_11\03-01-07-01-02-02-11.wav
03-01-07-02-01-01-11.wav,audio-only,speech,disgust,7,strong,Kids are talking by the door,1,11,male,C:\Users\rbk55\OneDrive\Documents\Project_CSE432-532\SER_Project\data\audio_speech_actors\Actor_11\03-01-07-02-01-01-11.wav
03-01-07-02-01-02-11.wav,audio-only,speech,disgust,7,strong,Kids are talking by the door,2,11,male,C:\Users\rbk55\OneDrive\Documents\Project_CSE432-532\SER_Project\data\audio_speech_actors\Actor_11\03-01-07-02-01-02-11.wav
03-01-07-02-02-01-11.wav,audio-only,speech,disgust,7,strong,Dogs are sitting by the door,1,11,male,C:\Users\rbk55\OneDrive\Documents\Project_CSE432-532\SER_Project\data\audio_speech_actors\Actor_11\03-01-07-02-02-01-11.wav
03-01-07-02-02-02-11.wav,audio-only,speech,disgust,7,strong,Dogs are sitting by the door,2,11,male,C:\Users\rbk55\OneDrive\Documents\Project_CSE432-532\SER_Project\data\audio_speech_actors\Actor_11\03-01-07-02-02-02-11.wav
03-01-08-01-01-01-11.wav,audio-only,speech,surprised,8,normal,Kids are talking by the door,1,11,male,C:\Users\rbk55\OneDrive\Documents\Project_CSE432-532\SER_Project\data\audio_speech_actors\Actor_11\03-01-08-01-01-01-11.wav
03-01-08-01-01-02-11.wav,audio-only,speech,surprised,8,normal,Kids are talking by the door,2,11,male,C:\Users\rbk55\OneDrive\Documents\Project_CSE432-532\SER_Project\data\audio_speech_actors\Actor_11\03-01-08-01-01-02-11.wav
03-01-08-01-02-01-11.wav,audio-only,speech,surprised,8,normal,Dogs are sitting by the door,1,11,male,C:\Users\rbk55\OneDrive\Documents\Project_CSE432-532\SER_Project\data\audio_speech_actors\Actor_11\03-01-08-01-02-01-11.wav
03-01-08-01-02-02-11.wav,audio-only,speech,surprised,8,normal,Dogs are sitting by the door,2,11,male,C:\Users\rbk55\OneDrive\Documents\Project_CSE432-532\SER_Project\data\audio_speech_actors\Actor_11\03-01-08-01-02-02-11.wav
03-01-08-02-01-01-11.wav,audio-only,speech,surprised,8,strong,Kids are talking by the door,1,11,male,C:\Users\rbk55\OneDrive\Documents\Project_CSE432-532\SER_Project\data\audio_speech_actors\Actor_11\03-01-08-02-01-01-11.wav
03-01-08-02-01-02-11.wav,audio-only,speech,surprised,8,strong,Kids are talking by the door,2,11,male,C:\Users\rbk55\OneDrive\Documents\Project_CSE432-532\SER_Project\data\audio_speech_actors\Actor_11\03-01-08-02-01-02-11.wav
03-01-08-02-02-01-11.wav,audio-only,speech,surprised,8,strong,Dogs are sitting by the door,1,11,male,C:\Users\rbk55\OneDrive\Documents\Project_CSE432-532\SER_Project\data\audio_speech_actors\Actor_11\03-01-08-02-02-01-11.wav
03-01-08-02-02-02-11.wav,audio-only,speech,surprised,8,strong,Dogs are sitting by the door,2,11,male,C:\Users\rbk55\OneDrive\Documents\Project_CSE432-532\SER_Project\data\audio_speech_actors\Actor_11\03-01-08-02-02-02-11.wav
03-01-01-01-01-01-12.wav,audio-only,speech,neutral,1,normal,Kids are talking by the door,1,12,female,C:\Users\rbk55\OneDrive\Documents\Project_CSE432-532\SER_Project\data\audio_speech_actors\Actor_12\03-01-01-01-01-01-12.wav
03-01-01-01-01-02-12.wav,audio-only,speech,neutral,1,normal,Kids are talking by the door,2,12,female,C:\Users\rbk55\OneDrive\Documents\Project_CSE432-532\SER_Project\data\audio_speech_actors\Actor_12\03-01-01-01-01-02-12.wav
03-01-01-01-02-01-12.wav,audio-only,speech,neutral,1,normal,Dogs are sitting by the door,1,12,female,C:\Users\rbk55\OneDrive\Documents\Project_CSE432-532\SER_Project\data\audio_speech_actors\Actor_12\03-01-01-01-02-01-12.wav
03-01-01-01-02-02-12.wav,audio-only,speech,neutral,1,normal,Dogs are sitting by the door,2,12,female,C:\Users\rbk55\OneDrive\Documents\Project_CSE432-532\SER_Project\data\audio_speech_actors\Actor_12\03-01-01-01-02-02-12.wav
03-01-02-01-01-01-12.wav,audio-only,speech,calm,2,normal,Kids are talking by the door,1,12,female,C:\Users\rbk55\OneDrive\Documents\Project_CSE432-532\SER_Project\data\audio_speech_actors\Actor_12\03-01-02-01-01-01-12.wav
03-01-02-01-01-02-12.wav,audio-only,speech,calm,2,normal,Kids are talking by the door,2,12,female,C:\Users\rbk55\OneDrive\Documents\Project_CSE432-532\SER_Project\data\audio_speech_actors\Actor_12\03-01-02-01-01-02-12.wav
03-01-02-01-02-01-12.wav,audio-only,speech,calm,2,normal,Dogs are sitting by the door,1,12,female,C:\Users\rbk55\OneDrive\Documents\Project_CSE432-532\SER_Project\data\audio_speech_actors\Actor_12\03-01-02-01-02-01-12.wav
03-01-02-01-02-02-12.wav,audio-only,speech,calm,2,normal,Dogs are sitting by the door,2,12,female,C:\Users\rbk55\OneDrive\Documents\Project_CSE432-532\SER_Project\data\audio_speech_actors\Actor_12\03-01-02-01-02-02-12.wav
03-01-02-02-01-01-12.wav,audio-only,speech,calm,2,strong,Kids are talking by the door,1,12,female,C:\Users\rbk55\OneDrive\Documents\Project_CSE432-532\SER_Project\data\audio_speech_actors\Actor_12\03-01-02-02-01-01-12.wav
03-01-02-02-01-02-12.wav,audio-only,speech,calm,2,strong,Kids are talking by the door,2,12,female,C:\Users\rbk55\OneDrive\Documents\Project_CSE432-532\SER_Project\data\audio_speech_actors\Actor_12\03-01-02-02-01-02-12.wav
03-01-02-02-02-01-12.wav,audio-only,speech,calm,2,strong,Dogs are sitting by the door,1,12,female,C:\Users\rbk55\OneDrive\Documents\Project_CSE432-532\SER_Project\data\audio_speech_actors\Actor_12\03-01-02-02-02-01-12.wav
03-01-02-02-02-02-12.wav,audio-only,speech,calm,2,strong,Dogs are sitting by the door,2,12,female,C:\Users\rbk55\OneDrive\Documents\Project_CSE432-532\SER_Project\data\audio_speech_actors\Actor_12\03-01-02-02-02-02-12.wav
03-01-03-01-01-01-12.wav,audio-only,speech,happy,3,normal,Kids are talking by the door,1,12,female,C:\Users\rbk55\OneDrive\Documents\Project_CSE432-532\SER_Project\data\audio_speech_actors\Actor_12\03-01-03-01-01-01-12.wav
03-01-03-01-01-02-12.wav,audio-only,speech,happy,3,normal,Kids are talking by the door,2,12,female,C:\Users\rbk55\OneDrive\Documents\Project_CSE432-532\SER_Project\data\audio_speech_actors\Actor_12\03-01-03-01-01-02-12.wav
03-01-03-01-02-01-12.wav,audio-only,speech,happy,3,normal,Dogs are sitting by the door,1,12,female,C:\Users\rbk55\OneDrive\Documents\Project_CSE432-532\SER_Project\data\audio_speech_actors\Actor_12\03-01-03-01-02-01-12.wav
03-01-03-01-02-02-12.wav,audio-only,speech,happy,3,normal,Dogs are sitting by the door,2,12,female,C:\Users\rbk55\OneDrive\Documents\Project_CSE432-532\SER_Project\data\audio_speech_actors\Actor_12\03-01-03-01-02-02-12.wav
03-01-03-02-01-01-12.wav,audio-only,speech,happy,3,strong,Kids are talking by the door,1,12,female,C:\Users\rbk55\OneDrive\Documents\Project_CSE432-532\SER_Project\data\audio_speech_actors\Actor_12\03-01-03-02-01-01-12.wav
03-01-03-02-01-02-12.wav,audio-only,speech,happy,3,strong,Kids are talking by the door,2,12,female,C:\Users\rbk55\OneDrive\Documents\Project_CSE432-532\SER_Project\data\audio_speech_actors\Actor_12\03-01-03-02-01-02-12.wav
03-01-03-02-02-01-12.wav,audio-only,speech,happy,3,strong,Dogs are sitting by the door,1,12,female,C:\Users\rbk55\OneDrive\Documents\Project_CSE432-532\SER_Project\data\audio_speech_actors\Actor_12\03-01-03-02-02-01-12.wav
03-01-03-02-02-02-12.wav,audio-only,speech,happy,3,strong,Dogs are sitting by the door,2,12,female,C:\Users\rbk55\OneDrive\Documents\Project_CSE432-532\SER_Project\data\audio_speech_actors\Actor_12\03-01-03-02-02-02-12.wav
03-01-04-01-01-01-12.wav,audio-only,speech,sad,4,normal,Kids are talking by the door,1,12,female,C:\Users\rbk55\OneDrive\Documents\Project_CSE432-532\SER_Project\data\audio_speech_actors\Actor_12\03-01-04-01-01-01-12.wav
03-01-04-01-01-02-12.wav,audio-only,speech,sad,4,normal,Kids are talking by the door,2,12,female,C:\Users\rbk55\OneDrive\Documents\Project_CSE432-532\SER_Project\data\audio_speech_actors\Actor_12\03-01-04-01-01-02-12.wav
03-01-04-01-02-01-12.wav,audio-only,speech,sad,4,normal,Dogs are sitting by the door,1,12,female,C:\Users\rbk55\OneDrive\Documents\Project_CSE432-532\SER_Project\data\audio_speech_actors\Actor_12\03-01-04-01-02-01-12.wav
03-01-04-01-02-02-12.wav,audio-only,speech,sad,4,normal,Dogs are sitting by the door,2,12,female,C:\Users\rbk55\OneDrive\Documents\Project_CSE432-532\SER_Project\data\audio_speech_actors\Actor_12\03-01-04-01-02-02-12.wav
03-01-04-02-01-01-12.wav,audio-only,speech,sad,4,strong,Kids are talking by the door,1,12,female,C:\Users\rbk55\OneDrive\Documents\Project_CSE432-532\SER_Project\data\audio_speech_actors\Actor_12\03-01-04-02-01-01-12.wav
03-01-04-02-01-02-12.wav,audio-only,speech,sad,4,strong,Kids are talking by the door,2,12,female,C:\Users\rbk55\OneDrive\Documents\Project_CSE432-532\SER_Project\data\audio_speech_actors\Actor_12\03-01-04-02-01-02-12.wav
03-01-04-02-02-01-12.wav,audio-only,speech,sad,4,strong,Dogs are sitting by the door,1,12,female,C:\Users\rbk55\OneDrive\Documents\Project_CSE432-532\SER_Project\data\audio_speech_actors\Actor_12\03-01-04-02-02-01-12.wav
03-01-04-02-02-02-12.wav,audio-only,speech,sad,4,strong,Dogs are sitting by the door,2,12,female,C:\Users\rbk55\OneDrive\Documents\Project_CSE432-532\SER_Project\data\audio_speech_actors\Actor_12\03-01-04-02-02-02-12.wav
03-01-05-01-01-01-12.wav,audio-only,speech,angry,5,normal,Kids are talking by the door,1,12,female,C:\Users\rbk55\OneDrive\Documents\Project_CSE432-532\SER_Project\data\audio_speech_actors\Actor_12\03-01-05-01-01-01-12.wav
03-01-05-01-01-02-12.wav,audio-only,speech,angry,5,normal,Kids are talking by the door,2,12,female,C:\Users\rbk55\OneDrive\Documents\Project_CSE432-532\SER_Project\data\audio_speech_actors\Actor_12\03-01-05-01-01-02-12.wav
03-01-05-01-02-01-12.wav,audio-only,speech,angry,5,normal,Dogs are sitting by the door,1,12,female,C:\Users\rbk55\OneDrive\Documents\Project_CSE432-532\SER_Project\data\audio_speech_actors\Actor_12\03-01-05-01-02-01-12.wav
03-01-05-01-02-02-12.wav,audio-only,speech,angry,5,normal,Dogs are sitting by the door,2,12,female,C:\Users\rbk55\OneDrive\Documents\Project_CSE432-532\SER_Project\data\audio_speech_actors\Actor_12\03-01-05-01-02-02-12.wav
03-01-05-02-01-01-12.wav,audio-only,speech,angry,5,strong,Kids are talking by the door,1,12,female,C:\Users\rbk55\OneDrive\Documents\Project_CSE432-532\SER_Project\data\audio_speech_actors\Actor_12\03-01-05-02-01-01-12.wav
03-01-05-02-01-02-12.wav,audio-only,speech,angry,5,strong,Kids are talking by the door,2,12,female,C:\Users\rbk55\OneDrive\Documents\Project_CSE432-532\SER_Project\data\audio_speech_actors\Actor_12\03-01-05-02-01-02-12.wav
03-01-05-02-02-01-12.wav,audio-only,speech,angry,5,strong,Dogs are sitting by the door,1,12,female,C:\Users\rbk55\OneDrive\Documents\Project_CSE432-532\SER_Project\data\audio_speech_actors\Actor_12\03-01-05-02-02-01-12.wav
03-01-05-02-02-02-12.wav,audio-only,speech,angry,5,strong,Dogs are sitting by the door,2,12,female,C:\Users\rbk55\OneDrive\Documents\Project_CSE432-532\SER_Project\data\audio_speech_actors\Actor_12\03-01-05-02-02-02-12.wav
03-01-06-01-01-01-12.wav,audio-only,speech,fearful,6,normal,Kids are talking by the door,1,12,female,C:\Users\rbk55\OneDrive\Documents\Project_CSE432-532\SER_Project\data\audio_speech_actors\Actor_12\03-01-06-01-01-01-12.wav
03-01-06-01-01-02-12.wav,audio-only,speech,fearful,6,normal,Kids are talking by the door,2,12,female,C:\Users\rbk55\OneDrive\Documents\Project_CSE432-532\SER_Project\data\audio_speech_actors\Actor_12\03-01-06-01-01-02-12.wav
03-01-06-01-02-01-12.wav,audio-only,speech,fearful,6,normal,Dogs are sitting by the door,1,12,female,C:\Users\rbk55\OneDrive\Documents\Project_CSE432-532\SER_Project\data\audio_speech_actors\Actor_12\03-01-06-01-02-01-12.wav
03-01-06-01-02-02-12.wav,audio-only,speech,fearful,6,normal,Dogs are sitting by the door,2,12,female,C:\Users\rbk55\OneDrive\Documents\Project_CSE432-532\SER_Project\data\audio_speech_actors\Actor_12\03-01-06-01-02-02-12.wav
03-01-06-02-01-01-12.wav,audio-only,speech,fearful,6,strong,Kids are talking by the door,1,12,female,C:\Users\rbk55\OneDrive\Documents\Project_CSE432-532\SER_Project\data\audio_speech_actors\Actor_12\03-01-06-02-01-01-12.wav
03-01-06-02-01-02-12.wav,audio-only,speech,fearful,6,strong,Kids are talking by the door,2,12,female,C:\Users\rbk55\OneDrive\Documents\Project_CSE432-532\SER_Project\data\audio_speech_actors\Actor_12\03-01-06-02-01-02-12.wav
03-01-06-02-02-01-12.wav,audio-only,speech,fearful,6,strong,Dogs are sitting by the door,1,12,female,C:\Users\rbk55\OneDrive\Documents\Project_CSE432-532\SER_Project\data\audio_speech_actors\Actor_12\03-01-06-02-02-01-12.wav
03-01-06-02-02-02-12.wav,audio-only,speech,fearful,6,strong,Dogs are sitting by the door,2,12,female,C:\Users\rbk55\OneDrive\Documents\Project_CSE432-532\SER_Project\data\audio_speech_actors\Actor_12\03-01-06-02-02-02-12.wav
03-01-07-01-01-01-12.wav,audio-only,speech,disgust,7,normal,Kids are talking by the door,1,12,female,C:\Users\rbk55\OneDrive\Documents\Project_CSE432-532\SER_Project\data\audio_speech_actors\Actor_12\03-01-07-01-01-01-12.wav
03-01-07-01-01-02-12.wav,audio-only,speech,disgust,7,normal,Kids are talking by the door,2,12,female,C:\Users\rbk55\OneDrive\Documents\Project_CSE432-532\SER_Project\data\audio_speech_actors\Actor_12\03-01-07-01-01-02-12.wav
03-01-07-01-02-01-12.wav,audio-only,speech,disgust,7,normal,Dogs are sitting by the door,1,12,female,C:\Users\rbk55\OneDrive\Documents\Project_CSE432-532\SER_Project\data\audio_speech_actors\Actor_12\03-01-07-01-02-01-12.wav
03-01-07-01-02-02-12.wav,audio-only,speech,disgust,7,normal,Dogs are sitting by the door,2,12,female,C:\Users\rbk55\OneDrive\Documents\Project_CSE432-532\SER_Project\data\audio_speech_actors\Actor_12\03-01-07-01-02-02-12.wav
03-01-07-02-01-01-12.wav,audio-only,speech,disgust,7,strong,Kids are talking by the door,1,12,female,C:\Users\rbk55\OneDrive\Documents\Project_CSE432-532\SER_Project\data\audio_speech_actors\Actor_12\03-01-07-02-01-01-12.wav
03-01-07-02-01-02-12.wav,audio-only,speech,disgust,7,strong,Kids are talking by the door,2,12,female,C:\Users\rbk55\OneDrive\Documents\Project_CSE432-532\SER_Project\data\audio_speech_actors\Actor_12\03-01-07-02-01-02-12.wav
03-01-07-02-02-01-12.wav,audio-only,speech,disgust,7,strong,Dogs are sitting by the door,1,12,female,C:\Users\rbk55\OneDrive\Documents\Project_CSE432-532\SER_Project\data\audio_speech_actors\Actor_12\03-01-07-02-02-01-12.wav
03-01-07-02-02-02-12.wav,audio-only,speech,disgust,7,strong,Dogs are sitting by the door,2,12,female,C:\Users\rbk55\OneDrive\Documents\Project_CSE432-532\SER_Project\data\audio_speech_actors\Actor_12\03-01-07-02-02-02-12.wav
03-01-08-01-01-01-12.wav,audio-only,speech,surprised,8,normal,Kids are talking by the door,1,12,female,C:\Users\rbk55\OneDrive\Documents\Project_CSE432-532\SER_Project\data\audio_speech_actors\Actor_12\03-01-08-01-01-01-12.wav
03-01-08-01-01-02-12.wav,audio-only,speech,surprised,8,normal,Kids are talking by the door,2,12,female,C:\Users\rbk55\OneDrive\Documents\Project_CSE432-532\SER_Project\data\audio_speech_actors\Actor_12\03-01-08-01-01-02-12.wav
03-01-08-01-02-01-12.wav,audio-only,speech,surprised,8,normal,Dogs are sitting by the door,1,12,female,C:\Users\rbk55\OneDrive\Documents\Project_CSE432-532\SER_Project\data\audio_speech_actors\Actor_12\03-01-08-01-02-01-12.wav
03-01-08-01-02-02-12.wav,audio-only,speech,surprised,8,normal,Dogs are sitting by the door,2,12,female,C:\Users\rbk55\OneDrive\Documents\Project_CSE432-532\SER_Project\data\audio_speech_actors\Actor_12\03-01-08-01-02-02-12.wav
03-01-08-02-01-01-12.wav,audio-only,speech,surprised,8,strong,Kids are talking by the door,1,12,female,C:\Users\rbk55\OneDrive\Documents\Project_CSE432-532\SER_Project\data\audio_speech_actors\Actor_12\03-01-08-02-01-01-12.wav
03-01-08-02-01-02-12.wav,audio-only,speech,surprised,8,strong,Kids are talking by the door,2,12,female,C:\Users\rbk55\OneDrive\Documents\Project_CSE432-532\SER_Project\data\audio_speech_actors\Actor_12\03-01-08-02-01-02-12.wav
03-01-08-02-02-01-12.wav,audio-only,speech,surprised,8,strong,Dogs are sitting by the door,1,12,female,C:\Users\rbk55\OneDrive\Documents\Project_CSE432-532\SER_Project\data\audio_speech_actors\Actor_12\03-01-08-02-02-01-12.wav
03-01-08-02-02-02-12.wav,audio-only,speech,surprised,8,strong,Dogs are sitting by the door,2,12,female,C:\Users\rbk55\OneDrive\Documents\Project_CSE432-532\SER_Project\data\audio_speech_actors\Actor_12\03-01-08-02-02-02-12.wav
03-01-01-01-01-01-13.wav,audio-only,speech,neutral,1,normal,Kids are talking by the door,1,13,male,C:\Users\rbk55\OneDrive\Documents\Project_CSE432-532\SER_Project\data\audio_speech_actors\Actor_13\03-01-01-01-01-01-13.wav
03-01-01-01-01-02-13.wav,audio-only,speech,neutral,1,normal,Kids are talking by the door,2,13,male,C:\Users\rbk55\OneDrive\Documents\Project_CSE432-532\SER_Project\data\audio_speech_actors\Actor_13\03-01-01-01-01-02-13.wav
03-01-01-01-02-01-13.wav,audio-only,speech,neutral,1,normal,Dogs are sitting by the door,1,13,male,C:\Users\rbk55\OneDrive\Documents\Project_CSE432-532\SER_Project\data\audio_speech_actors\Actor_13\03-01-01-01-02-01-13.wav
03-01-01-01-02-02-13.wav,audio-only,speech,neutral,1,normal,Dogs are sitting by the door,2,13,male,C:\Users\rbk55\OneDrive\Documents\Project_CSE432-532\SER_Project\data\audio_speech_actors\Actor_13\03-01-01-01-02-02-13.wav
03-01-02-01-01-01-13.wav,audio-only,speech,calm,2,normal,Kids are talking by the door,1,13,male,C:\Users\rbk55\OneDrive\Documents\Project_CSE432-532\SER_Project\data\audio_speech_actors\Actor_13\03-01-02-01-01-01-13.wav
03-01-02-01-01-02-13.wav,audio-only,speech,calm,2,normal,Kids are talking by the door,2,13,male,C:\Users\rbk55\OneDrive\Documents\Project_CSE432-532\SER_Project\data\audio_speech_actors\Actor_13\03-01-02-01-01-02-13.wav
03-01-02-01-02-01-13.wav,audio-only,speech,calm,2,normal,Dogs are sitting by the door,1,13,male,C:\Users\rbk55\OneDrive\Documents\Project_CSE432-532\SER_Project\data\audio_speech_actors\Actor_13\03-01-02-01-02-01-13.wav
03-01-02-01-02-02-13.wav,audio-only,speech,calm,2,normal,Dogs are sitting by the door,2,13,male,C:\Users\rbk55\OneDrive\Documents\Project_CSE432-532\SER_Project\data\audio_speech_actors\Actor_13\03-01-02-01-02-02-13.wav
03-01-02-02-01-01-13.wav,audio-only,speech,calm,2,strong,Kids are talking by the door,1,13,male,C:\Users\rbk55\OneDrive\Documents\Project_CSE432-532\SER_Project\data\audio_speech_actors\Actor_13\03-01-02-02-01-01-13.wav
03-01-02-02-01-02-13.wav,audio-only,speech,calm,2,strong,Kids are talking by the door,2,13,male,C:\Users\rbk55\OneDrive\Documents\Project_CSE432-532\SER_Project\data\audio_speech_actors\Actor_13\03-01-02-02-01-02-13.wav
03-01-02-02-02-01-13.wav,audio-only,speech,calm,2,strong,Dogs are sitting by the door,1,13,male,C:\Users\rbk55\OneDrive\Documents\Project_CSE432-532\SER_Project\data\audio_speech_actors\Actor_13\03-01-02-02-02-01-13.wav
03-01-02-02-02-02-13.wav,audio-only,speech,calm,2,strong,Dogs are sitting by the door,2,13,male,C:\Users\rbk55\OneDrive\Documents\Project_CSE432-532\SER_Project\data\audio_speech_actors\Actor_13\03-01-02-02-02-02-13.wav
03-01-03-01-01-01-13.wav,audio-only,speech,happy,3,normal,Kids are talking by the door,1,13,male,C:\Users\rbk55\OneDrive\Documents\Project_CSE432-532\SER_Project\data\audio_speech_actors\Actor_13\03-01-03-01-01-01-13.wav
03-01-03-01-01-02-13.wav,audio-only,speech,happy,3,normal,Kids are talking by the door,2,13,male,C:\Users\rbk55\OneDrive\Documents\Project_CSE432-532\SER_Project\data\audio_speech_actors\Actor_13\03-01-03-01-01-02-13.wav
03-01-03-01-02-01-13.wav,audio-only,speech,happy,3,normal,Dogs are sitting by the door,1,13,male,C:\Users\rbk55\OneDrive\Documents\Project_CSE432-532\SER_Project\data\audio_speech_actors\Actor_13\03-01-03-01-02-01-13.wav
03-01-03-01-02-02-13.wav,audio-only,speech,happy,3,normal,Dogs are sitting by the door,2,13,male,C:\Users\rbk55\OneDrive\Documents\Project_CSE432-532\SER_Project\data\audio_speech_actors\Actor_13\03-01-03-01-02-02-13.wav
03-01-03-02-01-01-13.wav,audio-only,speech,happy,3,strong,Kids are talking by the door,1,13,male,C:\Users\rbk55\OneDrive\Documents\Project_CSE432-532\SER_Project\data\audio_speech_actors\Actor_13\03-01-03-02-01-01-13.wav
03-01-03-02-01-02-13.wav,audio-only,speech,happy,3,strong,Kids are talking by the door,2,13,male,C:\Users\rbk55\OneDrive\Documents\Project_CSE432-532\SER_Project\data\audio_speech_actors\Actor_13\03-01-03-02-01-02-13.wav
03-01-03-02-02-01-13.wav,audio-only,speech,happy,3,strong,Dogs are sitting by the door,1,13,male,C:\Users\rbk55\OneDrive\Documents\Project_CSE432-532\SER_Project\data\audio_speech_actors\Actor_13\03-01-03-02-02-01-13.wav
03-01-03-02-02-02-13.wav,audio-only,speech,happy,3,strong,Dogs are sitting by the door,2,13,male,C:\Users\rbk55\OneDrive\Documents\Project_CSE432-532\SER_Project\data\audio_speech_actors\Actor_13\03-01-03-02-02-02-13.wav
03-01-04-01-01-01-13.wav,audio-only,speech,sad,4,normal,Kids are talking by the door,1,13,male,C:\Users\rbk55\OneDrive\Documents\Project_CSE432-532\SER_Project\data\audio_speech_actors\Actor_13\03-01-04-01-01-01-13.wav
03-01-04-01-01-02-13.wav,audio-only,speech,sad,4,normal,Kids are talking by the door,2,13,male,C:\Users\rbk55\OneDrive\Documents\Project_CSE432-532\SER_Project\data\audio_speech_actors\Actor_13\03-01-04-01-01-02-13.wav
03-01-04-01-02-01-13.wav,audio-only,speech,sad,4,normal,Dogs are sitting by the door,1,13,male,C:\Users\rbk55\OneDrive\Documents\Project_CSE432-532\SER_Project\data\audio_speech_actors\Actor_13\03-01-04-01-02-01-13.wav
03-01-04-01-02-02-13.wav,audio-only,speech,sad,4,normal,Dogs are sitting by the door,2,13,male,C:\Users\rbk55\OneDrive\Documents\Project_CSE432-532\SER_Project\data\audio_speech_actors\Actor_13\03-01-04-01-02-02-13.wav
03-01-04-02-01-01-13.wav,audio-only,speech,sad,4,strong,Kids are talking by the door,1,13,male,C:\Users\rbk55\OneDrive\Documents\Project_CSE432-532\SER_Project\data\audio_speech_actors\Actor_13\03-01-04-02-01-01-13.wav
03-01-04-02-01-02-13.wav,audio-only,speech,sad,4,strong,Kids are talking by the door,2,13,male,C:\Users\rbk55\OneDrive\Documents\Project_CSE432-532\SER_Project\data\audio_speech_actors\Actor_13\03-01-04-02-01-02-13.wav
03-01-04-02-02-01-13.wav,audio-only,speech,sad,4,strong,Dogs are sitting by the door,1,13,male,C:\Users\rbk55\OneDrive\Documents\Project_CSE432-532\SER_Project\data\audio_speech_actors\Actor_13\03-01-04-02-02-01-13.wav
03-01-04-02-02-02-13.wav,audio-only,speech,sad,4,strong,Dogs are sitting by the door,2,13,male,C:\Users\rbk55\OneDrive\Documents\Project_CSE432-532\SER_Project\data\audio_speech_actors\Actor_13\03-01-04-02-02-02-13.wav
03-01-05-01-01-01-13.wav,audio-only,speech,angry,5,normal,Kids are talking by the door,1,13,male,C:\Users\rbk55\OneDrive\Documents\Project_CSE432-532\SER_Project\data\audio_speech_actors\Actor_13\03-01-05-01-01-01-13.wav
03-01-05-01-01-02-13.wav,audio-only,speech,angry,5,normal,Kids are talking by the door,2,13,male,C:\Users\rbk55\OneDrive\Documents\Project_CSE432-532\SER_Project\data\audio_speech_actors\Actor_13\03-01-05-01-01-02-13.wav
03-01-05-01-02-01-13.wav,audio-only,speech,angry,5,normal,Dogs are sitting by the door,1,13,male,C:\Users\rbk55\OneDrive\Documents\Project_CSE432-532\SER_Project\data\audio_speech_actors\Actor_13\03-01-05-01-02-01-13.wav
03-01-05-01-02-02-13.wav,audio-only,speech,angry,5,normal,Dogs are sitting by the door,2,13,male,C:\Users\rbk55\OneDrive\Documents\Project_CSE432-532\SER_Project\data\audio_speech_actors\Actor_13\03-01-05-01-02-02-13.wav
03-01-05-02-01-01-13.wav,audio-only,speech,angry,5,strong,Kids are talking by the door,1,13,male,C:\Users\rbk55\OneDrive\Documents\Project_CSE432-532\SER_Project\data\audio_speech_actors\Actor_13\03-01-05-02-01-01-13.wav
03-01-05-02-01-02-13.wav,audio-only,speech,angry,5,strong,Kids are talking by the door,2,13,male,C:\Users\rbk55\OneDrive\Documents\Project_CSE432-532\SER_Project\data\audio_speech_actors\Actor_13\03-01-05-02-01-02-13.wav
03-01-05-02-02-01-13.wav,audio-only,speech,angry,5,strong,Dogs are sitting by the door,1,13,male,C:\Users\rbk55\OneDrive\Documents\Project_CSE432-532\SER_Project\data\audio_speech_actors\Actor_13\03-01-05-02-02-01-13.wav
03-01-05-02-02-02-13.wav,audio-only,speech,angry,5,strong,Dogs are sitting by the door,2,13,male,C:\Users\rbk55\OneDrive\Documents\Project_CSE432-532\SER_Project\data\audio_speech_actors\Actor_13\03-01-05-02-02-02-13.wav
03-01-06-01-01-01-13.wav,audio-only,speech,fearful,6,normal,Kids are talking by the door,1,13,male,C:\Users\rbk55\OneDrive\Documents\Project_CSE432-532\SER_Project\data\audio_speech_actors\Actor_13\03-01-06-01-01-01-13.wav
03-01-06-01-01-02-13.wav,audio-only,speech,fearful,6,normal,Kids are talking by the door,2,13,male,C:\Users\rbk55\OneDrive\Documents\Project_CSE432-532\SER_Project\data\audio_speech_actors\Actor_13\03-01-06-01-01-02-13.wav
03-01-06-01-02-01-13.wav,audio-only,speech,fearful,6,normal,Dogs are sitting by the door,1,13,male,C:\Users\rbk55\OneDrive\Documents\Project_CSE432-532\SER_Project\data\audio_speech_actors\Actor_13\03-01-06-01-02-01-13.wav
03-01-06-01-02-02-13.wav,audio-only,speech,fearful,6,normal,Dogs are sitting by the door,2,13,male,C:\Users\rbk55\OneDrive\Documents\Project_CSE432-532\SER_Project\data\audio_speech_actors\Actor_13\03-01-06-01-02-02-13.wav
03-01-06-02-01-01-13.wav,audio-only,speech,fearful,6,strong,Kids are talking by the door,1,13,male,C:\Users\rbk55\OneDrive\Documents\Project_CSE432-532\SER_Project\data\audio_speech_actors\Actor_13\03-01-06-02-01-01-13.wav
03-01-06-02-01-02-13.wav,audio-only,speech,fearful,6,strong,Kids are talking by the door,2,13,male,C:\Users\rbk55\OneDrive\Documents\Project_CSE432-532\SER_Project\data\audio_speech_actors\Actor_13\03-01-06-02-01-02-13.wav
03-01-06-02-02-01-13.wav,audio-only,speech,fearful,6,strong,Dogs are sitting by the door,1,13,male,C:\Users\rbk55\OneDrive\Documents\Project_CSE432-532\SER_Project\data\audio_speech_actors\Actor_13\03-01-06-02-02-01-13.wav
03-01-06-02-02-02-13.wav,audio-only,speech,fearful,6,strong,Dogs are sitting by the door,2,13,male,C:\Users\rbk55\OneDrive\Documents\Project_CSE432-532\SER_Project\data\audio_speech_actors\Actor_13\03-01-06-02-02-02-13.wav
03-01-07-01-01-01-13.wav,audio-only,speech,disgust,7,normal,Kids are talking by the door,1,13,male,C:\Users\rbk55\OneDrive\Documents\Project_CSE432-532\SER_Project\data\audio_speech_actors\Actor_13\03-01-07-01-01-01-13.wav
03-01-07-01-01-02-13.wav,audio-only,speech,disgust,7,normal,Kids are talking by the door,2,13,male,C:\Users\rbk55\OneDrive\Documents\Project_CSE432-532\SER_Project\data\audio_speech_actors\Actor_13\03-01-07-01-01-02-13.wav
03-01-07-01-02-01-13.wav,audio-only,speech,disgust,7,normal,Dogs are sitting by the door,1,13,male,C:\Users\rbk55\OneDrive\Documents\Project_CSE432-532\SER_Project\data\audio_speech_actors\Actor_13\03-01-07-01-02-01-13.wav
03-01-07-01-02-02-13.wav,audio-only,speech,disgust,7,normal,Dogs are sitting by the door,2,13,male,C:\Users\rbk55\OneDrive\Documents\Project_CSE432-532\SER_Project\data\audio_speech_actors\Actor_13\03-01-07-01-02-02-13.wav
03-01-07-02-01-01-13.wav,audio-only,speech,disgust,7,strong,Kids are talking by the door,1,13,male,C:\Users\rbk55\OneDrive\Documents\Project_CSE432-532\SER_Project\data\audio_speech_actors\Actor_13\03-01-07-02-01-01-13.wav
03-01-07-02-01-02-13.wav,audio-only,speech,disgust,7,strong,Kids are talking by the door,2,13,male,C:\Users\rbk55\OneDrive\Documents\Project_CSE432-532\SER_Project\data\audio_speech_actors\Actor_13\03-01-07-02-01-02-13.wav
03-01-07-02-02-01-13.wav,audio-only,speech,disgust,7,strong,Dogs are sitting by the door,1,13,male,C:\Users\rbk55\OneDrive\Documents\Project_CSE432-532\SER_Project\data\audio_speech_actors\Actor_13\03-01-07-02-02-01-13.wav
03-01-07-02-02-02-13.wav,audio-only,speech,disgust,7,strong,Dogs are sitting by the door,2,13,male,C:\Users\rbk55\OneDrive\Documents\Project_CSE432-532\SER_Project\data\audio_speech_actors\Actor_13\03-01-07-02-02-02-13.wav
03-01-08-01-01-01-13.wav,audio-only,speech,surprised,8,normal,Kids are talking by the door,1,13,male,C:\Users\rbk55\OneDrive\Documents\Project_CSE432-532\SER_Project\data\audio_speech_actors\Actor_13\03-01-08-01-01-01-13.wav
03-01-08-01-01-02-13.wav,audio-only,speech,surprised,8,normal,Kids are talking by the door,2,13,male,C:\Users\rbk55\OneDrive\Documents\Project_CSE432-532\SER_Project\data\audio_speech_actors\Actor_13\03-01-08-01-01-02-13.wav
03-01-08-01-02-01-13.wav,audio-only,speech,surprised,8,normal,Dogs are sitting by the door,1,13,male,C:\Users\rbk55\OneDrive\Documents\Project_CSE432-532\SER_Project\data\audio_speech_actors\Actor_13\03-01-08-01-02-01-13.wav
03-01-08-01-02-02-13.wav,audio-only,speech,surprised,8,normal,Dogs are sitting by the door,2,13,male,C:\Users\rbk55\OneDrive\Documents\Project_CSE432-532\SER_Project\data\audio_speech_actors\Actor_13\03-01-08-01-02-02-13.wav
03-01-08-02-01-01-13.wav,audio-only,speech,surprised,8,strong,Kids are talking by the door,1,13,male,C:\Users\rbk55\OneDrive\Documents\Project_CSE432-532\SER_Project\data\audio_speech_actors\Actor_13\03-01-08-02-01-01-13.wav
03-01-08-02-01-02-13.wav,audio-only,speech,surprised,8,strong,Kids are talking by the door,2,13,male,C:\Users\rbk55\OneDrive\Documents\Project_CSE432-532\SER_Project\data\audio_speech_actors\Actor_13\03-01-08-02-01-02-13.wav
03-01-08-02-02-01-13.wav,audio-only,speech,surprised,8,strong,Dogs are sitting by the door,1,13,male,C:\Users\rbk55\OneDrive\Documents\Project_CSE432-532\SER_Project\data\audio_speech_actors\Actor_13\03-01-08-02-02-01-13.wav
03-01-08-02-02-02-13.wav,audio-only,speech,surprised,8,strong,Dogs are sitting by the door,2,13,male,C:\Users\rbk55\OneDrive\Documents\Project_CSE432-532\SER_Project\data\audio_speech_actors\Actor_13\03-01-08-02-02-02-13.wav
03-01-01-01-01-01-14.wav,audio-only,speech,neutral,1,normal,Kids are talking by the door,1,14,female,C:\Users\rbk55\OneDrive\Documents\Project_CSE432-532\SER_Project\data\audio_speech_actors\Actor_14\03-01-01-01-01-01-14.wav
03-01-01-01-01-02-14.wav,audio-only,speech,neutral,1,normal,Kids are talking by the door,2,14,female,C:\Users\rbk55\OneDrive\Documents\Project_CSE432-532\SER_Project\data\audio_speech_actors\Actor_14\03-01-01-01-01-02-14.wav
03-01-01-01-02-01-14.wav,audio-only,speech,neutral,1,normal,Dogs are sitting by the door,1,14,female,C:\Users\rbk55\OneDrive\Documents\Project_CSE432-532\SER_Project\data\audio_speech_actors\Actor_14\03-01-01-01-02-01-14.wav
03-01-01-01-02-02-14.wav,audio-only,speech,neutral,1,normal,Dogs are sitting by the door,2,14,female,C:\Users\rbk55\OneDrive\Documents\Project_CSE432-532\SER_Project\data\audio_speech_actors\Actor_14\03-01-01-01-02-02-14.wav
03-01-02-01-01-01-14.wav,audio-only,speech,calm,2,normal,Kids are talking by the door,1,14,female,C:\Users\rbk55\OneDrive\Documents\Project_CSE432-532\SER_Project\data\audio_speech_actors\Actor_14\03-01-02-01-01-01-14.wav
03-01-02-01-01-02-14.wav,audio-only,speech,calm,2,normal,Kids are talking by the door,2,14,female,C:\Users\rbk55\OneDrive\Documents\Project_CSE432-532\SER_Project\data\audio_speech_actors\Actor_14\03-01-02-01-01-02-14.wav
03-01-02-01-02-01-14.wav,audio-only,speech,calm,2,normal,Dogs are sitting by the door,1,14,female,C:\Users\rbk55\OneDrive\Documents\Project_CSE432-532\SER_Project\data\audio_speech_actors\Actor_14\03-01-02-01-02-01-14.wav
03-01-02-01-02-02-14.wav,audio-only,speech,calm,2,normal,Dogs are sitting by the door,2,14,female,C:\Users\rbk55\OneDrive\Documents\Project_CSE432-532\SER_Project\data\audio_speech_actors\Actor_14\03-01-02-01-02-02-14.wav
03-01-02-02-01-01-14.wav,audio-only,speech,calm,2,strong,Kids are talking by the door,1,14,female,C:\Users\rbk55\OneDrive\Documents\Project_CSE432-532\SER_Project\data\audio_speech_actors\Actor_14\03-01-02-02-01-01-14.wav
03-01-02-02-01-02-14.wav,audio-only,speech,calm,2,strong,Kids are talking by the door,2,14,female,C:\Users\rbk55\OneDrive\Documents\Project_CSE432-532\SER_Project\data\audio_speech_actors\Actor_14\03-01-02-02-01-02-14.wav
03-01-02-02-02-01-14.wav,audio-only,speech,calm,2,strong,Dogs are sitting by the door,1,14,female,C:\Users\rbk55\OneDrive\Documents\Project_CSE432-532\SER_Project\data\audio_speech_actors\Actor_14\03-01-02-02-02-01-14.wav
03-01-02-02-02-02-14.wav,audio-only,speech,calm,2,strong,Dogs are sitting by the door,2,14,female,C:\Users\rbk55\OneDrive\Documents\Project_CSE432-532\SER_Project\data\audio_speech_actors\Actor_14\03-01-02-02-02-02-14.wav
03-01-03-01-01-01-14.wav,audio-only,speech,happy,3,normal,Kids are talking by the door,1,14,female,C:\Users\rbk55\OneDrive\Documents\Project_CSE432-532\SER_Project\data\audio_speech_actors\Actor_14\03-01-03-01-01-01-14.wav
03-01-03-01-01-02-14.wav,audio-only,speech,happy,3,normal,Kids are talking by the door,2,14,female,C:\Users\rbk55\OneDrive\Documents\Project_CSE432-532\SER_Project\data\audio_speech_actors\Actor_14\03-01-03-01-01-02-14.wav
03-01-03-01-02-01-14.wav,audio-only,speech,happy,3,normal,Dogs are sitting by the door,1,14,female,C:\Users\rbk55\OneDrive\Documents\Project_CSE432-532\SER_Project\data\audio_speech_actors\Actor_14\03-01-03-01-02-01-14.wav
03-01-03-01-02-02-14.wav,audio-only,speech,happy,3,normal,Dogs are sitting by the door,2,14,female,C:\Users\rbk55\OneDrive\Documents\Project_CSE432-532\SER_Project\data\audio_speech_actors\Actor_14\03-01-03-01-02-02-14.wav
03-01-03-02-01-01-14.wav,audio-only,speech,happy,3,strong,Kids are talking by the door,1,14,female,C:\Users\rbk55\OneDrive\Documents\Project_CSE432-532\SER_Project\data\audio_speech_actors\Actor_14\03-01-03-02-01-01-14.wav
03-01-03-02-01-02-14.wav,audio-only,speech,happy,3,strong,Kids are talking by the door,2,14,female,C:\Users\rbk55\OneDrive\Documents\Project_CSE432-532\SER_Project\data\audio_speech_actors\Actor_14\03-01-03-02-01-02-14.wav
03-01-03-02-02-01-14.wav,audio-only,speech,happy,3,strong,Dogs are sitting by the door,1,14,female,C:\Users\rbk55\OneDrive\Documents\Project_CSE432-532\SER_Project\data\audio_speech_actors\Actor_14\03-01-03-02-02-01-14.wav
03-01-03-02-02-02-14.wav,audio-only,speech,happy,3,strong,Dogs are sitting by the door,2,14,female,C:\Users\rbk55\OneDrive\Documents\Project_CSE432-532\SER_Project\data\audio_speech_actors\Actor_14\03-01-03-02-02-02-14.wav
03-01-04-01-01-01-14.wav,audio-only,speech,sad,4,normal,Kids are talking by the door,1,14,female,C:\Users\rbk55\OneDrive\Documents\Project_CSE432-532\SER_Project\data\audio_speech_actors\Actor_14\03-01-04-01-01-01-14.wav
03-01-04-01-01-02-14.wav,audio-only,speech,sad,4,normal,Kids are talking by the door,2,14,female,C:\Users\rbk55\OneDrive\Documents\Project_CSE432-532\SER_Project\data\audio_speech_actors\Actor_14\03-01-04-01-01-02-14.wav
03-01-04-01-02-01-14.wav,audio-only,speech,sad,4,normal,Dogs are sitting by the door,1,14,female,C:\Users\rbk55\OneDrive\Documents\Project_CSE432-532\SER_Project\data\audio_speech_actors\Actor_14\03-01-04-01-02-01-14.wav
03-01-04-01-02-02-14.wav,audio-only,speech,sad,4,normal,Dogs are sitting by the door,2,14,female,C:\Users\rbk55\OneDrive\Documents\Project_CSE432-532\SER_Project\data\audio_speech_actors\Actor_14\03-01-04-01-02-02-14.wav
03-01-04-02-01-01-14.wav,audio-only,speech,sad,4,strong,Kids are talking by the door,1,14,female,C:\Users\rbk55\OneDrive\Documents\Project_CSE432-532\SER_Project\data\audio_speech_actors\Actor_14\03-01-04-02-01-01-14.wav
03-01-04-02-01-02-14.wav,audio-only,speech,sad,4,strong,Kids are talking by the door,2,14,female,C:\Users\rbk55\OneDrive\Documents\Project_CSE432-532\SER_Project\data\audio_speech_actors\Actor_14\03-01-04-02-01-02-14.wav
03-01-04-02-02-01-14.wav,audio-only,speech,sad,4,strong,Dogs are sitting by the door,1,14,female,C:\Users\rbk55\OneDrive\Documents\Project_CSE432-532\SER_Project\data\audio_speech_actors\Actor_14\03-01-04-02-02-01-14.wav
03-01-04-02-02-02-14.wav,audio-only,speech,sad,4,strong,Dogs are sitting by the door,2,14,female,C:\Users\rbk55\OneDrive\Documents\Project_CSE432-532\SER_Project\data\audio_speech_actors\Actor_14\03-01-04-02-02-02-14.wav
03-01-05-01-01-01-14.wav,audio-only,speech,angry,5,normal,Kids are talking by the door,1,14,female,C:\Users\rbk55\OneDrive\Documents\Project_CSE432-532\SER_Project\data\audio_speech_actors\Actor_14\03-01-05-01-01-01-14.wav
03-01-05-01-01-02-14.wav,audio-only,speech,angry,5,normal,Kids are talking by the door,2,14,female,C:\Users\rbk55\OneDrive\Documents\Project_CSE432-532\SER_Project\data\audio_speech_actors\Actor_14\03-01-05-01-01-02-14.wav
03-01-05-01-02-01-14.wav,audio-only,speech,angry,5,normal,Dogs are sitting by the door,1,14,female,C:\Users\rbk55\OneDrive\Documents\Project_CSE432-532\SER_Project\data\audio_speech_actors\Actor_14\03-01-05-01-02-01-14.wav
03-01-05-01-02-02-14.wav,audio-only,speech,angry,5,normal,Dogs are sitting by the door,2,14,female,C:\Users\rbk55\OneDrive\Documents\Project_CSE432-532\SER_Project\data\audio_speech_actors\Actor_14\03-01-05-01-02-02-14.wav
03-01-05-02-01-01-14.wav,audio-only,speech,angry,5,strong,Kids are talking by the door,1,14,female,C:\Users\rbk55\OneDrive\Documents\Project_CSE432-532\SER_Project\data\audio_speech_actors\Actor_14\03-01-05-02-01-01-14.wav
03-01-05-02-01-02-14.wav,audio-only,speech,angry,5,strong,Kids are talking by the door,2,14,female,C:\Users\rbk55\OneDrive\Documents\Project_CSE432-532\SER_Project\data\audio_speech_actors\Actor_14\03-01-05-02-01-02-14.wav
03-01-05-02-02-01-14.wav,audio-only,speech,angry,5,strong,Dogs are sitting by the door,1,14,female,C:\Users\rbk55\OneDrive\Documents\Project_CSE432-532\SER_Project\data\audio_speech_actors\Actor_14\03-01-05-02-02-01-14.wav
03-01-05-02-02-02-14.wav,audio-only,speech,angry,5,strong,Dogs are sitting by the door,2,14,female,C:\Users\rbk55\OneDrive\Documents\Project_CSE432-532\SER_Project\data\audio_speech_actors\Actor_14\03-01-05-02-02-02-14.wav
03-01-06-01-01-01-14.wav,audio-only,speech,fearful,6,normal,Kids are talking by the door,1,14,female,C:\Users\rbk55\OneDrive\Documents\Project_CSE432-532\SER_Project\data\audio_speech_actors\Actor_14\03-01-06-01-01-01-14.wav
03-01-06-01-01-02-14.wav,audio-only,speech,fearful,6,normal,Kids are talking by the door,2,14,female,C:\Users\rbk55\OneDrive\Documents\Project_CSE432-532\SER_Project\data\audio_speech_actors\Actor_14\03-01-06-01-01-02-14.wav
03-01-06-01-02-01-14.wav,audio-only,speech,fearful,6,normal,Dogs are sitting by the door,1,14,female,C:\Users\rbk55\OneDrive\Documents\Project_CSE432-532\SER_Project\data\audio_speech_actors\Actor_14\03-01-06-01-02-01-14.wav
03-01-06-01-02-02-14.wav,audio-only,speech,fearful,6,normal,Dogs are sitting by the door,2,14,female,C:\Users\rbk55\OneDrive\Documents\Project_CSE432-532\SER_Project\data\audio_speech_actors\Actor_14\03-01-06-01-02-02-14.wav
03-01-06-02-01-01-14.wav,audio-only,speech,fearful,6,strong,Kids are talking by the door,1,14,female,C:\Users\rbk55\OneDrive\Documents\Project_CSE432-532\SER_Project\data\audio_speech_actors\Actor_14\03-01-06-02-01-01-14.wav
03-01-06-02-01-02-14.wav,audio-only,speech,fearful,6,strong,Kids are talking by the door,2,14,female,C:\Users\rbk55\OneDrive\Documents\Project_CSE432-532\SER_Project\data\audio_speech_actors\Actor_14\03-01-06-02-01-02-14.wav
03-01-06-02-02-01-14.wav,audio-only,speech,fearful,6,strong,Dogs are sitting by the door,1,14,female,C:\Users\rbk55\OneDrive\Documents\Project_CSE432-532\SER_Project\data\audio_speech_actors\Actor_14\03-01-06-02-02-01-14.wav
03-01-06-02-02-02-14.wav,audio-only,speech,fearful,6,strong,Dogs are sitting by the door,2,14,female,C:\Users\rbk55\OneDrive\Documents\Project_CSE432-532\SER_Project\data\audio_speech_actors\Actor_14\03-01-06-02-02-02-14.wav
03-01-07-01-01-01-14.wav,audio-only,speech,disgust,7,normal,Kids are talking by the door,1,14,female,C:\Users\rbk55\OneDrive\Documents\Project_CSE432-532\SER_Project\data\audio_speech_actors\Actor_14\03-01-07-01-01-01-14.wav
03-01-07-01-01-02-14.wav,audio-only,speech,disgust,7,normal,Kids are talking by the door,2,14,female,C:\Users\rbk55\OneDrive\Documents\Project_CSE432-532\SER_Project\data\audio_speech_actors\Actor_14\03-01-07-01-01-02-14.wav
03-01-07-01-02-01-14.wav,audio-only,speech,disgust,7,normal,Dogs are sitting by the door,1,14,female,C:\Users\rbk55\OneDrive\Documents\Project_CSE432-532\SER_Project\data\audio_speech_actors\Actor_14\03-01-07-01-02-01-14.wav
03-01-07-01-02-02-14.wav,audio-only,speech,disgust,7,normal,Dogs are sitting by the door,2,14,female,C:\Users\rbk55\OneDrive\Documents\Project_CSE432-532\SER_Project\data\audio_speech_actors\Actor_14\03-01-07-01-02-02-14.wav
03-01-07-02-01-01-14.wav,audio-only,speech,disgust,7,strong,Kids are talking by the door,1,14,female,C:\Users\rbk55\OneDrive\Documents\Project_CSE432-532\SER_Project\data\audio_speech_actors\Actor_14\03-01-07-02-01-01-14.wav
03-01-07-02-01-02-14.wav,audio-only,speech,disgust,7,strong,Kids are talking by the door,2,14,female,C:\Users\rbk55\OneDrive\Documents\Project_CSE432-532\SER_Project\data\audio_speech_actors\Actor_14\03-01-07-02-01-02-14.wav
03-01-07-02-02-01-14.wav,audio-only,speech,disgust,7,strong,Dogs are sitting by the door,1,14,female,C:\Users\rbk55\OneDrive\Documents\Project_CSE432-532\SER_Project\data\audio_speech_actors\Actor_14\03-01-07-02-02-01-14.wav
03-01-07-02-02-02-14.wav,audio-only,speech,disgust,7,strong,Dogs are sitting by the door,2,14,female,C:\Users\rbk55\OneDrive\Documents\Project_CSE432-532\SER_Project\data\audio_speech_actors\Actor_14\03-01-07-02-02-02-14.wav
03-01-08-01-01-01-14.wav,audio-only,speech,surprised,8,normal,Kids are talking by the door,1,14,female,C:\Users\rbk55\OneDrive\Documents\Project_CSE432-532\SER_Project\data\audio_speech_actors\Actor_14\03-01-08-01-01-01-14.wav
03-01-08-01-01-02-14.wav,audio-only,speech,surprised,8,normal,Kids are talking by the door,2,14,female,C:\Users\rbk55\OneDrive\Documents\Project_CSE432-532\SER_Project\data\audio_speech_actors\Actor_14\03-01-08-01-01-02-14.wav
03-01-08-01-02-01-14.wav,audio-only,speech,surprised,8,normal,Dogs are sitting by the door,1,14,female,C:\Users\rbk55\OneDrive\Documents\Project_CSE432-532\SER_Project\data\audio_speech_actors\Actor_14\03-01-08-01-02-01-14.wav
03-01-08-01-02-02-14.wav,audio-only,speech,surprised,8,normal,Dogs are sitting by the door,2,14,female,C:\Users\rbk55\OneDrive\Documents\Project_CSE432-532\SER_Project\data\audio_speech_actors\Actor_14\03-01-08-01-02-02-14.wav
03-01-08-02-01-01-14.wav,audio-only,speech,surprised,8,strong,Kids are talking by the door,1,14,female,C:\Users\rbk55\OneDrive\Documents\Project_CSE432-532\SER_Project\data\audio_speech_actors\Actor_14\03-01-08-02-01-01-14.wav
03-01-08-02-01-02-14.wav,audio-only,speech,surprised,8,strong,Kids are talking by the door,2,14,female,C:\Users\rbk55\OneDrive\Documents\Project_CSE432-532\SER_Project\data\audio_speech_actors\Actor_14\03-01-08-02-01-02-14.wav
03-01-08-02-02-01-14.wav,audio-only,speech,surprised,8,strong,Dogs are sitting by the door,1,14,female,C:\Users\rbk55\OneDrive\Documents\Project_CSE432-532\SER_Project\data\audio_speech_actors\Actor_14\03-01-08-02-02-01-14.wav
03-01-08-02-02-02-14.wav,audio-only,speech,surprised,8,strong,Dogs are sitting by the door,2,14,female,C:\Users\rbk55\OneDrive\Documents\Project_CSE432-532\SER_Project\data\audio_speech_actors\Actor_14\03-01-08-02-02-02-14.wav
03-01-01-01-01-01-15.wav,audio-only,speech,neutral,1,normal,Kids are talking by the door,1,15,male,C:\Users\rbk55\OneDrive\Documents\Project_CSE432-532\SER_Project\data\audio_speech_actors\Actor_15\03-01-01-01-01-01-15.wav
03-01-01-01-01-02-15.wav,audio-only,speech,neutral,1,normal,Kids are talking by the door,2,15,male,C:\Users\rbk55\OneDrive\Documents\Project_CSE432-532\SER_Project\data\audio_speech_actors\Actor_15\03-01-01-01-01-02-15.wav
03-01-01-01-02-01-15.wav,audio-only,speech,neutral,1,normal,Dogs are sitting by the door,1,15,male,C:\Users\rbk55\OneDrive\Documents\Project_CSE432-532\SER_Project\data\audio_speech_actors\Actor_15\03-01-01-01-02-01-15.wav
03-01-01-01-02-02-15.wav,audio-only,speech,neutral,1,normal,Dogs are sitting by the door,2,15,male,C:\Users\rbk55\OneDrive\Documents\Project_CSE432-532\SER_Project\data\audio_speech_actors\Actor_15\03-01-01-01-02-02-15.wav
03-01-02-01-01-01-15.wav,audio-only,speech,calm,2,normal,Kids are talking by the door,1,15,male,C:\Users\rbk55\OneDrive\Documents\Project_CSE432-532\SER_Project\data\audio_speech_actors\Actor_15\03-01-02-01-01-01-15.wav
03-01-02-01-01-02-15.wav,audio-only,speech,calm,2,normal,Kids are talking by the door,2,15,male,C:\Users\rbk55\OneDrive\Documents\Project_CSE432-532\SER_Project\data\audio_speech_actors\Actor_15\03-01-02-01-01-02-15.wav
03-01-02-01-02-01-15.wav,audio-only,speech,calm,2,normal,Dogs are sitting by the door,1,15,male,C:\Users\rbk55\OneDrive\Documents\Project_CSE432-532\SER_Project\data\audio_speech_actors\Actor_15\03-01-02-01-02-01-15.wav
03-01-02-01-02-02-15.wav,audio-only,speech,calm,2,normal,Dogs are sitting by the door,2,15,male,C:\Users\rbk55\OneDrive\Documents\Project_CSE432-532\SER_Project\data\audio_speech_actors\Actor_15\03-01-02-01-02-02-15.wav
03-01-02-02-01-01-15.wav,audio-only,speech,calm,2,strong,Kids are talking by the door,1,15,male,C:\Users\rbk55\OneDrive\Documents\Project_CSE432-532\SER_Project\data\audio_speech_actors\Actor_15\03-01-02-02-01-01-15.wav
03-01-02-02-01-02-15.wav,audio-only,speech,calm,2,strong,Kids are talking by the door,2,15,male,C:\Users\rbk55\OneDrive\Documents\Project_CSE432-532\SER_Project\data\audio_speech_actors\Actor_15\03-01-02-02-01-02-15.wav
03-01-02-02-02-01-15.wav,audio-only,speech,calm,2,strong,Dogs are sitting by the door,1,15,male,C:\Users\rbk55\OneDrive\Documents\Project_CSE432-532\SER_Project\data\audio_speech_actors\Actor_15\03-01-02-02-02-01-15.wav
03-01-02-02-02-02-15.wav,audio-only,speech,calm,2,strong,Dogs are sitting by the door,2,15,male,C:\Users\rbk55\OneDrive\Documents\Project_CSE432-532\SER_Project\data\audio_speech_actors\Actor_15\03-01-02-02-02-02-15.wav
03-01-03-01-01-01-15.wav,audio-only,speech,happy,3,normal,Kids are talking by the door,1,15,male,C:\Users\rbk55\OneDrive\Documents\Project_CSE432-532\SER_Project\data\audio_speech_actors\Actor_15\03-01-03-01-01-01-15.wav
03-01-03-01-01-02-15.wav,audio-only,speech,happy,3,normal,Kids are talking by the door,2,15,male,C:\Users\rbk55\OneDrive\Documents\Project_CSE432-532\SER_Project\data\audio_speech_actors\Actor_15\03-01-03-01-01-02-15.wav
03-01-03-01-02-01-15.wav,audio-only,speech,happy,3,normal,Dogs are sitting by the door,1,15,male,C:\Users\rbk55\OneDrive\Documents\Project_CSE432-532\SER_Project\data\audio_speech_actors\Actor_15\03-01-03-01-02-01-15.wav
03-01-03-01-02-02-15.wav,audio-only,speech,happy,3,normal,Dogs are sitting by the door,2,15,male,C:\Users\rbk55\OneDrive\Documents\Project_CSE432-532\SER_Project\data\audio_speech_actors\Actor_15\03-01-03-01-02-02-15.wav
03-01-03-02-01-01-15.wav,audio-only,speech,happy,3,strong,Kids are talking by the door,1,15,male,C:\Users\rbk55\OneDrive\Documents\Project_CSE432-532\SER_Project\data\audio_speech_actors\Actor_15\03-01-03-02-01-01-15.wav
03-01-03-02-01-02-15.wav,audio-only,speech,happy,3,strong,Kids are talking by the door,2,15,male,C:\Users\rbk55\OneDrive\Documents\Project_CSE432-532\SER_Project\data\audio_speech_actors\Actor_15\03-01-03-02-01-02-15.wav
03-01-03-02-02-01-15.wav,audio-only,speech,happy,3,strong,Dogs are sitting by the door,1,15,male,C:\Users\rbk55\OneDrive\Documents\Project_CSE432-532\SER_Project\data\audio_speech_actors\Actor_15\03-01-03-02-02-01-15.wav
03-01-03-02-02-02-15.wav,audio-only,speech,happy,3,strong,Dogs are sitting by the door,2,15,male,C:\Users\rbk55\OneDrive\Documents\Project_CSE432-532\SER_Project\data\audio_speech_actors\Actor_15\03-01-03-02-02-02-15.wav
03-01-04-01-01-01-15.wav,audio-only,speech,sad,4,normal,Kids are talking by the door,1,15,male,C:\Users\rbk55\OneDrive\Documents\Project_CSE432-532\SER_Project\data\audio_speech_actors\Actor_15\03-01-04-01-01-01-15.wav
03-01-04-01-01-02-15.wav,audio-only,speech,sad,4,normal,Kids are talking by the door,2,15,male,C:\Users\rbk55\OneDrive\Documents\Project_CSE432-532\SER_Project\data\audio_speech_actors\Actor_15\03-01-04-01-01-02-15.wav
03-01-04-01-02-01-15.wav,audio-only,speech,sad,4,normal,Dogs are sitting by the door,1,15,male,C:\Users\rbk55\OneDrive\Documents\Project_CSE432-532\SER_Project\data\audio_speech_actors\Actor_15\03-01-04-01-02-01-15.wav
03-01-04-01-02-02-15.wav,audio-only,speech,sad,4,normal,Dogs are sitting by the door,2,15,male,C:\Users\rbk55\OneDrive\Documents\Project_CSE432-532\SER_Project\data\audio_speech_actors\Actor_15\03-01-04-01-02-02-15.wav
03-01-04-02-01-01-15.wav,audio-only,speech,sad,4,strong,Kids are talking by the door,1,15,male,C:\Users\rbk55\OneDrive\Documents\Project_CSE432-532\SER_Project\data\audio_speech_actors\Actor_15\03-01-04-02-01-01-15.wav
03-01-04-02-01-02-15.wav,audio-only,speech,sad,4,strong,Kids are talking by the door,2,15,male,C:\Users\rbk55\OneDrive\Documents\Project_CSE432-532\SER_Project\data\audio_speech_actors\Actor_15\03-01-04-02-01-02-15.wav
03-01-04-02-02-01-15.wav,audio-only,speech,sad,4,strong,Dogs are sitting by the door,1,15,male,C:\Users\rbk55\OneDrive\Documents\Project_CSE432-532\SER_Project\data\audio_speech_actors\Actor_15\03-01-04-02-02-01-15.wav
03-01-04-02-02-02-15.wav,audio-only,speech,sad,4,strong,Dogs are sitting by the door,2,15,male,C:\Users\rbk55\OneDrive\Documents\Project_CSE432-532\SER_Project\data\audio_speech_actors\Actor_15\03-01-04-02-02-02-15.wav
03-01-05-01-01-01-15.wav,audio-only,speech,angry,5,normal,Kids are talking by the door,1,15,male,C:\Users\rbk55\OneDrive\Documents\Project_CSE432-532\SER_Project\data\audio_speech_actors\Actor_15\03-01-05-01-01-01-15.wav
03-01-05-01-01-02-15.wav,audio-only,speech,angry,5,normal,Kids are talking by the door,2,15,male,C:\Users\rbk55\OneDrive\Documents\Project_CSE432-532\SER_Project\data\audio_speech_actors\Actor_15\03-01-05-01-01-02-15.wav
03-01-05-01-02-01-15.wav,audio-only,speech,angry,5,normal,Dogs are sitting by the door,1,15,male,C:\Users\rbk55\OneDrive\Documents\Project_CSE432-532\SER_Project\data\audio_speech_actors\Actor_15\03-01-05-01-02-01-15.wav
03-01-05-01-02-02-15.wav,audio-only,speech,angry,5,normal,Dogs are sitting by the door,2,15,male,C:\Users\rbk55\OneDrive\Documents\Project_CSE432-532\SER_Project\data\audio_speech_actors\Actor_15\03-01-05-01-02-02-15.wav
03-01-05-02-01-01-15.wav,audio-only,speech,angry,5,strong,Kids are talking by the door,1,15,male,C:\Users\rbk55\OneDrive\Documents\Project_CSE432-532\SER_Project\data\audio_speech_actors\Actor_15\03-01-05-02-01-01-15.wav
03-01-05-02-01-02-15.wav,audio-only,speech,angry,5,strong,Kids are talking by the door,2,15,male,C:\Users\rbk55\OneDrive\Documents\Project_CSE432-532\SER_Project\data\audio_speech_actors\Actor_15\03-01-05-02-01-02-15.wav
03-01-05-02-02-01-15.wav,audio-only,speech,angry,5,strong,Dogs are sitting by the door,1,15,male,C:\Users\rbk55\OneDrive\Documents\Project_CSE432-532\SER_Project\data\audio_speech_actors\Actor_15\03-01-05-02-02-01-15.wav
03-01-05-02-02-02-15.wav,audio-only,speech,angry,5,strong,Dogs are sitting by the door,2,15,male,C:\Users\rbk55\OneDrive\Documents\Project_CSE432-532\SER_Project\data\audio_speech_actors\Actor_15\03-01-05-02-02-02-15.wav
03-01-06-01-01-01-15.wav,audio-only,speech,fearful,6,normal,Kids are talking by the door,1,15,male,C:\Users\rbk55\OneDrive\Documents\Project_CSE432-532\SER_Project\data\audio_speech_actors\Actor_15\03-01-06-01-01-01-15.wav
03-01-06-01-01-02-15.wav,audio-only,speech,fearful,6,normal,Kids are talking by the door,2,15,male,C:\Users\rbk55\OneDrive\Documents\Project_CSE432-532\SER_Project\data\audio_speech_actors\Actor_15\03-01-06-01-01-02-15.wav
03-01-06-01-02-01-15.wav,audio-only,speech,fearful,6,normal,Dogs are sitting by the door,1,15,male,C:\Users\rbk55\OneDrive\Documents\Project_CSE432-532\SER_Project\data\audio_speech_actors\Actor_15\03-01-06-01-02-01-15.wav
03-01-06-01-02-02-15.wav,audio-only,speech,fearful,6,normal,Dogs are sitting by the door,2,15,male,C:\Users\rbk55\OneDrive\Documents\Project_CSE432-532\SER_Project\data\audio_speech_actors\Actor_15\03-01-06-01-02-02-15.wav
03-01-06-02-01-01-15.wav,audio-only,speech,fearful,6,strong,Kids are talking by the door,1,15,male,C:\Users\rbk55\OneDrive\Documents\Project_CSE432-532\SER_Project\data\audio_speech_actors\Actor_15\03-01-06-02-01-01-15.wav
03-01-06-02-01-02-15.wav,audio-only,speech,fearful,6,strong,Kids are talking by the door,2,15,male,C:\Users\rbk55\OneDrive\Documents\Project_CSE432-532\SER_Project\data\audio_speech_actors\Actor_15\03-01-06-02-01-02-15.wav
03-01-06-02-02-01-15.wav,audio-only,speech,fearful,6,strong,Dogs are sitting by the door,1,15,male,C:\Users\rbk55\OneDrive\Documents\Project_CSE432-532\SER_Project\data\audio_speech_actors\Actor_15\03-01-06-02-02-01-15.wav
03-01-06-02-02-02-15.wav,audio-only,speech,fearful,6,strong,Dogs are sitting by the door,2,15,male,C:\Users\rbk55\OneDrive\Documents\Project_CSE432-532\SER_Project\data\audio_speech_actors\Actor_15\03-01-06-02-02-02-15.wav
03-01-07-01-01-01-15.wav,audio-only,speech,disgust,7,normal,Kids are talking by the door,1,15,male,C:\Users\rbk55\OneDrive\Documents\Project_CSE432-532\SER_Project\data\audio_speech_actors\Actor_15\03-01-07-01-01-01-15.wav
03-01-07-01-01-02-15.wav,audio-only,speech,disgust,7,normal,Kids are talking by the door,2,15,male,C:\Users\rbk55\OneDrive\Documents\Project_CSE432-532\SER_Project\data\audio_speech_actors\Actor_15\03-01-07-01-01-02-15.wav
03-01-07-01-02-01-15.wav,audio-only,speech,disgust,7,normal,Dogs are sitting by the door,1,15,male,C:\Users\rbk55\OneDrive\Documents\Project_CSE432-532\SER_Project\data\audio_speech_actors\Actor_15\03-01-07-01-02-01-15.wav
03-01-07-01-02-02-15.wav,audio-only,speech,disgust,7,normal,Dogs are sitting by the door,2,15,male,C:\Users\rbk55\OneDrive\Documents\Project_CSE432-532\SER_Project\data\audio_speech_actors\Actor_15\03-01-07-01-02-02-15.wav
03-01-07-02-01-01-15.wav,audio-only,speech,disgust,7,strong,Kids are talking by the door,1,15,male,C:\Users\rbk55\OneDrive\Documents\Project_CSE432-532\SER_Project\data\audio_speech_actors\Actor_15\03-01-07-02-01-01-15.wav
03-01-07-02-01-02-15.wav,audio-only,speech,disgust,7,strong,Kids are talking by the door,2,15,male,C:\Users\rbk55\OneDrive\Documents\Project_CSE432-532\SER_Project\data\audio_speech_actors\Actor_15\03-01-07-02-01-02-15.wav
03-01-07-02-02-01-15.wav,audio-only,speech,disgust,7,strong,Dogs are sitting by the door,1,15,male,C:\Users\rbk55\OneDrive\Documents\Project_CSE432-532\SER_Project\data\audio_speech_actors\Actor_15\03-01-07-02-02-01-15.wav
03-01-07-02-02-02-15.wav,audio-only,speech,disgust,7,strong,Dogs are sitting by the door,2,15,male,C:\Users\rbk55\OneDrive\Documents\Project_CSE432-532\SER_Project\data\audio_speech_actors\Actor_15\03-01-07-02-02-02-15.wav
03-01-08-01-01-01-15.wav,audio-only,speech,surprised,8,normal,Kids are talking by the door,1,15,male,C:\Users\rbk55\OneDrive\Documents\Project_CSE432-532\SER_Project\data\audio_speech_actors\Actor_15\03-01-08-01-01-01-15.wav
03-01-08-01-01-02-15.wav,audio-only,speech,surprised,8,normal,Kids are talking by the door,2,15,male,C:\Users\rbk55\OneDrive\Documents\Project_CSE432-532\SER_Project\data\audio_speech_actors\Actor_15\03-01-08-01-01-02-15.wav
03-01-08-01-02-01-15.wav,audio-only,speech,surprised,8,normal,Dogs are sitting by the door,1,15,male,C:\Users\rbk55\OneDrive\Documents\Project_CSE432-532\SER_Project\data\audio_speech_actors\Actor_15\03-01-08-01-02-01-15.wav
03-01-08-01-02-02-15.wav,audio-only,speech,surprised,8,normal,Dogs are sitting by the door,2,15,male,C:\Users\rbk55\OneDrive\Documents\Project_CSE432-532\SER_Project\data\audio_speech_actors\Actor_15\03-01-08-01-02-02-15.wav
03-01-08-02-01-01-15.wav,audio-only,speech,surprised,8,strong,Kids are talking by the door,1,15,male,C:\Users\rbk55\OneDrive\Documents\Project_CSE432-532\SER_Project\data\audio_speech_actors\Actor_15\03-01-08-02-01-01-15.wav
03-01-08-02-01-02-15.wav,audio-only,speech,surprised,8,strong,Kids are talking by the door,2,15,male,C:\Users\rbk55\OneDrive\Documents\Project_CSE432-532\SER_Project\data\audio_speech_actors\Actor_15\03-01-08-02-01-02-15.wav
03-01-08-02-02-01-15.wav,audio-only,speech,surprised,8,strong,Dogs are sitting by the door,1,15,male,C:\Users\rbk55\OneDrive\Documents\Project_CSE432-532\SER_Project\data\audio_speech_actors\Actor_15\03-01-08-02-02-01-15.wav
03-01-08-02-02-02-15.wav,audio-only,speech,surprised,8,strong,Dogs are sitting by the door,2,15,male,C:\Users\rbk55\OneDrive\Documents\Project_CSE432-532\SER_Project\data\audio_speech_actors\Actor_15\03-01-08-02-02-02-15.wav
03-01-01-01-01-01-16.wav,audio-only,speech,neutral,1,normal,Kids are talking by the door,1,16,female,C:\Users\rbk55\OneDrive\Documents\Project_CSE432-532\SER_Project\data\audio_speech_actors\Actor_16\03-01-01-01-01-01-16.wav
03-01-01-01-01-02-16.wav,audio-only,speech,neutral,1,normal,Kids are talking by the door,2,16,female,C:\Users\rbk55\OneDrive\Documents\Project_CSE432-532\SER_Project\data\audio_speech_actors\Actor_16\03-01-01-01-01-02-16.wav
03-01-01-01-02-01-16.wav,audio-only,speech,neutral,1,normal,Dogs are sitting by the door,1,16,female,C:\Users\rbk55\OneDrive\Documents\Project_CSE432-532\SER_Project\data\audio_speech_actors\Actor_16\03-01-01-01-02-01-16.wav
03-01-01-01-02-02-16.wav,audio-only,speech,neutral,1,normal,Dogs are sitting by the door,2,16,female,C:\Users\rbk55\OneDrive\Documents\Project_CSE432-532\SER_Project\data\audio_speech_actors\Actor_16\03-01-01-01-02-02-16.wav
03-01-02-01-01-01-16.wav,audio-only,speech,calm,2,normal,Kids are talking by the door,1,16,female,C:\Users\rbk55\OneDrive\Documents\Project_CSE432-532\SER_Project\data\audio_speech_actors\Actor_16\03-01-02-01-01-01-16.wav
03-01-02-01-01-02-16.wav,audio-only,speech,calm,2,normal,Kids are talking by the door,2,16,female,C:\Users\rbk55\OneDrive\Documents\Project_CSE432-532\SER_Project\data\audio_speech_actors\Actor_16\03-01-02-01-01-02-16.wav
03-01-02-01-02-01-16.wav,audio-only,speech,calm,2,normal,Dogs are sitting by the door,1,16,female,C:\Users\rbk55\OneDrive\Documents\Project_CSE432-532\SER_Project\data\audio_speech_actors\Actor_16\03-01-02-01-02-01-16.wav
03-01-02-01-02-02-16.wav,audio-only,speech,calm,2,normal,Dogs are sitting by the door,2,16,female,C:\Users\rbk55\OneDrive\Documents\Project_CSE432-532\SER_Project\data\audio_speech_actors\Actor_16\03-01-02-01-02-02-16.wav
03-01-02-02-01-01-16.wav,audio-only,speech,calm,2,strong,Kids are talking by the door,1,16,female,C:\Users\rbk55\OneDrive\Documents\Project_CSE432-532\SER_Project\data\audio_speech_actors\Actor_16\03-01-02-02-01-01-16.wav
03-01-02-02-01-02-16.wav,audio-only,speech,calm,2,strong,Kids are talking by the door,2,16,female,C:\Users\rbk55\OneDrive\Documents\Project_CSE432-532\SER_Project\data\audio_speech_actors\Actor_16\03-01-02-02-01-02-16.wav
03-01-02-02-02-01-16.wav,audio-only,speech,calm,2,strong,Dogs are sitting by the door,1,16,female,C:\Users\rbk55\OneDrive\Documents\Project_CSE432-532\SER_Project\data\audio_speech_actors\Actor_16\03-01-02-02-02-01-16.wav
03-01-02-02-02-02-16.wav,audio-only,speech,calm,2,strong,Dogs are sitting by the door,2,16,female,C:\Users\rbk55\OneDrive\Documents\Project_CSE432-532\SER_Project\data\audio_speech_actors\Actor_16\03-01-02-02-02-02-16.wav
03-01-03-01-01-01-16.wav,audio-only,speech,happy,3,normal,Kids are talking by the door,1,16,female,C:\Users\rbk55\OneDrive\Documents\Project_CSE432-532\SER_Project\data\audio_speech_actors\Actor_16\03-01-03-01-01-01-16.wav
03-01-03-01-01-02-16.wav,audio-only,speech,happy,3,normal,Kids are talking by the door,2,16,female,C:\Users\rbk55\OneDrive\Documents\Project_CSE432-532\SER_Project\data\audio_speech_actors\Actor_16\03-01-03-01-01-02-16.wav
03-01-03-01-02-01-16.wav,audio-only,speech,happy,3,normal,Dogs are sitting by the door,1,16,female,C:\Users\rbk55\OneDrive\Documents\Project_CSE432-532\SER_Project\data\audio_speech_actors\Actor_16\03-01-03-01-02-01-16.wav
03-01-03-01-02-02-16.wav,audio-only,speech,happy,3,normal,Dogs are sitting by the door,2,16,female,C:\Users\rbk55\OneDrive\Documents\Project_CSE432-532\SER_Project\data\audio_speech_actors\Actor_16\03-01-03-01-02-02-16.wav
03-01-03-02-01-01-16.wav,audio-only,speech,happy,3,strong,Kids are talking by the door,1,16,female,C:\Users\rbk55\OneDrive\Documents\Project_CSE432-532\SER_Project\data\audio_speech_actors\Actor_16\03-01-03-02-01-01-16.wav
03-01-03-02-01-02-16.wav,audio-only,speech,happy,3,strong,Kids are talking by the door,2,16,female,C:\Users\rbk55\OneDrive\Documents\Project_CSE432-532\SER_Project\data\audio_speech_actors\Actor_16\03-01-03-02-01-02-16.wav
03-01-03-02-02-01-16.wav,audio-only,speech,happy,3,strong,Dogs are sitting by the door,1,16,female,C:\Users\rbk55\OneDrive\Documents\Project_CSE432-532\SER_Project\data\audio_speech_actors\Actor_16\03-01-03-02-02-01-16.wav
03-01-03-02-02-02-16.wav,audio-only,speech,happy,3,strong,Dogs are sitting by the door,2,16,female,C:\Users\rbk55\OneDrive\Documents\Project_CSE432-532\SER_Project\data\audio_speech_actors\Actor_16\03-01-03-02-02-02-16.wav
03-01-04-01-01-01-16.wav,audio-only,speech,sad,4,normal,Kids are talking by the door,1,16,female,C:\Users\rbk55\OneDrive\Documents\Project_CSE432-532\SER_Project\data\audio_speech_actors\Actor_16\03-01-04-01-01-01-16.wav
03-01-04-01-01-02-16.wav,audio-only,speech,sad,4,normal,Kids are talking by the door,2,16,female,C:\Users\rbk55\OneDrive\Documents\Project_CSE432-532\SER_Project\data\audio_speech_actors\Actor_16\03-01-04-01-01-02-16.wav
03-01-04-01-02-01-16.wav,audio-only,speech,sad,4,normal,Dogs are sitting by the door,1,16,female,C:\Users\rbk55\OneDrive\Documents\Project_CSE432-532\SER_Project\data\audio_speech_actors\Actor_16\03-01-04-01-02-01-16.wav
03-01-04-01-02-02-16.wav,audio-only,speech,sad,4,normal,Dogs are sitting by the door,2,16,female,C:\Users\rbk55\OneDrive\Documents\Project_CSE432-532\SER_Project\data\audio_speech_actors\Actor_16\03-01-04-01-02-02-16.wav
03-01-04-02-01-01-16.wav,audio-only,speech,sad,4,strong,Kids are talking by the door,1,16,female,C:\Users\rbk55\OneDrive\Documents\Project_CSE432-532\SER_Project\data\audio_speech_actors\Actor_16\03-01-04-02-01-01-16.wav
03-01-04-02-01-02-16.wav,audio-only,speech,sad,4,strong,Kids are talking by the door,2,16,female,C:\Users\rbk55\OneDrive\Documents\Project_CSE432-532\SER_Project\data\audio_speech_actors\Actor_16\03-01-04-02-01-02-16.wav
03-01-04-02-02-01-16.wav,audio-only,speech,sad,4,strong,Dogs are sitting by the door,1,16,female,C:\Users\rbk55\OneDrive\Documents\Project_CSE432-532\SER_Project\data\audio_speech_actors\Actor_16\03-01-04-02-02-01-16.wav
03-01-04-02-02-02-16.wav,audio-only,speech,sad,4,strong,Dogs are sitting by the door,2,16,female,C:\Users\rbk55\OneDrive\Documents\Project_CSE432-532\SER_Project\data\audio_speech_actors\Actor_16\03-01-04-02-02-02-16.wav
03-01-05-01-01-01-16.wav,audio-only,speech,angry,5,normal,Kids are talking by the door,1,16,female,C:\Users\rbk55\OneDrive\Documents\Project_CSE432-532\SER_Project\data\audio_speech_actors\Actor_16\03-01-05-01-01-01-16.wav
03-01-05-01-01-02-16.wav,audio-only,speech,angry,5,normal,Kids are talking by the door,2,16,female,C:\Users\rbk55\OneDrive\Documents\Project_CSE432-532\SER_Project\data\audio_speech_actors\Actor_16\03-01-05-01-01-02-16.wav
03-01-05-01-02-01-16.wav,audio-only,speech,angry,5,normal,Dogs are sitting by the door,1,16,female,C:\Users\rbk55\OneDrive\Documents\Project_CSE432-532\SER_Project\data\audio_speech_actors\Actor_16\03-01-05-01-02-01-16.wav
03-01-05-01-02-02-16.wav,audio-only,speech,angry,5,normal,Dogs are sitting by the door,2,16,female,C:\Users\rbk55\OneDrive\Documents\Project_CSE432-532\SER_Project\data\audio_speech_actors\Actor_16\03-01-05-01-02-02-16.wav
03-01-05-02-01-01-16.wav,audio-only,speech,angry,5,strong,Kids are talking by the door,1,16,female,C:\Users\rbk55\OneDrive\Documents\Project_CSE432-532\SER_Project\data\audio_speech_actors\Actor_16\03-01-05-02-01-01-16.wav
03-01-05-02-01-02-16.wav,audio-only,speech,angry,5,strong,Kids are talking by the door,2,16,female,C:\Users\rbk55\OneDrive\Documents\Project_CSE432-532\SER_Project\data\audio_speech_actors\Actor_16\03-01-05-02-01-02-16.wav
03-01-05-02-02-01-16.wav,audio-only,speech,angry,5,strong,Dogs are sitting by the door,1,16,female,C:\Users\rbk55\OneDrive\Documents\Project_CSE432-532\SER_Project\data\audio_speech_actors\Actor_16\03-01-05-02-02-01-16.wav
03-01-05-02-02-02-16.wav,audio-only,speech,angry,5,strong,Dogs are sitting by the door,2,16,female,C:\Users\rbk55\OneDrive\Documents\Project_CSE432-532\SER_Project\data\audio_speech_actors\Actor_16\03-01-05-02-02-02-16.wav
03-01-06-01-01-01-16.wav,audio-only,speech,fearful,6,normal,Kids are talking by the door,1,16,female,C:\Users\rbk55\OneDrive\Documents\Project_CSE432-532\SER_Project\data\audio_speech_actors\Actor_16\03-01-06-01-01-01-16.wav
03-01-06-01-01-02-16.wav,audio-only,speech,fearful,6,normal,Kids are talking by the door,2,16,female,C:\Users\rbk55\OneDrive\Documents\Project_CSE432-532\SER_Project\data\audio_speech_actors\Actor_16\03-01-06-01-01-02-16.wav
03-01-06-01-02-01-16.wav,audio-only,speech,fearful,6,normal,Dogs are sitting by the door,1,16,female,C:\Users\rbk55\OneDrive\Documents\Project_CSE432-532\SER_Project\data\audio_speech_actors\Actor_16\03-01-06-01-02-01-16.wav
03-01-06-01-02-02-16.wav,audio-only,speech,fearful,6,normal,Dogs are sitting by the door,2,16,female,C:\Users\rbk55\OneDrive\Documents\Project_CSE432-532\SER_Project\data\audio_speech_actors\Actor_16\03-01-06-01-02-02-16.wav
03-01-06-02-01-01-16.wav,audio-only,speech,fearful,6,strong,Kids are talking by the door,1,16,female,C:\Users\rbk55\OneDrive\Documents\Project_CSE432-532\SER_Project\data\audio_speech_actors\Actor_16\03-01-06-02-01-01-16.wav
03-01-06-02-01-02-16.wav,audio-only,speech,fearful,6,strong,Kids are talking by the door,2,16,female,C:\Users\rbk55\OneDrive\Documents\Project_CSE432-532\SER_Project\data\audio_speech_actors\Actor_16\03-01-06-02-01-02-16.wav
03-01-06-02-02-01-16.wav,audio-only,speech,fearful,6,strong,Dogs are sitting by the door,1,16,female,C:\Users\rbk55\OneDrive\Documents\Project_CSE432-532\SER_Project\data\audio_speech_actors\Actor_16\03-01-06-02-02-01-16.wav
03-01-06-02-02-02-16.wav,audio-only,speech,fearful,6,strong,Dogs are sitting by the door,2,16,female,C:\Users\rbk55\OneDrive\Documents\Project_CSE432-532\SER_Project\data\audio_speech_actors\Actor_16\03-01-06-02-02-02-16.wav
03-01-07-01-01-01-16.wav,audio-only,speech,disgust,7,normal,Kids are talking by the door,1,16,female,C:\Users\rbk55\OneDrive\Documents\Project_CSE432-532\SER_Project\data\audio_speech_actors\Actor_16\03-01-07-01-01-01-16.wav
03-01-07-01-01-02-16.wav,audio-only,speech,disgust,7,normal,Kids are talking by the door,2,16,female,C:\Users\rbk55\OneDrive\Documents\Project_CSE432-532\SER_Project\data\audio_speech_actors\Actor_16\03-01-07-01-01-02-16.wav
03-01-07-01-02-01-16.wav,audio-only,speech,disgust,7,normal,Dogs are sitting by the door,1,16,female,C:\Users\rbk55\OneDrive\Documents\Project_CSE432-532\SER_Project\data\audio_speech_actors\Actor_16\03-01-07-01-02-01-16.wav
03-01-07-01-02-02-16.wav,audio-only,speech,disgust,7,normal,Dogs are sitting by the door,2,16,female,C:\Users\rbk55\OneDrive\Documents\Project_CSE432-532\SER_Project\data\audio_speech_actors\Actor_16\03-01-07-01-02-02-16.wav
03-01-07-02-01-01-16.wav,audio-only,speech,disgust,7,strong,Kids are talking by the door,1,16,female,C:\Users\rbk55\OneDrive\Documents\Project_CSE432-532\SER_Project\data\audio_speech_actors\Actor_16\03-01-07-02-01-01-16.wav
03-01-07-02-01-02-16.wav,audio-only,speech,disgust,7,strong,Kids are talking by the door,2,16,female,C:\Users\rbk55\OneDrive\Documents\Project_CSE432-532\SER_Project\data\audio_speech_actors\Actor_16\03-01-07-02-01-02-16.wav
03-01-07-02-02-01-16.wav,audio-only,speech,disgust,7,strong,Dogs are sitting by the door,1,16,female,C:\Users\rbk55\OneDrive\Documents\Project_CSE432-532\SER_Project\data\audio_speech_actors\Actor_16\03-01-07-02-02-01-16.wav
03-01-07-02-02-02-16.wav,audio-only,speech,disgust,7,strong,Dogs are sitting by the door,2,16,female,C:\Users\rbk55\OneDrive\Documents\Project_CSE432-532\SER_Project\data\audio_speech_actors\Actor_16\03-01-07-02-02-02-16.wav
03-01-08-01-01-01-16.wav,audio-only,speech,surprised,8,normal,Kids are talking by the door,1,16,female,C:\Users\rbk55\OneDrive\Documents\Project_CSE432-532\SER_Project\data\audio_speech_actors\Actor_16\03-01-08-01-01-01-16.wav
03-01-08-01-01-02-16.wav,audio-only,speech,surprised,8,normal,Kids are talking by the door,2,16,female,C:\Users\rbk55\OneDrive\Documents\Project_CSE432-532\SER_Project\data\audio_speech_actors\Actor_16\03-01-08-01-01-02-16.wav
03-01-08-01-02-01-16.wav,audio-only,speech,surprised,8,normal,Dogs are sitting by the door,1,16,female,C:\Users\rbk55\OneDrive\Documents\Project_CSE432-532\SER_Project\data\audio_speech_actors\Actor_16\03-01-08-01-02-01-16.wav
03-01-08-01-02-02-16.wav,audio-only,speech,surprised,8,normal,Dogs are sitting by the door,2,16,female,C:\Users\rbk55\OneDrive\Documents\Project_CSE432-532\SER_Project\data\audio_speech_actors\Actor_16\03-01-08-01-02-02-16.wav
03-01-08-02-01-01-16.wav,audio-only,speech,surprised,8,strong,Kids are talking by the door,1,16,female,C:\Users\rbk55\OneDrive\Documents\Project_CSE432-532\SER_Project\data\audio_speech_actors\Actor_16\03-01-08-02-01-01-16.wav
03-01-08-02-01-02-16.wav,audio-only,speech,surprised,8,strong,Kids are talking by the door,2,16,female,C:\Users\rbk55\OneDrive\Documents\Project_CSE432-532\SER_Project\data\audio_speech_actors\Actor_16\03-01-08-02-01-02-16.wav
03-01-08-02-02-01-16.wav,audio-only,speech,surprised,8,strong,Dogs are sitting by the door,1,16,female,C:\Users\rbk55\OneDrive\Documents\Project_CSE432-532\SER_Project\data\audio_speech_actors\Actor_16\03-01-08-02-02-01-16.wav
03-01-08-02-02-02-16.wav,audio-only,speech,surprised,8,strong,Dogs are sitting by the door,2,16,female,C:\Users\rbk55\OneDrive\Documents\Project_CSE432-532\SER_Project\data\audio_speech_actors\Actor_16\03-01-08-02-02-02-16.wav
03-01-01-01-01-01-17.wav,audio-only,speech,neutral,1,normal,Kids are talking by the door,1,17,male,C:\Users\rbk55\OneDrive\Documents\Project_CSE432-532\SER_Project\data\audio_speech_actors\Actor_17\03-01-01-01-01-01-17.wav
03-01-01-01-01-02-17.wav,audio-only,speech,neutral,1,normal,Kids are talking by the door,2,17,male,C:\Users\rbk55\OneDrive\Documents\Project_CSE432-532\SER_Project\data\audio_speech_actors\Actor_17\03-01-01-01-01-02-17.wav
03-01-01-01-02-01-17.wav,audio-only,speech,neutral,1,normal,Dogs are sitting by the door,1,17,male,C:\Users\rbk55\OneDrive\Documents\Project_CSE432-532\SER_Project\data\audio_speech_actors\Actor_17\03-01-01-01-02-01-17.wav
03-01-01-01-02-02-17.wav,audio-only,speech,neutral,1,normal,Dogs are sitting by the door,2,17,male,C:\Users\rbk55\OneDrive\Documents\Project_CSE432-532\SER_Project\data\audio_speech_actors\Actor_17\03-01-01-01-02-02-17.wav
03-01-02-01-01-01-17.wav,audio-only,speech,calm,2,normal,Kids are talking by the door,1,17,male,C:\Users\rbk55\OneDrive\Documents\Project_CSE432-532\SER_Project\data\audio_speech_actors\Actor_17\03-01-02-01-01-01-17.wav
03-01-02-01-01-02-17.wav,audio-only,speech,calm,2,normal,Kids are talking by the door,2,17,male,C:\Users\rbk55\OneDrive\Documents\Project_CSE432-532\SER_Project\data\audio_speech_actors\Actor_17\03-01-02-01-01-02-17.wav
03-01-02-01-02-01-17.wav,audio-only,speech,calm,2,normal,Dogs are sitting by the door,1,17,male,C:\Users\rbk55\OneDrive\Documents\Project_CSE432-532\SER_Project\data\audio_speech_actors\Actor_17\03-01-02-01-02-01-17.wav
03-01-02-01-02-02-17.wav,audio-only,speech,calm,2,normal,Dogs are sitting by the door,2,17,male,C:\Users\rbk55\OneDrive\Documents\Project_CSE432-532\SER_Project\data\audio_speech_actors\Actor_17\03-01-02-01-02-02-17.wav
03-01-02-02-01-01-17.wav,audio-only,speech,calm,2,strong,Kids are talking by the door,1,17,male,C:\Users\rbk55\OneDrive\Documents\Project_CSE432-532\SER_Project\data\audio_speech_actors\Actor_17\03-01-02-02-01-01-17.wav
03-01-02-02-01-02-17.wav,audio-only,speech,calm,2,strong,Kids are talking by the door,2,17,male,C:\Users\rbk55\OneDrive\Documents\Project_CSE432-532\SER_Project\data\audio_speech_actors\Actor_17\03-01-02-02-01-02-17.wav
03-01-02-02-02-01-17.wav,audio-only,speech,calm,2,strong,Dogs are sitting by the door,1,17,male,C:\Users\rbk55\OneDrive\Documents\Project_CSE432-532\SER_Project\data\audio_speech_actors\Actor_17\03-01-02-02-02-01-17.wav
03-01-02-02-02-02-17.wav,audio-only,speech,calm,2,strong,Dogs are sitting by the door,2,17,male,C:\Users\rbk55\OneDrive\Documents\Project_CSE432-532\SER_Project\data\audio_speech_actors\Actor_17\03-01-02-02-02-02-17.wav
03-01-03-01-01-01-17.wav,audio-only,speech,happy,3,normal,Kids are talking by the door,1,17,male,C:\Users\rbk55\OneDrive\Documents\Project_CSE432-532\SER_Project\data\audio_speech_actors\Actor_17\03-01-03-01-01-01-17.wav
03-01-03-01-01-02-17.wav,audio-only,speech,happy,3,normal,Kids are talking by the door,2,17,male,C:\Users\rbk55\OneDrive\Documents\Project_CSE432-532\SER_Project\data\audio_speech_actors\Actor_17\03-01-03-01-01-02-17.wav
03-01-03-01-02-01-17.wav,audio-only,speech,happy,3,normal,Dogs are sitting by the door,1,17,male,C:\Users\rbk55\OneDrive\Documents\Project_CSE432-532\SER_Project\data\audio_speech_actors\Actor_17\03-01-03-01-02-01-17.wav
03-01-03-01-02-02-17.wav,audio-only,speech,happy,3,normal,Dogs are sitting by the door,2,17,male,C:\Users\rbk55\OneDrive\Documents\Project_CSE432-532\SER_Project\data\audio_speech_actors\Actor_17\03-01-03-01-02-02-17.wav
03-01-03-02-01-01-17.wav,audio-only,speech,happy,3,strong,Kids are talking by the door,1,17,male,C:\Users\rbk55\OneDrive\Documents\Project_CSE432-532\SER_Project\data\audio_speech_actors\Actor_17\03-01-03-02-01-01-17.wav
03-01-03-02-01-02-17.wav,audio-only,speech,happy,3,strong,Kids are talking by the door,2,17,male,C:\Users\rbk55\OneDrive\Documents\Project_CSE432-532\SER_Project\data\audio_speech_actors\Actor_17\03-01-03-02-01-02-17.wav
03-01-03-02-02-01-17.wav,audio-only,speech,happy,3,strong,Dogs are sitting by the door,1,17,male,C:\Users\rbk55\OneDrive\Documents\Project_CSE432-532\SER_Project\data\audio_speech_actors\Actor_17\03-01-03-02-02-01-17.wav
03-01-03-02-02-02-17.wav,audio-only,speech,happy,3,strong,Dogs are sitting by the door,2,17,male,C:\Users\rbk55\OneDrive\Documents\Project_CSE432-532\SER_Project\data\audio_speech_actors\Actor_17\03-01-03-02-02-02-17.wav
03-01-04-01-01-01-17.wav,audio-only,speech,sad,4,normal,Kids are talking by the door,1,17,male,C:\Users\rbk55\OneDrive\Documents\Project_CSE432-532\SER_Project\data\audio_speech_actors\Actor_17\03-01-04-01-01-01-17.wav
03-01-04-01-01-02-17.wav,audio-only,speech,sad,4,normal,Kids are talking by the door,2,17,male,C:\Users\rbk55\OneDrive\Documents\Project_CSE432-532\SER_Project\data\audio_speech_actors\Actor_17\03-01-04-01-01-02-17.wav
03-01-04-01-02-01-17.wav,audio-only,speech,sad,4,normal,Dogs are sitting by the door,1,17,male,C:\Users\rbk55\OneDrive\Documents\Project_CSE432-532\SER_Project\data\audio_speech_actors\Actor_17\03-01-04-01-02-01-17.wav
03-01-04-01-02-02-17.wav,audio-only,speech,sad,4,normal,Dogs are sitting by the door,2,17,male,C:\Users\rbk55\OneDrive\Documents\Project_CSE432-532\SER_Project\data\audio_speech_actors\Actor_17\03-01-04-01-02-02-17.wav
03-01-04-02-01-01-17.wav,audio-only,speech,sad,4,strong,Kids are talking by the door,1,17,male,C:\Users\rbk55\OneDrive\Documents\Project_CSE432-532\SER_Project\data\audio_speech_actors\Actor_17\03-01-04-02-01-01-17.wav
03-01-04-02-01-02-17.wav,audio-only,speech,sad,4,strong,Kids are talking by the door,2,17,male,C:\Users\rbk55\OneDrive\Documents\Project_CSE432-532\SER_Project\data\audio_speech_actors\Actor_17\03-01-04-02-01-02-17.wav
03-01-04-02-02-01-17.wav,audio-only,speech,sad,4,strong,Dogs are sitting by the door,1,17,male,C:\Users\rbk55\OneDrive\Documents\Project_CSE432-532\SER_Project\data\audio_speech_actors\Actor_17\03-01-04-02-02-01-17.wav
03-01-04-02-02-02-17.wav,audio-only,speech,sad,4,strong,Dogs are sitting by the door,2,17,male,C:\Users\rbk55\OneDrive\Documents\Project_CSE432-532\SER_Project\data\audio_speech_actors\Actor_17\03-01-04-02-02-02-17.wav
03-01-05-01-01-01-17.wav,audio-only,speech,angry,5,normal,Kids are talking by the door,1,17,male,C:\Users\rbk55\OneDrive\Documents\Project_CSE432-532\SER_Project\data\audio_speech_actors\Actor_17\03-01-05-01-01-01-17.wav
03-01-05-01-01-02-17.wav,audio-only,speech,angry,5,normal,Kids are talking by the door,2,17,male,C:\Users\rbk55\OneDrive\Documents\Project_CSE432-532\SER_Project\data\audio_speech_actors\Actor_17\03-01-05-01-01-02-17.wav
03-01-05-01-02-01-17.wav,audio-only,speech,angry,5,normal,Dogs are sitting by the door,1,17,male,C:\Users\rbk55\OneDrive\Documents\Project_CSE432-532\SER_Project\data\audio_speech_actors\Actor_17\03-01-05-01-02-01-17.wav
03-01-05-01-02-02-17.wav,audio-only,speech,angry,5,normal,Dogs are sitting by the door,2,17,male,C:\Users\rbk55\OneDrive\Documents\Project_CSE432-532\SER_Project\data\audio_speech_actors\Actor_17\03-01-05-01-02-02-17.wav
03-01-05-02-01-01-17.wav,audio-only,speech,angry,5,strong,Kids are talking by the door,1,17,male,C:\Users\rbk55\OneDrive\Documents\Project_CSE432-532\SER_Project\data\audio_speech_actors\Actor_17\03-01-05-02-01-01-17.wav
03-01-05-02-01-02-17.wav,audio-only,speech,angry,5,strong,Kids are talking by the door,2,17,male,C:\Users\rbk55\OneDrive\Documents\Project_CSE432-532\SER_Project\data\audio_speech_actors\Actor_17\03-01-05-02-01-02-17.wav
03-01-05-02-02-01-17.wav,audio-only,speech,angry,5,strong,Dogs are sitting by the door,1,17,male,C:\Users\rbk55\OneDrive\Documents\Project_CSE432-532\SER_Project\data\audio_speech_actors\Actor_17\03-01-05-02-02-01-17.wav
03-01-05-02-02-02-17.wav,audio-only,speech,angry,5,strong,Dogs are sitting by the door,2,17,male,C:\Users\rbk55\OneDrive\Documents\Project_CSE432-532\SER_Project\data\audio_speech_actors\Actor_17\03-01-05-02-02-02-17.wav
03-01-06-01-01-01-17.wav,audio-only,speech,fearful,6,normal,Kids are talking by the door,1,17,male,C:\Users\rbk55\OneDrive\Documents\Project_CSE432-532\SER_Project\data\audio_speech_actors\Actor_17\03-01-06-01-01-01-17.wav
03-01-06-01-01-02-17.wav,audio-only,speech,fearful,6,normal,Kids are talking by the door,2,17,male,C:\Users\rbk55\OneDrive\Documents\Project_CSE432-532\SER_Project\data\audio_speech_actors\Actor_17\03-01-06-01-01-02-17.wav
03-01-06-01-02-01-17.wav,audio-only,speech,fearful,6,normal,Dogs are sitting by the door,1,17,male,C:\Users\rbk55\OneDrive\Documents\Project_CSE432-532\SER_Project\data\audio_speech_actors\Actor_17\03-01-06-01-02-01-17.wav
03-01-06-01-02-02-17.wav,audio-only,speech,fearful,6,normal,Dogs are sitting by the door,2,17,male,C:\Users\rbk55\OneDrive\Documents\Project_CSE432-532\SER_Project\data\audio_speech_actors\Actor_17\03-01-06-01-02-02-17.wav
03-01-06-02-01-01-17.wav,audio-only,speech,fearful,6,strong,Kids are talking by the door,1,17,male,C:\Users\rbk55\OneDrive\Documents\Project_CSE432-532\SER_Project\data\audio_speech_actors\Actor_17\03-01-06-02-01-01-17.wav
03-01-06-02-01-02-17.wav,audio-only,speech,fearful,6,strong,Kids are talking by the door,2,17,male,C:\Users\rbk55\OneDrive\Documents\Project_CSE432-532\SER_Project\data\audio_speech_actors\Actor_17\03-01-06-02-01-02-17.wav
03-01-06-02-02-01-17.wav,audio-only,speech,fearful,6,strong,Dogs are sitting by the door,1,17,male,C:\Users\rbk55\OneDrive\Documents\Project_CSE432-532\SER_Project\data\audio_speech_actors\Actor_17\03-01-06-02-02-01-17.wav
03-01-06-02-02-02-17.wav,audio-only,speech,fearful,6,strong,Dogs are sitting by the door,2,17,male,C:\Users\rbk55\OneDrive\Documents\Project_CSE432-532\SER_Project\data\audio_speech_actors\Actor_17\03-01-06-02-02-02-17.wav
03-01-07-01-01-01-17.wav,audio-only,speech,disgust,7,normal,Kids are talking by the door,1,17,male,C:\Users\rbk55\OneDrive\Documents\Project_CSE432-532\SER_Project\data\audio_speech_actors\Actor_17\03-01-07-01-01-01-17.wav
03-01-07-01-01-02-17.wav,audio-only,speech,disgust,7,normal,Kids are talking by the door,2,17,male,C:\Users\rbk55\OneDrive\Documents\Project_CSE432-532\SER_Project\data\audio_speech_actors\Actor_17\03-01-07-01-01-02-17.wav
03-01-07-01-02-01-17.wav,audio-only,speech,disgust,7,normal,Dogs are sitting by the door,1,17,male,C:\Users\rbk55\OneDrive\Documents\Project_CSE432-532\SER_Project\data\audio_speech_actors\Actor_17\03-01-07-01-02-01-17.wav
03-01-07-01-02-02-17.wav,audio-only,speech,disgust,7,normal,Dogs are sitting by the door,2,17,male,C:\Users\rbk55\OneDrive\Documents\Project_CSE432-532\SER_Project\data\audio_speech_actors\Actor_17\03-01-07-01-02-02-17.wav
03-01-07-02-01-01-17.wav,audio-only,speech,disgust,7,strong,Kids are talking by the door,1,17,male,C:\Users\rbk55\OneDrive\Documents\Project_CSE432-532\SER_Project\data\audio_speech_actors\Actor_17\03-01-07-02-01-01-17.wav
03-01-07-02-01-02-17.wav,audio-only,speech,disgust,7,strong,Kids are talking by the door,2,17,male,C:\Users\rbk55\OneDrive\Documents\Project_CSE432-532\SER_Project\data\audio_speech_actors\Actor_17\03-01-07-02-01-02-17.wav
03-01-07-02-02-01-17.wav,audio-only,speech,disgust,7,strong,Dogs are sitting by the door,1,17,male,C:\Users\rbk55\OneDrive\Documents\Project_CSE432-532\SER_Project\data\audio_speech_actors\Actor_17\03-01-07-02-02-01-17.wav
03-01-07-02-02-02-17.wav,audio-only,speech,disgust,7,strong,Dogs are sitting by the door,2,17,male,C:\Users\rbk55\OneDrive\Documents\Project_CSE432-532\SER_Project\data\audio_speech_actors\Actor_17\03-01-07-02-02-02-17.wav
03-01-08-01-01-01-17.wav,audio-only,speech,surprised,8,normal,Kids are talking by the door,1,17,male,C:\Users\rbk55\OneDrive\Documents\Project_CSE432-532\SER_Project\data\audio_speech_actors\Actor_17\03-01-08-01-01-01-17.wav
03-01-08-01-01-02-17.wav,audio-only,speech,surprised,8,normal,Kids are talking by the door,2,17,male,C:\Users\rbk55\OneDrive\Documents\Project_CSE432-532\SER_Project\data\audio_speech_actors\Actor_17\03-01-08-01-01-02-17.wav
03-01-08-01-02-01-17.wav,audio-only,speech,surprised,8,normal,Dogs are sitting by the door,1,17,male,C:\Users\rbk55\OneDrive\Documents\Project_CSE432-532\SER_Project\data\audio_speech_actors\Actor_17\03-01-08-01-02-01-17.wav
03-01-08-01-02-02-17.wav,audio-only,speech,surprised,8,normal,Dogs are sitting by the door,2,17,male,C:\Users\rbk55\OneDrive\Documents\Project_CSE432-532\SER_Project\data\audio_speech_actors\Actor_17\03-01-08-01-02-02-17.wav
03-01-08-02-01-01-17.wav,audio-only,speech,surprised,8,strong,Kids are talking by the door,1,17,male,C:\Users\rbk55\OneDrive\Documents\Project_CSE432-532\SER_Project\data\audio_speech_actors\Actor_17\03-01-08-02-01-01-17.wav
03-01-08-02-01-02-17.wav,audio-only,speech,surprised,8,strong,Kids are talking by the door,2,17,male,C:\Users\rbk55\OneDrive\Documents\Project_CSE432-532\SER_Project\data\audio_speech_actors\Actor_17\03-01-08-02-01-02-17.wav
03-01-08-02-02-01-17.wav,audio-only,speech,surprised,8,strong,Dogs are sitting by the door,1,17,male,C:\Users\rbk55\OneDrive\Documents\Project_CSE432-532\SER_Project\data\audio_speech_actors\Actor_17\03-01-08-02-02-01-17.wav
03-01-08-02-02-02-17.wav,audio-only,speech,surprised,8,strong,Dogs are sitting by the door,2,17,male,C:\Users\rbk55\OneDrive\Documents\Project_CSE432-532\SER_Project\data\audio_speech_actors\Actor_17\03-01-08-02-02-02-17.wav
03-01-01-01-01-01-18.wav,audio-only,speech,neutral,1,normal,Kids are talking by the door,1,18,female,C:\Users\rbk55\OneDrive\Documents\Project_CSE432-532\SER_Project\data\audio_speech_actors\Actor_18\03-01-01-01-01-01-18.wav
03-01-01-01-01-02-18.wav,audio-only,speech,neutral,1,normal,Kids are talking by the door,2,18,female,C:\Users\rbk55\OneDrive\Documents\Project_CSE432-532\SER_Project\data\audio_speech_actors\Actor_18\03-01-01-01-01-02-18.wav
03-01-01-01-02-01-18.wav,audio-only,speech,neutral,1,normal,Dogs are sitting by the door,1,18,female,C:\Users\rbk55\OneDrive\Documents\Project_CSE432-532\SER_Project\data\audio_speech_actors\Actor_18\03-01-01-01-02-01-18.wav
03-01-01-01-02-02-18.wav,audio-only,speech,neutral,1,normal,Dogs are sitting by the door,2,18,female,C:\Users\rbk55\OneDrive\Documents\Project_CSE432-532\SER_Project\data\audio_speech_actors\Actor_18\03-01-01-01-02-02-18.wav
03-01-02-01-01-01-18.wav,audio-only,speech,calm,2,normal,Kids are talking by the door,1,18,female,C:\Users\rbk55\OneDrive\Documents\Project_CSE432-532\SER_Project\data\audio_speech_actors\Actor_18\03-01-02-01-01-01-18.wav
03-01-02-01-01-02-18.wav,audio-only,speech,calm,2,normal,Kids are talking by the door,2,18,female,C:\Users\rbk55\OneDrive\Documents\Project_CSE432-532\SER_Project\data\audio_speech_actors\Actor_18\03-01-02-01-01-02-18.wav
03-01-02-01-02-01-18.wav,audio-only,speech,calm,2,normal,Dogs are sitting by the door,1,18,female,C:\Users\rbk55\OneDrive\Documents\Project_CSE432-532\SER_Project\data\audio_speech_actors\Actor_18\03-01-02-01-02-01-18.wav
03-01-02-01-02-02-18.wav,audio-only,speech,calm,2,normal,Dogs are sitting by the door,2,18,female,C:\Users\rbk55\OneDrive\Documents\Project_CSE432-532\SER_Project\data\audio_speech_actors\Actor_18\03-01-02-01-02-02-18.wav
03-01-02-02-01-01-18.wav,audio-only,speech,calm,2,strong,Kids are talking by the door,1,18,female,C:\Users\rbk55\OneDrive\Documents\Project_CSE432-532\SER_Project\data\audio_speech_actors\Actor_18\03-01-02-02-01-01-18.wav
03-01-02-02-01-02-18.wav,audio-only,speech,calm,2,strong,Kids are talking by the door,2,18,female,C:\Users\rbk55\OneDrive\Documents\Project_CSE432-532\SER_Project\data\audio_speech_actors\Actor_18\03-01-02-02-01-02-18.wav
03-01-02-02-02-01-18.wav,audio-only,speech,calm,2,strong,Dogs are sitting by the door,1,18,female,C:\Users\rbk55\OneDrive\Documents\Project_CSE432-532\SER_Project\data\audio_speech_actors\Actor_18\03-01-02-02-02-01-18.wav
03-01-02-02-02-02-18.wav,audio-only,speech,calm,2,strong,Dogs are sitting by the door,2,18,female,C:\Users\rbk55\OneDrive\Documents\Project_CSE432-532\SER_Project\data\audio_speech_actors\Actor_18\03-01-02-02-02-02-18.wav
03-01-03-01-01-01-18.wav,audio-only,speech,happy,3,normal,Kids are talking by the door,1,18,female,C:\Users\rbk55\OneDrive\Documents\Project_CSE432-532\SER_Project\data\audio_speech_actors\Actor_18\03-01-03-01-01-01-18.wav
03-01-03-01-01-02-18.wav,audio-only,speech,happy,3,normal,Kids are talking by the door,2,18,female,C:\Users\rbk55\OneDrive\Documents\Project_CSE432-532\SER_Project\data\audio_speech_actors\Actor_18\03-01-03-01-01-02-18.wav
03-01-03-01-02-01-18.wav,audio-only,speech,happy,3,normal,Dogs are sitting by the door,1,18,female,C:\Users\rbk55\OneDrive\Documents\Project_CSE432-532\SER_Project\data\audio_speech_actors\Actor_18\03-01-03-01-02-01-18.wav
03-01-03-01-02-02-18.wav,audio-only,speech,happy,3,normal,Dogs are sitting by the door,2,18,female,C:\Users\rbk55\OneDrive\Documents\Project_CSE432-532\SER_Project\data\audio_speech_actors\Actor_18\03-01-03-01-02-02-18.wav
03-01-03-02-01-01-18.wav,audio-only,speech,happy,3,strong,Kids are talking by the door,1,18,female,C:\Users\rbk55\OneDrive\Documents\Project_CSE432-532\SER_Project\data\audio_speech_actors\Actor_18\03-01-03-02-01-01-18.wav
03-01-03-02-01-02-18.wav,audio-only,speech,happy,3,strong,Kids are talking by the door,2,18,female,C:\Users\rbk55\OneDrive\Documents\Project_CSE432-532\SER_Project\data\audio_speech_actors\Actor_18\03-01-03-02-01-02-18.wav
03-01-03-02-02-01-18.wav,audio-only,speech,happy,3,strong,Dogs are sitting by the door,1,18,female,C:\Users\rbk55\OneDrive\Documents\Project_CSE432-532\SER_Project\data\audio_speech_actors\Actor_18\03-01-03-02-02-01-18.wav
03-01-03-02-02-02-18.wav,audio-only,speech,happy,3,strong,Dogs are sitting by the door,2,18,female,C:\Users\rbk55\OneDrive\Documents\Project_CSE432-532\SER_Project\data\audio_speech_actors\Actor_18\03-01-03-02-02-02-18.wav
03-01-04-01-01-01-18.wav,audio-only,speech,sad,4,normal,Kids are talking by the door,1,18,female,C:\Users\rbk55\OneDrive\Documents\Project_CSE432-532\SER_Project\data\audio_speech_actors\Actor_18\03-01-04-01-01-01-18.wav
03-01-04-01-01-02-18.wav,audio-only,speech,sad,4,normal,Kids are talking by the door,2,18,female,C:\Users\rbk55\OneDrive\Documents\Project_CSE432-532\SER_Project\data\audio_speech_actors\Actor_18\03-01-04-01-01-02-18.wav
03-01-04-01-02-01-18.wav,audio-only,speech,sad,4,normal,Dogs are sitting by the door,1,18,female,C:\Users\rbk55\OneDrive\Documents\Project_CSE432-532\SER_Project\data\audio_speech_actors\Actor_18\03-01-04-01-02-01-18.wav
03-01-04-01-02-02-18.wav,audio-only,speech,sad,4,normal,Dogs are sitting by the door,2,18,female,C:\Users\rbk55\OneDrive\Documents\Project_CSE432-532\SER_Project\data\audio_speech_actors\Actor_18\03-01-04-01-02-02-18.wav
03-01-04-02-01-01-18.wav,audio-only,speech,sad,4,strong,Kids are talking by the door,1,18,female,C:\Users\rbk55\OneDrive\Documents\Project_CSE432-532\SER_Project\data\audio_speech_actors\Actor_18\03-01-04-02-01-01-18.wav
03-01-04-02-01-02-18.wav,audio-only,speech,sad,4,strong,Kids are talking by the door,2,18,female,C:\Users\rbk55\OneDrive\Documents\Project_CSE432-532\SER_Project\data\audio_speech_actors\Actor_18\03-01-04-02-01-02-18.wav
03-01-04-02-02-01-18.wav,audio-only,speech,sad,4,strong,Dogs are sitting by the door,1,18,female,C:\Users\rbk55\OneDrive\Documents\Project_CSE432-532\SER_Project\data\audio_speech_actors\Actor_18\03-01-04-02-02-01-18.wav
03-01-04-02-02-02-18.wav,audio-only,speech,sad,4,strong,Dogs are sitting by the door,2,18,female,C:\Users\rbk55\OneDrive\Documents\Project_CSE432-532\SER_Project\data\audio_speech_actors\Actor_18\03-01-04-02-02-02-18.wav
03-01-05-01-01-01-18.wav,audio-only,speech,angry,5,normal,Kids are talking by the door,1,18,female,C:\Users\rbk55\OneDrive\Documents\Project_CSE432-532\SER_Project\data\audio_speech_actors\Actor_18\03-01-05-01-01-01-18.wav
03-01-05-01-01-02-18.wav,audio-only,speech,angry,5,normal,Kids are talking by the door,2,18,female,C:\Users\rbk55\OneDrive\Documents\Project_CSE432-532\SER_Project\data\audio_speech_actors\Actor_18\03-01-05-01-01-02-18.wav
03-01-05-01-02-01-18.wav,audio-only,speech,angry,5,normal,Dogs are sitting by the door,1,18,female,C:\Users\rbk55\OneDrive\Documents\Project_CSE432-532\SER_Project\data\audio_speech_actors\Actor_18\03-01-05-01-02-01-18.wav
03-01-05-01-02-02-18.wav,audio-only,speech,angry,5,normal,Dogs are sitting by the door,2,18,female,C:\Users\rbk55\OneDrive\Documents\Project_CSE432-532\SER_Project\data\audio_speech_actors\Actor_18\03-01-05-01-02-02-18.wav
03-01-05-02-01-01-18.wav,audio-only,speech,angry,5,strong,Kids are talking by the door,1,18,female,C:\Users\rbk55\OneDrive\Documents\Project_CSE432-532\SER_Project\data\audio_speech_actors\Actor_18\03-01-05-02-01-01-18.wav
03-01-05-02-01-02-18.wav,audio-only,speech,angry,5,strong,Kids are talking by the door,2,18,female,C:\Users\rbk55\OneDrive\Documents\Project_CSE432-532\SER_Project\data\audio_speech_actors\Actor_18\03-01-05-02-01-02-18.wav
03-01-05-02-02-01-18.wav,audio-only,speech,angry,5,strong,Dogs are sitting by the door,1,18,female,C:\Users\rbk55\OneDrive\Documents\Project_CSE432-532\SER_Project\data\audio_speech_actors\Actor_18\03-01-05-02-02-01-18.wav
03-01-05-02-02-02-18.wav,audio-only,speech,angry,5,strong,Dogs are sitting by the door,2,18,female,C:\Users\rbk55\OneDrive\Documents\Project_CSE432-532\SER_Project\data\audio_speech_actors\Actor_18\03-01-05-02-02-02-18.wav
03-01-06-01-01-01-18.wav,audio-only,speech,fearful,6,normal,Kids are talking by the door,1,18,female,C:\Users\rbk55\OneDrive\Documents\Project_CSE432-532\SER_Project\data\audio_speech_actors\Actor_18\03-01-06-01-01-01-18.wav
03-01-06-01-01-02-18.wav,audio-only,speech,fearful,6,normal,Kids are talking by the door,2,18,female,C:\Users\rbk55\OneDrive\Documents\Project_CSE432-532\SER_Project\data\audio_speech_actors\Actor_18\03-01-06-01-01-02-18.wav
03-01-06-01-02-01-18.wav,audio-only,speech,fearful,6,normal,Dogs are sitting by the door,1,18,female,C:\Users\rbk55\OneDrive\Documents\Project_CSE432-532\SER_Project\data\audio_speech_actors\Actor_18\03-01-06-01-02-01-18.wav
03-01-06-01-02-02-18.wav,audio-only,speech,fearful,6,normal,Dogs are sitting by the door,2,18,female,C:\Users\rbk55\OneDrive\Documents\Project_CSE432-532\SER_Project\data\audio_speech_actors\Actor_18\03-01-06-01-02-02-18.wav
03-01-06-02-01-01-18.wav,audio-only,speech,fearful,6,strong,Kids are talking by the door,1,18,female,C:\Users\rbk55\OneDrive\Documents\Project_CSE432-532\SER_Project\data\audio_speech_actors\Actor_18\03-01-06-02-01-01-18.wav
03-01-06-02-01-02-18.wav,audio-only,speech,fearful,6,strong,Kids are talking by the door,2,18,female,C:\Users\rbk55\OneDrive\Documents\Project_CSE432-532\SER_Project\data\audio_speech_actors\Actor_18\03-01-06-02-01-02-18.wav
03-01-06-02-02-01-18.wav,audio-only,speech,fearful,6,strong,Dogs are sitting by the door,1,18,female,C:\Users\rbk55\OneDrive\Documents\Project_CSE432-532\SER_Project\data\audio_speech_actors\Actor_18\03-01-06-02-02-01-18.wav
03-01-06-02-02-02-18.wav,audio-only,speech,fearful,6,strong,Dogs are sitting by the door,2,18,female,C:\Users\rbk55\OneDrive\Documents\Project_CSE432-532\SER_Project\data\audio_speech_actors\Actor_18\03-01-06-02-02-02-18.wav
03-01-07-01-01-01-18.wav,audio-only,speech,disgust,7,normal,Kids are talking by the door,1,18,female,C:\Users\rbk55\OneDrive\Documents\Project_CSE432-532\SER_Project\data\audio_speech_actors\Actor_18\03-01-07-01-01-01-18.wav
03-01-07-01-01-02-18.wav,audio-only,speech,disgust,7,normal,Kids are talking by the door,2,18,female,C:\Users\rbk55\OneDrive\Documents\Project_CSE432-532\SER_Project\data\audio_speech_actors\Actor_18\03-01-07-01-01-02-18.wav
03-01-07-01-02-01-18.wav,audio-only,speech,disgust,7,normal,Dogs are sitting by the door,1,18,female,C:\Users\rbk55\OneDrive\Documents\Project_CSE432-532\SER_Project\data\audio_speech_actors\Actor_18\03-01-07-01-02-01-18.wav
03-01-07-01-02-02-18.wav,audio-only,speech,disgust,7,normal,Dogs are sitting by the door,2,18,female,C:\Users\rbk55\OneDrive\Documents\Project_CSE432-532\SER_Project\data\audio_speech_actors\Actor_18\03-01-07-01-02-02-18.wav
03-01-07-02-01-01-18.wav,audio-only,speech,disgust,7,strong,Kids are talking by the door,1,18,female,C:\Users\rbk55\OneDrive\Documents\Project_CSE432-532\SER_Project\data\audio_speech_actors\Actor_18\03-01-07-02-01-01-18.wav
03-01-07-02-01-02-18.wav,audio-only,speech,disgust,7,strong,Kids are talking by the door,2,18,female,C:\Users\rbk55\OneDrive\Documents\Project_CSE432-532\SER_Project\data\audio_speech_actors\Actor_18\03-01-07-02-01-02-18.wav
03-01-07-02-02-01-18.wav,audio-only,speech,disgust,7,strong,Dogs are sitting by the door,1,18,female,C:\Users\rbk55\OneDrive\Documents\Project_CSE432-532\SER_Project\data\audio_speech_actors\Actor_18\03-01-07-02-02-01-18.wav
03-01-07-02-02-02-18.wav,audio-only,speech,disgust,7,strong,Dogs are sitting by the door,2,18,female,C:\Users\rbk55\OneDrive\Documents\Project_CSE432-532\SER_Project\data\audio_speech_actors\Actor_18\03-01-07-02-02-02-18.wav
03-01-08-01-01-01-18.wav,audio-only,speech,surprised,8,normal,Kids are talking by the door,1,18,female,C:\Users\rbk55\OneDrive\Documents\Project_CSE432-532\SER_Project\data\audio_speech_actors\Actor_18\03-01-08-01-01-01-18.wav
03-01-08-01-01-02-18.wav,audio-only,speech,surprised,8,normal,Kids are talking by the door,2,18,female,C:\Users\rbk55\OneDrive\Documents\Project_CSE432-532\SER_Project\data\audio_speech_actors\Actor_18\03-01-08-01-01-02-18.wav
03-01-08-01-02-01-18.wav,audio-only,speech,surprised,8,normal,Dogs are sitting by the door,1,18,female,C:\Users\rbk55\OneDrive\Documents\Project_CSE432-532\SER_Project\data\audio_speech_actors\Actor_18\03-01-08-01-02-01-18.wav
03-01-08-01-02-02-18.wav,audio-only,speech,surprised,8,normal,Dogs are sitting by the door,2,18,female,C:\Users\rbk55\OneDrive\Documents\Project_CSE432-532\SER_Project\data\audio_speech_actors\Actor_18\03-01-08-01-02-02-18.wav
03-01-08-02-01-01-18.wav,audio-only,speech,surprised,8,strong,Kids are talking by the door,1,18,female,C:\Users\rbk55\OneDrive\Documents\Project_CSE432-532\SER_Project\data\audio_speech_actors\Actor_18\03-01-08-02-01-01-18.wav
03-01-08-02-01-02-18.wav,audio-only,speech,surprised,8,strong,Kids are talking by the door,2,18,female,C:\Users\rbk55\OneDrive\Documents\Project_CSE432-532\SER_Project\data\audio_speech_actors\Actor_18\03-01-08-02-01-02-18.wav
03-01-08-02-02-01-18.wav,audio-only,speech,surprised,8,strong,Dogs are sitting by the door,1,18,female,C:\Users\rbk55\OneDrive\Documents\Project_CSE432-532\SER_Project\data\audio_speech_actors\Actor_18\03-01-08-02-02-01-18.wav
03-01-08-02-02-02-18.wav,audio-only,speech,surprised,8,strong,Dogs are sitting by the door,2,18,female,C:\Users\rbk55\OneDrive\Documents\Project_CSE432-532\SER_Project\data\audio_speech_actors\Actor_18\03-01-08-02-02-02-18.wav
03-01-01-01-01-01-19.wav,audio-only,speech,neutral,1,normal,Kids are talking by the door,1,19,male,C:\Users\rbk55\OneDrive\Documents\Project_CSE432-532\SER_Project\data\audio_speech_actors\Actor_19\03-01-01-01-01-01-19.wav
03-01-01-01-01-02-19.wav,audio-only,speech,neutral,1,normal,Kids are talking by the door,2,19,male,C:\Users\rbk55\OneDrive\Documents\Project_CSE432-532\SER_Project\data\audio_speech_actors\Actor_19\03-01-01-01-01-02-19.wav
03-01-01-01-02-01-19.wav,audio-only,speech,neutral,1,normal,Dogs are sitting by the door,1,19,male,C:\Users\rbk55\OneDrive\Documents\Project_CSE432-532\SER_Project\data\audio_speech_actors\Actor_19\03-01-01-01-02-01-19.wav
03-01-01-01-02-02-19.wav,audio-only,speech,neutral,1,normal,Dogs are sitting by the door,2,19,male,C:\Users\rbk55\OneDrive\Documents\Project_CSE432-532\SER_Project\data\audio_speech_actors\Actor_19\03-01-01-01-02-02-19.wav
03-01-02-01-01-01-19.wav,audio-only,speech,calm,2,normal,Kids are talking by the door,1,19,male,C:\Users\rbk55\OneDrive\Documents\Project_CSE432-532\SER_Project\data\audio_speech_actors\Actor_19\03-01-02-01-01-01-19.wav
03-01-02-01-01-02-19.wav,audio-only,speech,calm,2,normal,Kids are talking by the door,2,19,male,C:\Users\rbk55\OneDrive\Documents\Project_CSE432-532\SER_Project\data\audio_speech_actors\Actor_19\03-01-02-01-01-02-19.wav
03-01-02-01-02-01-19.wav,audio-only,speech,calm,2,normal,Dogs are sitting by the door,1,19,male,C:\Users\rbk55\OneDrive\Documents\Project_CSE432-532\SER_Project\data\audio_speech_actors\Actor_19\03-01-02-01-02-01-19.wav
03-01-02-01-02-02-19.wav,audio-only,speech,calm,2,normal,Dogs are sitting by the door,2,19,male,C:\Users\rbk55\OneDrive\Documents\Project_CSE432-532\SER_Project\data\audio_speech_actors\Actor_19\03-01-02-01-02-02-19.wav
03-01-02-02-01-01-19.wav,audio-only,speech,calm,2,strong,Kids are talking by the door,1,19,male,C:\Users\rbk55\OneDrive\Documents\Project_CSE432-532\SER_Project\data\audio_speech_actors\Actor_19\03-01-02-02-01-01-19.wav
03-01-02-02-01-02-19.wav,audio-only,speech,calm,2,strong,Kids are talking by the door,2,19,male,C:\Users\rbk55\OneDrive\Documents\Project_CSE432-532\SER_Project\data\audio_speech_actors\Actor_19\03-01-02-02-01-02-19.wav
03-01-02-02-02-01-19.wav,audio-only,speech,calm,2,strong,Dogs are sitting by the door,1,19,male,C:\Users\rbk55\OneDrive\Documents\Project_CSE432-532\SER_Project\data\audio_speech_actors\Actor_19\03-01-02-02-02-01-19.wav
03-01-02-02-02-02-19.wav,audio-only,speech,calm,2,strong,Dogs are sitting by the door,2,19,male,C:\Users\rbk55\OneDrive\Documents\Project_CSE432-532\SER_Project\data\audio_speech_actors\Actor_19\03-01-02-02-02-02-19.wav
03-01-03-01-01-01-19.wav,audio-only,speech,happy,3,normal,Kids are talking by the door,1,19,male,C:\Users\rbk55\OneDrive\Documents\Project_CSE432-532\SER_Project\data\audio_speech_actors\Actor_19\03-01-03-01-01-01-19.wav
03-01-03-01-01-02-19.wav,audio-only,speech,happy,3,normal,Kids are talking by the door,2,19,male,C:\Users\rbk55\OneDrive\Documents\Project_CSE432-532\SER_Project\data\audio_speech_actors\Actor_19\03-01-03-01-01-02-19.wav
03-01-03-01-02-01-19.wav,audio-only,speech,happy,3,normal,Dogs are sitting by the door,1,19,male,C:\Users\rbk55\OneDrive\Documents\Project_CSE432-532\SER_Project\data\audio_speech_actors\Actor_19\03-01-03-01-02-01-19.wav
03-01-03-01-02-02-19.wav,audio-only,speech,happy,3,normal,Dogs are sitting by the door,2,19,male,C:\Users\rbk55\OneDrive\Documents\Project_CSE432-532\SER_Project\data\audio_speech_actors\Actor_19\03-01-03-01-02-02-19.wav
03-01-03-02-01-01-19.wav,audio-only,speech,happy,3,strong,Kids are talking by the door,1,19,male,C:\Users\rbk55\OneDrive\Documents\Project_CSE432-532\SER_Project\data\audio_speech_actors\Actor_19\03-01-03-02-01-01-19.wav
03-01-03-02-01-02-19.wav,audio-only,speech,happy,3,strong,Kids are talking by the door,2,19,male,C:\Users\rbk55\OneDrive\Documents\Project_CSE432-532\SER_Project\data\audio_speech_actors\Actor_19\03-01-03-02-01-02-19.wav
03-01-03-02-02-01-19.wav,audio-only,speech,happy,3,strong,Dogs are sitting by the door,1,19,male,C:\Users\rbk55\OneDrive\Documents\Project_CSE432-532\SER_Project\data\audio_speech_actors\Actor_19\03-01-03-02-02-01-19.wav
03-01-03-02-02-02-19.wav,audio-only,speech,happy,3,strong,Dogs are sitting by the door,2,19,male,C:\Users\rbk55\OneDrive\Documents\Project_CSE432-532\SER_Project\data\audio_speech_actors\Actor_19\03-01-03-02-02-02-19.wav
03-01-04-01-01-01-19.wav,audio-only,speech,sad,4,normal,Kids are talking by the door,1,19,male,C:\Users\rbk55\OneDrive\Documents\Project_CSE432-532\SER_Project\data\audio_speech_actors\Actor_19\03-01-04-01-01-01-19.wav
03-01-04-01-01-02-19.wav,audio-only,speech,sad,4,normal,Kids are talking by the door,2,19,male,C:\Users\rbk55\OneDrive\Documents\Project_CSE432-532\SER_Project\data\audio_speech_actors\Actor_19\03-01-04-01-01-02-19.wav
03-01-04-01-02-01-19.wav,audio-only,speech,sad,4,normal,Dogs are sitting by the door,1,19,male,C:\Users\rbk55\OneDrive\Documents\Project_CSE432-532\SER_Project\data\audio_speech_actors\Actor_19\03-01-04-01-02-01-19.wav
03-01-04-01-02-02-19.wav,audio-only,speech,sad,4,normal,Dogs are sitting by the door,2,19,male,C:\Users\rbk55\OneDrive\Documents\Project_CSE432-532\SER_Project\data\audio_speech_actors\Actor_19\03-01-04-01-02-02-19.wav
03-01-04-02-01-01-19.wav,audio-only,speech,sad,4,strong,Kids are talking by the door,1,19,male,C:\Users\rbk55\OneDrive\Documents\Project_CSE432-532\SER_Project\data\audio_speech_actors\Actor_19\03-01-04-02-01-01-19.wav
03-01-04-02-01-02-19.wav,audio-only,speech,sad,4,strong,Kids are talking by the door,2,19,male,C:\Users\rbk55\OneDrive\Documents\Project_CSE432-532\SER_Project\data\audio_speech_actors\Actor_19\03-01-04-02-01-02-19.wav
03-01-04-02-02-01-19.wav,audio-only,speech,sad,4,strong,Dogs are sitting by the door,1,19,male,C:\Users\rbk55\OneDrive\Documents\Project_CSE432-532\SER_Project\data\audio_speech_actors\Actor_19\03-01-04-02-02-01-19.wav
03-01-04-02-02-02-19.wav,audio-only,speech,sad,4,strong,Dogs are sitting by the door,2,19,male,C:\Users\rbk55\OneDrive\Documents\Project_CSE432-532\SER_Project\data\audio_speech_actors\Actor_19\03-01-04-02-02-02-19.wav
03-01-05-01-01-01-19.wav,audio-only,speech,angry,5,normal,Kids are talking by the door,1,19,male,C:\Users\rbk55\OneDrive\Documents\Project_CSE432-532\SER_Project\data\audio_speech_actors\Actor_19\03-01-05-01-01-01-19.wav
03-01-05-01-01-02-19.wav,audio-only,speech,angry,5,normal,Kids are talking by the door,2,19,male,C:\Users\rbk55\OneDrive\Documents\Project_CSE432-532\SER_Project\data\audio_speech_actors\Actor_19\03-01-05-01-01-02-19.wav
03-01-05-01-02-01-19.wav,audio-only,speech,angry,5,normal,Dogs are sitting by the door,1,19,male,C:\Users\rbk55\OneDrive\Documents\Project_CSE432-532\SER_Project\data\audio_speech_actors\Actor_19\03-01-05-01-02-01-19.wav
03-01-05-01-02-02-19.wav,audio-only,speech,angry,5,normal,Dogs are sitting by the door,2,19,male,C:\Users\rbk55\OneDrive\Documents\Project_CSE432-532\SER_Project\data\audio_speech_actors\Actor_19\03-01-05-01-02-02-19.wav
03-01-05-02-01-01-19.wav,audio-only,speech,angry,5,strong,Kids are talking by the door,1,19,male,C:\Users\rbk55\OneDrive\Documents\Project_CSE432-532\SER_Project\data\audio_speech_actors\Actor_19\03-01-05-02-01-01-19.wav
03-01-05-02-01-02-19.wav,audio-only,speech,angry,5,strong,Kids are talking by the door,2,19,male,C:\Users\rbk55\OneDrive\Documents\Project_CSE432-532\SER_Project\data\audio_speech_actors\Actor_19\03-01-05-02-01-02-19.wav
03-01-05-02-02-01-19.wav,audio-only,speech,angry,5,strong,Dogs are sitting by the door,1,19,male,C:\Users\rbk55\OneDrive\Documents\Project_CSE432-532\SER_Project\data\audio_speech_actors\Actor_19\03-01-05-02-02-01-19.wav
03-01-05-02-02-02-19.wav,audio-only,speech,angry,5,strong,Dogs are sitting by the door,2,19,male,C:\Users\rbk55\OneDrive\Documents\Project_CSE432-532\SER_Project\data\audio_speech_actors\Actor_19\03-01-05-02-02-02-19.wav
03-01-06-01-01-01-19.wav,audio-only,speech,fearful,6,normal,Kids are talking by the door,1,19,male,C:\Users\rbk55\OneDrive\Documents\Project_CSE432-532\SER_Project\data\audio_speech_actors\Actor_19\03-01-06-01-01-01-19.wav
03-01-06-01-01-02-19.wav,audio-only,speech,fearful,6,normal,Kids are talking by the door,2,19,male,C:\Users\rbk55\OneDrive\Documents\Project_CSE432-532\SER_Project\data\audio_speech_actors\Actor_19\03-01-06-01-01-02-19.wav
03-01-06-01-02-01-19.wav,audio-only,speech,fearful,6,normal,Dogs are sitting by the door,1,19,male,C:\Users\rbk55\OneDrive\Documents\Project_CSE432-532\SER_Project\data\audio_speech_actors\Actor_19\03-01-06-01-02-01-19.wav
03-01-06-01-02-02-19.wav,audio-only,speech,fearful,6,normal,Dogs are sitting by the door,2,19,male,C:\Users\rbk55\OneDrive\Documents\Project_CSE432-532\SER_Project\data\audio_speech_actors\Actor_19\03-01-06-01-02-02-19.wav
03-01-06-02-01-01-19.wav,audio-only,speech,fearful,6,strong,Kids are talking by the door,1,19,male,C:\Users\rbk55\OneDrive\Documents\Project_CSE432-532\SER_Project\data\audio_speech_actors\Actor_19\03-01-06-02-01-01-19.wav
03-01-06-02-01-02-19.wav,audio-only,speech,fearful,6,strong,Kids are talking by the door,2,19,male,C:\Users\rbk55\OneDrive\Documents\Project_CSE432-532\SER_Project\data\audio_speech_actors\Actor_19\03-01-06-02-01-02-19.wav
03-01-06-02-02-01-19.wav,audio-only,speech,fearful,6,strong,Dogs are sitting by the door,1,19,male,C:\Users\rbk55\OneDrive\Documents\Project_CSE432-532\SER_Project\data\audio_speech_actors\Actor_19\03-01-06-02-02-01-19.wav
03-01-06-02-02-02-19.wav,audio-only,speech,fearful,6,strong,Dogs are sitting by the door,2,19,male,C:\Users\rbk55\OneDrive\Documents\Project_CSE432-532\SER_Project\data\audio_speech_actors\Actor_19\03-01-06-02-02-02-19.wav
03-01-07-01-01-01-19.wav,audio-only,speech,disgust,7,normal,Kids are talking by the door,1,19,male,C:\Users\rbk55\OneDrive\Documents\Project_CSE432-532\SER_Project\data\audio_speech_actors\Actor_19\03-01-07-01-01-01-19.wav
03-01-07-01-01-02-19.wav,audio-only,speech,disgust,7,normal,Kids are talking by the door,2,19,male,C:\Users\rbk55\OneDrive\Documents\Project_CSE432-532\SER_Project\data\audio_speech_actors\Actor_19\03-01-07-01-01-02-19.wav
03-01-07-01-02-01-19.wav,audio-only,speech,disgust,7,normal,Dogs are sitting by the door,1,19,male,C:\Users\rbk55\OneDrive\Documents\Project_CSE432-532\SER_Project\data\audio_speech_actors\Actor_19\03-01-07-01-02-01-19.wav
03-01-07-01-02-02-19.wav,audio-only,speech,disgust,7,normal,Dogs are sitting by the door,2,19,male,C:\Users\rbk55\OneDrive\Documents\Project_CSE432-532\SER_Project\data\audio_speech_actors\Actor_19\03-01-07-01-02-02-19.wav
03-01-07-02-01-01-19.wav,audio-only,speech,disgust,7,strong,Kids are talking by the door,1,19,male,C:\Users\rbk55\OneDrive\Documents\Project_CSE432-532\SER_Project\data\audio_speech_actors\Actor_19\03-01-07-02-01-01-19.wav
03-01-07-02-01-02-19.wav,audio-only,speech,disgust,7,strong,Kids are talking by the door,2,19,male,C:\Users\rbk55\OneDrive\Documents\Project_CSE432-532\SER_Project\data\audio_speech_actors\Actor_19\03-01-07-02-01-02-19.wav
03-01-07-02-02-01-19.wav,audio-only,speech,disgust,7,strong,Dogs are sitting by the door,1,19,male,C:\Users\rbk55\OneDrive\Documents\Project_CSE432-532\SER_Project\data\audio_speech_actors\Actor_19\03-01-07-02-02-01-19.wav
03-01-07-02-02-02-19.wav,audio-only,speech,disgust,7,strong,Dogs are sitting by the door,2,19,male,C:\Users\rbk55\OneDrive\Documents\Project_CSE432-532\SER_Project\data\audio_speech_actors\Actor_19\03-01-07-02-02-02-19.wav
03-01-08-01-01-01-19.wav,audio-only,speech,surprised,8,normal,Kids are talking by the door,1,19,male,C:\Users\rbk55\OneDrive\Documents\Project_CSE432-532\SER_Project\data\audio_speech_actors\Actor_19\03-01-08-01-01-01-19.wav
03-01-08-01-01-02-19.wav,audio-only,speech,surprised,8,normal,Kids are talking by the door,2,19,male,C:\Users\rbk55\OneDrive\Documents\Project_CSE432-532\SER_Project\data\audio_speech_actors\Actor_19\03-01-08-01-01-02-19.wav
03-01-08-01-02-01-19.wav,audio-only,speech,surprised,8,normal,Dogs are sitting by the door,1,19,male,C:\Users\rbk55\OneDrive\Documents\Project_CSE432-532\SER_Project\data\audio_speech_actors\Actor_19\03-01-08-01-02-01-19.wav
03-01-08-01-02-02-19.wav,audio-only,speech,surprised,8,normal,Dogs are sitting by the door,2,19,male,C:\Users\rbk55\OneDrive\Documents\Project_CSE432-532\SER_Project\data\audio_speech_actors\Actor_19\03-01-08-01-02-02-19.wav
03-01-08-02-01-01-19.wav,audio-only,speech,surprised,8,strong,Kids are talking by the door,1,19,male,C:\Users\rbk55\OneDrive\Documents\Project_CSE432-532\SER_Project\data\audio_speech_actors\Actor_19\03-01-08-02-01-01-19.wav
03-01-08-02-01-02-19.wav,audio-only,speech,surprised,8,strong,Kids are talking by the door,2,19,male,C:\Users\rbk55\OneDrive\Documents\Project_CSE432-532\SER_Project\data\audio_speech_actors\Actor_19\03-01-08-02-01-02-19.wav
03-01-08-02-02-01-19.wav,audio-only,speech,surprised,8,strong,Dogs are sitting by the door,1,19,male,C:\Users\rbk55\OneDrive\Documents\Project_CSE432-532\SER_Project\data\audio_speech_actors\Actor_19\03-01-08-02-02-01-19.wav
03-01-08-02-02-02-19.wav,audio-only,speech,surprised,8,strong,Dogs are sitting by the door,2,19,male,C:\Users\rbk55\OneDrive\Documents\Project_CSE432-532\SER_Project\data\audio_speech_actors\Actor_19\03-01-08-02-02-02-19.wav
03-01-01-01-01-01-20.wav,audio-only,speech,neutral,1,normal,Kids are talking by the door,1,20,female,C:\Users\rbk55\OneDrive\Documents\Project_CSE432-532\SER_Project\data\audio_speech_actors\Actor_20\03-01-01-01-01-01-20.wav
03-01-01-01-01-02-20.wav,audio-only,speech,neutral,1,normal,Kids are talking by the door,2,20,female,C:\Users\rbk55\OneDrive\Documents\Project_CSE432-532\SER_Project\data\audio_speech_actors\Actor_20\03-01-01-01-01-02-20.wav
03-01-01-01-02-01-20.wav,audio-only,speech,neutral,1,normal,Dogs are sitting by the door,1,20,female,C:\Users\rbk55\OneDrive\Documents\Project_CSE432-532\SER_Project\data\audio_speech_actors\Actor_20\03-01-01-01-02-01-20.wav
03-01-01-01-02-02-20.wav,audio-only,speech,neutral,1,normal,Dogs are sitting by the door,2,20,female,C:\Users\rbk55\OneDrive\Documents\Project_CSE432-532\SER_Project\data\audio_speech_actors\Actor_20\03-01-01-01-02-02-20.wav
03-01-02-01-01-01-20.wav,audio-only,speech,calm,2,normal,Kids are talking by the door,1,20,female,C:\Users\rbk55\OneDrive\Documents\Project_CSE432-532\SER_Project\data\audio_speech_actors\Actor_20\03-01-02-01-01-01-20.wav
03-01-02-01-01-02-20.wav,audio-only,speech,calm,2,normal,Kids are talking by the door,2,20,female,C:\Users\rbk55\OneDrive\Documents\Project_CSE432-532\SER_Project\data\audio_speech_actors\Actor_20\03-01-02-01-01-02-20.wav
03-01-02-01-02-01-20.wav,audio-only,speech,calm,2,normal,Dogs are sitting by the door,1,20,female,C:\Users\rbk55\OneDrive\Documents\Project_CSE432-532\SER_Project\data\audio_speech_actors\Actor_20\03-01-02-01-02-01-20.wav
03-01-02-01-02-02-20.wav,audio-only,speech,calm,2,normal,Dogs are sitting by the door,2,20,female,C:\Users\rbk55\OneDrive\Documents\Project_CSE432-532\SER_Project\data\audio_speech_actors\Actor_20\03-01-02-01-02-02-20.wav
03-01-02-02-01-01-20.wav,audio-only,speech,calm,2,strong,Kids are talking by the door,1,20,female,C:\Users\rbk55\OneDrive\Documents\Project_CSE432-532\SER_Project\data\audio_speech_actors\Actor_20\03-01-02-02-01-01-20.wav
03-01-02-02-01-02-20.wav,audio-only,speech,calm,2,strong,Kids are talking by the door,2,20,female,C:\Users\rbk55\OneDrive\Documents\Project_CSE432-532\SER_Project\data\audio_speech_actors\Actor_20\03-01-02-02-01-02-20.wav
03-01-02-02-02-01-20.wav,audio-only,speech,calm,2,strong,Dogs are sitting by the door,1,20,female,C:\Users\rbk55\OneDrive\Documents\Project_CSE432-532\SER_Project\data\audio_speech_actors\Actor_20\03-01-02-02-02-01-20.wav
03-01-02-02-02-02-20.wav,audio-only,speech,calm,2,strong,Dogs are sitting by the door,2,20,female,C:\Users\rbk55\OneDrive\Documents\Project_CSE432-532\SER_Project\data\audio_speech_actors\Actor_20\03-01-02-02-02-02-20.wav
03-01-03-01-01-01-20.wav,audio-only,speech,happy,3,normal,Kids are talking by the door,1,20,female,C:\Users\rbk55\OneDrive\Documents\Project_CSE432-532\SER_Project\data\audio_speech_actors\Actor_20\03-01-03-01-01-01-20.wav
03-01-03-01-01-02-20.wav,audio-only,speech,happy,3,normal,Kids are talking by the door,2,20,female,C:\Users\rbk55\OneDrive\Documents\Project_CSE432-532\SER_Project\data\audio_speech_actors\Actor_20\03-01-03-01-01-02-20.wav
03-01-03-01-02-01-20.wav,audio-only,speech,happy,3,normal,Dogs are sitting by the door,1,20,female,C:\Users\rbk55\OneDrive\Documents\Project_CSE432-532\SER_Project\data\audio_speech_actors\Actor_20\03-01-03-01-02-01-20.wav
03-01-03-01-02-02-20.wav,audio-only,speech,happy,3,normal,Dogs are sitting by the door,2,20,female,C:\Users\rbk55\OneDrive\Documents\Project_CSE432-532\SER_Project\data\audio_speech_actors\Actor_20\03-01-03-01-02-02-20.wav
03-01-03-02-01-01-20.wav,audio-only,speech,happy,3,strong,Kids are talking by the door,1,20,female,C:\Users\rbk55\OneDrive\Documents\Project_CSE432-532\SER_Project\data\audio_speech_actors\Actor_20\03-01-03-02-01-01-20.wav
03-01-03-02-01-02-20.wav,audio-only,speech,happy,3,strong,Kids are talking by the door,2,20,female,C:\Users\rbk55\OneDrive\Documents\Project_CSE432-532\SER_Project\data\audio_speech_actors\Actor_20\03-01-03-02-01-02-20.wav
03-01-03-02-02-01-20.wav,audio-only,speech,happy,3,strong,Dogs are sitting by the door,1,20,female,C:\Users\rbk55\OneDrive\Documents\Project_CSE432-532\SER_Project\data\audio_speech_actors\Actor_20\03-01-03-02-02-01-20.wav
03-01-03-02-02-02-20.wav,audio-only,speech,happy,3,strong,Dogs are sitting by the door,2,20,female,C:\Users\rbk55\OneDrive\Documents\Project_CSE432-532\SER_Project\data\audio_speech_actors\Actor_20\03-01-03-02-02-02-20.wav
03-01-04-01-01-01-20.wav,audio-only,speech,sad,4,normal,Kids are talking by the door,1,20,female,C:\Users\rbk55\OneDrive\Documents\Project_CSE432-532\SER_Project\data\audio_speech_actors\Actor_20\03-01-04-01-01-01-20.wav
03-01-04-01-01-02-20.wav,audio-only,speech,sad,4,normal,Kids are talking by the door,2,20,female,C:\Users\rbk55\OneDrive\Documents\Project_CSE432-532\SER_Project\data\audio_speech_actors\Actor_20\03-01-04-01-01-02-20.wav
03-01-04-01-02-01-20.wav,audio-only,speech,sad,4,normal,Dogs are sitting by the door,1,20,female,C:\Users\rbk55\OneDrive\Documents\Project_CSE432-532\SER_Project\data\audio_speech_actors\Actor_20\03-01-04-01-02-01-20.wav
03-01-04-01-02-02-20.wav,audio-only,speech,sad,4,normal,Dogs are sitting by the door,2,20,female,C:\Users\rbk55\OneDrive\Documents\Project_CSE432-532\SER_Project\data\audio_speech_actors\Actor_20\03-01-04-01-02-02-20.wav
03-01-04-02-01-01-20.wav,audio-only,speech,sad,4,strong,Kids are talking by the door,1,20,female,C:\Users\rbk55\OneDrive\Documents\Project_CSE432-532\SER_Project\data\audio_speech_actors\Actor_20\03-01-04-02-01-01-20.wav
03-01-04-02-01-02-20.wav,audio-only,speech,sad,4,strong,Kids are talking by the door,2,20,female,C:\Users\rbk55\OneDrive\Documents\Project_CSE432-532\SER_Project\data\audio_speech_actors\Actor_20\03-01-04-02-01-02-20.wav
03-01-04-02-02-01-20.wav,audio-only,speech,sad,4,strong,Dogs are sitting by the door,1,20,female,C:\Users\rbk55\OneDrive\Documents\Project_CSE432-532\SER_Project\data\audio_speech_actors\Actor_20\03-01-04-02-02-01-20.wav
03-01-04-02-02-02-20.wav,audio-only,speech,sad,4,strong,Dogs are sitting by the door,2,20,female,C:\Users\rbk55\OneDrive\Documents\Project_CSE432-532\SER_Project\data\audio_speech_actors\Actor_20\03-01-04-02-02-02-20.wav
03-01-05-01-01-01-20.wav,audio-only,speech,angry,5,normal,Kids are talking by the door,1,20,female,C:\Users\rbk55\OneDrive\Documents\Project_CSE432-532\SER_Project\data\audio_speech_actors\Actor_20\03-01-05-01-01-01-20.wav
03-01-05-01-01-02-20.wav,audio-only,speech,angry,5,normal,Kids are talking by the door,2,20,female,C:\Users\rbk55\OneDrive\Documents\Project_CSE432-532\SER_Project\data\audio_speech_actors\Actor_20\03-01-05-01-01-02-20.wav
03-01-05-01-02-01-20.wav,audio-only,speech,angry,5,normal,Dogs are sitting by the door,1,20,female,C:\Users\rbk55\OneDrive\Documents\Project_CSE432-532\SER_Project\data\audio_speech_actors\Actor_20\03-01-05-01-02-01-20.wav
03-01-05-01-02-02-20.wav,audio-only,speech,angry,5,normal,Dogs are sitting by the door,2,20,female,C:\Users\rbk55\OneDrive\Documents\Project_CSE432-532\SER_Project\data\audio_speech_actors\Actor_20\03-01-05-01-02-02-20.wav
03-01-05-02-01-01-20.wav,audio-only,speech,angry,5,strong,Kids are talking by the door,1,20,female,C:\Users\rbk55\OneDrive\Documents\Project_CSE432-532\SER_Project\data\audio_speech_actors\Actor_20\03-01-05-02-01-01-20.wav
03-01-05-02-01-02-20.wav,audio-only,speech,angry,5,strong,Kids are talking by the door,2,20,female,C:\Users\rbk55\OneDrive\Documents\Project_CSE432-532\SER_Project\data\audio_speech_actors\Actor_20\03-01-05-02-01-02-20.wav
03-01-05-02-02-01-20.wav,audio-only,speech,angry,5,strong,Dogs are sitting by the door,1,20,female,C:\Users\rbk55\OneDrive\Documents\Project_CSE432-532\SER_Project\data\audio_speech_actors\Actor_20\03-01-05-02-02-01-20.wav
03-01-05-02-02-02-20.wav,audio-only,speech,angry,5,strong,Dogs are sitting by the door,2,20,female,C:\Users\rbk55\OneDrive\Documents\Project_CSE432-532\SER_Project\data\audio_speech_actors\Actor_20\03-01-05-02-02-02-20.wav
03-01-06-01-01-01-20.wav,audio-only,speech,fearful,6,normal,Kids are talking by the door,1,20,female,C:\Users\rbk55\OneDrive\Documents\Project_CSE432-532\SER_Project\data\audio_speech_actors\Actor_20\03-01-06-01-01-01-20.wav
03-01-06-01-01-02-20.wav,audio-only,speech,fearful,6,normal,Kids are talking by the door,2,20,female,C:\Users\rbk55\OneDrive\Documents\Project_CSE432-532\SER_Project\data\audio_speech_actors\Actor_20\03-01-06-01-01-02-20.wav
03-01-06-01-02-01-20.wav,audio-only,speech,fearful,6,normal,Dogs are sitting by the door,1,20,female,C:\Users\rbk55\OneDrive\Documents\Project_CSE432-532\SER_Project\data\audio_speech_actors\Actor_20\03-01-06-01-02-01-20.wav
03-01-06-01-02-02-20.wav,audio-only,speech,fearful,6,normal,Dogs are sitting by the door,2,20,female,C:\Users\rbk55\OneDrive\Documents\Project_CSE432-532\SER_Project\data\audio_speech_actors\Actor_20\03-01-06-01-02-02-20.wav
03-01-06-02-01-01-20.wav,audio-only,speech,fearful,6,strong,Kids are talking by the door,1,20,female,C:\Users\rbk55\OneDrive\Documents\Project_CSE432-532\SER_Project\data\audio_speech_actors\Actor_20\03-01-06-02-01-01-20.wav
03-01-06-02-01-02-20.wav,audio-only,speech,fearful,6,strong,Kids are talking by the door,2,20,female,C:\Users\rbk55\OneDrive\Documents\Project_CSE432-532\SER_Project\data\audio_speech_actors\Actor_20\03-01-06-02-01-02-20.wav
03-01-06-02-02-01-20.wav,audio-only,speech,fearful,6,strong,Dogs are sitting by the door,1,20,female,C:\Users\rbk55\OneDrive\Documents\Project_CSE432-532\SER_Project\data\audio_speech_actors\Actor_20\03-01-06-02-02-01-20.wav
03-01-06-02-02-02-20.wav,audio-only,speech,fearful,6,strong,Dogs are sitting by the door,2,20,female,C:\Users\rbk55\OneDrive\Documents\Project_CSE432-532\SER_Project\data\audio_speech_actors\Actor_20\03-01-06-02-02-02-20.wav
03-01-07-01-01-01-20.wav,audio-only,speech,disgust,7,normal,Kids are talking by the door,1,20,female,C:\Users\rbk55\OneDrive\Documents\Project_CSE432-532\SER_Project\data\audio_speech_actors\Actor_20\03-01-07-01-01-01-20.wav
03-01-07-01-01-02-20.wav,audio-only,speech,disgust,7,normal,Kids are talking by the door,2,20,female,C:\Users\rbk55\OneDrive\Documents\Project_CSE432-532\SER_Project\data\audio_speech_actors\Actor_20\03-01-07-01-01-02-20.wav
03-01-07-01-02-01-20.wav,audio-only,speech,disgust,7,normal,Dogs are sitting by the door,1,20,female,C:\Users\rbk55\OneDrive\Documents\Project_CSE432-532\SER_Project\data\audio_speech_actors\Actor_20\03-01-07-01-02-01-20.wav
03-01-07-01-02-02-20.wav,audio-only,speech,disgust,7,normal,Dogs are sitting by the door,2,20,female,C:\Users\rbk55\OneDrive\Documents\Project_CSE432-532\SER_Project\data\audio_speech_actors\Actor_20\03-01-07-01-02-02-20.wav
03-01-07-02-01-01-20.wav,audio-only,speech,disgust,7,strong,Kids are talking by the door,1,20,female,C:\Users\rbk55\OneDrive\Documents\Project_CSE432-532\SER_Project\data\audio_speech_actors\Actor_20\03-01-07-02-01-01-20.wav
03-01-07-02-01-02-20.wav,audio-only,speech,disgust,7,strong,Kids are talking by the door,2,20,female,C:\Users\rbk55\OneDrive\Documents\Project_CSE432-532\SER_Project\data\audio_speech_actors\Actor_20\03-01-07-02-01-02-20.wav
03-01-07-02-02-01-20.wav,audio-only,speech,disgust,7,strong,Dogs are sitting by the door,1,20,female,C:\Users\rbk55\OneDrive\Documents\Project_CSE432-532\SER_Project\data\audio_speech_actors\Actor_20\03-01-07-02-02-01-20.wav
03-01-07-02-02-02-20.wav,audio-only,speech,disgust,7,strong,Dogs are sitting by the door,2,20,female,C:\Users\rbk55\OneDrive\Documents\Project_CSE432-532\SER_Project\data\audio_speech_actors\Actor_20\03-01-07-02-02-02-20.wav
03-01-08-01-01-01-20.wav,audio-only,speech,surprised,8,normal,Kids are talking by the door,1,20,female,C:\Users\rbk55\OneDrive\Documents\Project_CSE432-532\SER_Project\data\audio_speech_actors\Actor_20\03-01-08-01-01-01-20.wav
03-01-08-01-01-02-20.wav,audio-only,speech,surprised,8,normal,Kids are talking by the door,2,20,female,C:\Users\rbk55\OneDrive\Documents\Project_CSE432-532\SER_Project\data\audio_speech_actors\Actor_20\03-01-08-01-01-02-20.wav
03-01-08-01-02-01-20.wav,audio-only,speech,surprised,8,normal,Dogs are sitting by the door,1,20,female,C:\Users\rbk55\OneDrive\Documents\Project_CSE432-532\SER_Project\data\audio_speech_actors\Actor_20\03-01-08-01-02-01-20.wav
03-01-08-01-02-02-20.wav,audio-only,speech,surprised,8,normal,Dogs are sitting by the door,2,20,female,C:\Users\rbk55\OneDrive\Documents\Project_CSE432-532\SER_Project\data\audio_speech_actors\Actor_20\03-01-08-01-02-02-20.wav
03-01-08-02-01-01-20.wav,audio-only,speech,surprised,8,strong,Kids are talking by the door,1,20,female,C:\Users\rbk55\OneDrive\Documents\Project_CSE432-532\SER_Project\data\audio_speech_actors\Actor_20\03-01-08-02-01-01-20.wav
03-01-08-02-01-02-20.wav,audio-only,speech,surprised,8,strong,Kids are talking by the door,2,20,female,C:\Users\rbk55\OneDrive\Documents\Project_CSE432-532\SER_Project\data\audio_speech_actors\Actor_20\03-01-08-02-01-02-20.wav
03-01-08-02-02-01-20.wav,audio-only,speech,surprised,8,strong,Dogs are sitting by the door,1,20,female,C:\Users\rbk55\OneDrive\Documents\Project_CSE432-532\SER_Project\data\audio_speech_actors\Actor_20\03-01-08-02-02-01-20.wav
03-01-08-02-02-02-20.wav,audio-only,speech,surprised,8,strong,Dogs are sitting by the door,2,20,female,C:\Users\rbk55\OneDrive\Documents\Project_CSE432-532\SER_Project\data\audio_speech_actors\Actor_20\03-01-08-02-02-02-20.wav
03-01-01-01-01-01-21.wav,audio-only,speech,neutral,1,normal,Kids are talking by the door,1,21,male,C:\Users\rbk55\OneDrive\Documents\Project_CSE432-532\SER_Project\data\audio_speech_actors\Actor_21\03-01-01-01-01-01-21.wav
03-01-01-01-01-02-21.wav,audio-only,speech,neutral,1,normal,Kids are talking by the door,2,21,male,C:\Users\rbk55\OneDrive\Documents\Project_CSE432-532\SER_Project\data\audio_speech_actors\Actor_21\03-01-01-01-01-02-21.wav
03-01-01-01-02-01-21.wav,audio-only,speech,neutral,1,normal,Dogs are sitting by the door,1,21,male,C:\Users\rbk55\OneDrive\Documents\Project_CSE432-532\SER_Project\data\audio_speech_actors\Actor_21\03-01-01-01-02-01-21.wav
03-01-01-01-02-02-21.wav,audio-only,speech,neutral,1,normal,Dogs are sitting by the door,2,21,male,C:\Users\rbk55\OneDrive\Documents\Project_CSE432-532\SER_Project\data\audio_speech_actors\Actor_21\03-01-01-01-02-02-21.wav
03-01-02-01-01-01-21.wav,audio-only,speech,calm,2,normal,Kids are talking by the door,1,21,male,C:\Users\rbk55\OneDrive\Documents\Project_CSE432-532\SER_Project\data\audio_speech_actors\Actor_21\03-01-02-01-01-01-21.wav
03-01-02-01-01-02-21.wav,audio-only,speech,calm,2,normal,Kids are talking by the door,2,21,male,C:\Users\rbk55\OneDrive\Documents\Project_CSE432-532\SER_Project\data\audio_speech_actors\Actor_21\03-01-02-01-01-02-21.wav
03-01-02-01-02-01-21.wav,audio-only,speech,calm,2,normal,Dogs are sitting by the door,1,21,male,C:\Users\rbk55\OneDrive\Documents\Project_CSE432-532\SER_Project\data\audio_speech_actors\Actor_21\03-01-02-01-02-01-21.wav
03-01-02-01-02-02-21.wav,audio-only,speech,calm,2,normal,Dogs are sitting by the door,2,21,male,C:\Users\rbk55\OneDrive\Documents\Project_CSE432-532\SER_Project\data\audio_speech_actors\Actor_21\03-01-02-01-02-02-21.wav
03-01-02-02-01-01-21.wav,audio-only,speech,calm,2,strong,Kids are talking by the door,1,21,male,C:\Users\rbk55\OneDrive\Documents\Project_CSE432-532\SER_Project\data\audio_speech_actors\Actor_21\03-01-02-02-01-01-21.wav
03-01-02-02-01-02-21.wav,audio-only,speech,calm,2,strong,Kids are talking by the door,2,21,male,C:\Users\rbk55\OneDrive\Documents\Project_CSE432-532\SER_Project\data\audio_speech_actors\Actor_21\03-01-02-02-01-02-21.wav
03-01-02-02-02-01-21.wav,audio-only,speech,calm,2,strong,Dogs are sitting by the door,1,21,male,C:\Users\rbk55\OneDrive\Documents\Project_CSE432-532\SER_Project\data\audio_speech_actors\Actor_21\03-01-02-02-02-01-21.wav
03-01-02-02-02-02-21.wav,audio-only,speech,calm,2,strong,Dogs are sitting by the door,2,21,male,C:\Users\rbk55\OneDrive\Documents\Project_CSE432-532\SER_Project\data\audio_speech_actors\Actor_21\03-01-02-02-02-02-21.wav
03-01-03-01-01-01-21.wav,audio-only,speech,happy,3,normal,Kids are talking by the door,1,21,male,C:\Users\rbk55\OneDrive\Documents\Project_CSE432-532\SER_Project\data\audio_speech_actors\Actor_21\03-01-03-01-01-01-21.wav
03-01-03-01-01-02-21.wav,audio-only,speech,happy,3,normal,Kids are talking by the door,2,21,male,C:\Users\rbk55\OneDrive\Documents\Project_CSE432-532\SER_Project\data\audio_speech_actors\Actor_21\03-01-03-01-01-02-21.wav
03-01-03-01-02-01-21.wav,audio-only,speech,happy,3,normal,Dogs are sitting by the door,1,21,male,C:\Users\rbk55\OneDrive\Documents\Project_CSE432-532\SER_Project\data\audio_speech_actors\Actor_21\03-01-03-01-02-01-21.wav
03-01-03-01-02-02-21.wav,audio-only,speech,happy,3,normal,Dogs are sitting by the door,2,21,male,C:\Users\rbk55\OneDrive\Documents\Project_CSE432-532\SER_Project\data\audio_speech_actors\Actor_21\03-01-03-01-02-02-21.wav
03-01-03-02-01-01-21.wav,audio-only,speech,happy,3,strong,Kids are talking by the door,1,21,male,C:\Users\rbk55\OneDrive\Documents\Project_CSE432-532\SER_Project\data\audio_speech_actors\Actor_21\03-01-03-02-01-01-21.wav
03-01-03-02-01-02-21.wav,audio-only,speech,happy,3,strong,Kids are talking by the door,2,21,male,C:\Users\rbk55\OneDrive\Documents\Project_CSE432-532\SER_Project\data\audio_speech_actors\Actor_21\03-01-03-02-01-02-21.wav
03-01-03-02-02-01-21.wav,audio-only,speech,happy,3,strong,Dogs are sitting by the door,1,21,male,C:\Users\rbk55\OneDrive\Documents\Project_CSE432-532\SER_Project\data\audio_speech_actors\Actor_21\03-01-03-02-02-01-21.wav
03-01-03-02-02-02-21.wav,audio-only,speech,happy,3,strong,Dogs are sitting by the door,2,21,male,C:\Users\rbk55\OneDrive\Documents\Project_CSE432-532\SER_Project\data\audio_speech_actors\Actor_21\03-01-03-02-02-02-21.wav
03-01-04-01-01-01-21.wav,audio-only,speech,sad,4,normal,Kids are talking by the door,1,21,male,C:\Users\rbk55\OneDrive\Documents\Project_CSE432-532\SER_Project\data\audio_speech_actors\Actor_21\03-01-04-01-01-01-21.wav
03-01-04-01-01-02-21.wav,audio-only,speech,sad,4,normal,Kids are talking by the door,2,21,male,C:\Users\rbk55\OneDrive\Documents\Project_CSE432-532\SER_Project\data\audio_speech_actors\Actor_21\03-01-04-01-01-02-21.wav
03-01-04-01-02-01-21.wav,audio-only,speech,sad,4,normal,Dogs are sitting by the door,1,21,male,C:\Users\rbk55\OneDrive\Documents\Project_CSE432-532\SER_Project\data\audio_speech_actors\Actor_21\03-01-04-01-02-01-21.wav
03-01-04-01-02-02-21.wav,audio-only,speech,sad,4,normal,Dogs are sitting by the door,2,21,male,C:\Users\rbk55\OneDrive\Documents\Project_CSE432-532\SER_Project\data\audio_speech_actors\Actor_21\03-01-04-01-02-02-21.wav
03-01-04-02-01-01-21.wav,audio-only,speech,sad,4,strong,Kids are talking by the door,1,21,male,C:\Users\rbk55\OneDrive\Documents\Project_CSE432-532\SER_Project\data\audio_speech_actors\Actor_21\03-01-04-02-01-01-21.wav
03-01-04-02-01-02-21.wav,audio-only,speech,sad,4,strong,Kids are talking by the door,2,21,male,C:\Users\rbk55\OneDrive\Documents\Project_CSE432-532\SER_Project\data\audio_speech_actors\Actor_21\03-01-04-02-01-02-21.wav
03-01-04-02-02-01-21.wav,audio-only,speech,sad,4,strong,Dogs are sitting by the door,1,21,male,C:\Users\rbk55\OneDrive\Documents\Project_CSE432-532\SER_Project\data\audio_speech_actors\Actor_21\03-01-04-02-02-01-21.wav
03-01-04-02-02-02-21.wav,audio-only,speech,sad,4,strong,Dogs are sitting by the door,2,21,male,C:\Users\rbk55\OneDrive\Documents\Project_CSE432-532\SER_Project\data\audio_speech_actors\Actor_21\03-01-04-02-02-02-21.wav
03-01-05-01-01-01-21.wav,audio-only,speech,angry,5,normal,Kids are talking by the door,1,21,male,C:\Users\rbk55\OneDrive\Documents\Project_CSE432-532\SER_Project\data\audio_speech_actors\Actor_21\03-01-05-01-01-01-21.wav
03-01-05-01-01-02-21.wav,audio-only,speech,angry,5,normal,Kids are talking by the door,2,21,male,C:\Users\rbk55\OneDrive\Documents\Project_CSE432-532\SER_Project\data\audio_speech_actors\Actor_21\03-01-05-01-01-02-21.wav
03-01-05-01-02-01-21.wav,audio-only,speech,angry,5,normal,Dogs are sitting by the door,1,21,male,C:\Users\rbk55\OneDrive\Documents\Project_CSE432-532\SER_Project\data\audio_speech_actors\Actor_21\03-01-05-01-02-01-21.wav
03-01-05-01-02-02-21.wav,audio-only,speech,angry,5,normal,Dogs are sitting by the door,2,21,male,C:\Users\rbk55\OneDrive\Documents\Project_CSE432-532\SER_Project\data\audio_speech_actors\Actor_21\03-01-05-01-02-02-21.wav
03-01-05-02-01-01-21.wav,audio-only,speech,angry,5,strong,Kids are talking by the door,1,21,male,C:\Users\rbk55\OneDrive\Documents\Project_CSE432-532\SER_Project\data\audio_speech_actors\Actor_21\03-01-05-02-01-01-21.wav
03-01-05-02-01-02-21.wav,audio-only,speech,angry,5,strong,Kids are talking by the door,2,21,male,C:\Users\rbk55\OneDrive\Documents\Project_CSE432-532\SER_Project\data\audio_speech_actors\Actor_21\03-01-05-02-01-02-21.wav
03-01-05-02-02-01-21.wav,audio-only,speech,angry,5,strong,Dogs are sitting by the door,1,21,male,C:\Users\rbk55\OneDrive\Documents\Project_CSE432-532\SER_Project\data\audio_speech_actors\Actor_21\03-01-05-02-02-01-21.wav
03-01-05-02-02-02-21.wav,audio-only,speech,angry,5,strong,Dogs are sitting by the door,2,21,male,C:\Users\rbk55\OneDrive\Documents\Project_CSE432-532\SER_Project\data\audio_speech_actors\Actor_21\03-01-05-02-02-02-21.wav
03-01-06-01-01-01-21.wav,audio-only,speech,fearful,6,normal,Kids are talking by the door,1,21,male,C:\Users\rbk55\OneDrive\Documents\Project_CSE432-532\SER_Project\data\audio_speech_actors\Actor_21\03-01-06-01-01-01-21.wav
03-01-06-01-01-02-21.wav,audio-only,speech,fearful,6,normal,Kids are talking by the door,2,21,male,C:\Users\rbk55\OneDrive\Documents\Project_CSE432-532\SER_Project\data\audio_speech_actors\Actor_21\03-01-06-01-01-02-21.wav
03-01-06-01-02-01-21.wav,audio-only,speech,fearful,6,normal,Dogs are sitting by the door,1,21,male,C:\Users\rbk55\OneDrive\Documents\Project_CSE432-532\SER_Project\data\audio_speech_actors\Actor_21\03-01-06-01-02-01-21.wav
03-01-06-01-02-02-21.wav,audio-only,speech,fearful,6,normal,Dogs are sitting by the door,2,21,male,C:\Users\rbk55\OneDrive\Documents\Project_CSE432-532\SER_Project\data\audio_speech_actors\Actor_21\03-01-06-01-02-02-21.wav
03-01-06-02-01-01-21.wav,audio-only,speech,fearful,6,strong,Kids are talking by the door,1,21,male,C:\Users\rbk55\OneDrive\Documents\Project_CSE432-532\SER_Project\data\audio_speech_actors\Actor_21\03-01-06-02-01-01-21.wav
03-01-06-02-01-02-21.wav,audio-only,speech,fearful,6,strong,Kids are talking by the door,2,21,male,C:\Users\rbk55\OneDrive\Documents\Project_CSE432-532\SER_Project\data\audio_speech_actors\Actor_21\03-01-06-02-01-02-21.wav
03-01-06-02-02-01-21.wav,audio-only,speech,fearful,6,strong,Dogs are sitting by the door,1,21,male,C:\Users\rbk55\OneDrive\Documents\Project_CSE432-532\SER_Project\data\audio_speech_actors\Actor_21\03-01-06-02-02-01-21.wav
03-01-06-02-02-02-21.wav,audio-only,speech,fearful,6,strong,Dogs are sitting by the door,2,21,male,C:\Users\rbk55\OneDrive\Documents\Project_CSE432-532\SER_Project\data\audio_speech_actors\Actor_21\03-01-06-02-02-02-21.wav
03-01-07-01-01-01-21.wav,audio-only,speech,disgust,7,normal,Kids are talking by the door,1,21,male,C:\Users\rbk55\OneDrive\Documents\Project_CSE432-532\SER_Project\data\audio_speech_actors\Actor_21\03-01-07-01-01-01-21.wav
03-01-07-01-01-02-21.wav,audio-only,speech,disgust,7,normal,Kids are talking by the door,2,21,male,C:\Users\rbk55\OneDrive\Documents\Project_CSE432-532\SER_Project\data\audio_speech_actors\Actor_21\03-01-07-01-01-02-21.wav
03-01-07-01-02-01-21.wav,audio-only,speech,disgust,7,normal,Dogs are sitting by the door,1,21,male,C:\Users\rbk55\OneDrive\Documents\Project_CSE432-532\SER_Project\data\audio_speech_actors\Actor_21\03-01-07-01-02-01-21.wav
03-01-07-01-02-02-21.wav,audio-only,speech,disgust,7,normal,Dogs are sitting by the door,2,21,male,C:\Users\rbk55\OneDrive\Documents\Project_CSE432-532\SER_Project\data\audio_speech_actors\Actor_21\03-01-07-01-02-02-21.wav
03-01-07-02-01-01-21.wav,audio-only,speech,disgust,7,strong,Kids are talking by the door,1,21,male,C:\Users\rbk55\OneDrive\Documents\Project_CSE432-532\SER_Project\data\audio_speech_actors\Actor_21\03-01-07-02-01-01-21.wav
03-01-07-02-01-02-21.wav,audio-only,speech,disgust,7,strong,Kids are talking by the door,2,21,male,C:\Users\rbk55\OneDrive\Documents\Project_CSE432-532\SER_Project\data\audio_speech_actors\Actor_21\03-01-07-02-01-02-21.wav
03-01-07-02-02-01-21.wav,audio-only,speech,disgust,7,strong,Dogs are sitting by the door,1,21,male,C:\Users\rbk55\OneDrive\Documents\Project_CSE432-532\SER_Project\data\audio_speech_actors\Actor_21\03-01-07-02-02-01-21.wav
03-01-07-02-02-02-21.wav,audio-only,speech,disgust,7,strong,Dogs are sitting by the door,2,21,male,C:\Users\rbk55\OneDrive\Documents\Project_CSE432-532\SER_Project\data\audio_speech_actors\Actor_21\03-01-07-02-02-02-21.wav
03-01-08-01-01-01-21.wav,audio-only,speech,surprised,8,normal,Kids are talking by the door,1,21,male,C:\Users\rbk55\OneDrive\Documents\Project_CSE432-532\SER_Project\data\audio_speech_actors\Actor_21\03-01-08-01-01-01-21.wav
03-01-08-01-01-02-21.wav,audio-only,speech,surprised,8,normal,Kids are talking by the door,2,21,male,C:\Users\rbk55\OneDrive\Documents\Project_CSE432-532\SER_Project\data\audio_speech_actors\Actor_21\03-01-08-01-01-02-21.wav
03-01-08-01-02-01-21.wav,audio-only,speech,surprised,8,normal,Dogs are sitting by the door,1,21,male,C:\Users\rbk55\OneDrive\Documents\Project_CSE432-532\SER_Project\data\audio_speech_actors\Actor_21\03-01-08-01-02-01-21.wav
03-01-08-01-02-02-21.wav,audio-only,speech,surprised,8,normal,Dogs are sitting by the door,2,21,male,C:\Users\rbk55\OneDrive\Documents\Project_CSE432-532\SER_Project\data\audio_speech_actors\Actor_21\03-01-08-01-02-02-21.wav
03-01-08-02-01-01-21.wav,audio-only,speech,surprised,8,strong,Kids are talking by the door,1,21,male,C:\Users\rbk55\OneDrive\Documents\Project_CSE432-532\SER_Project\data\audio_speech_actors\Actor_21\03-01-08-02-01-01-21.wav
03-01-08-02-01-02-21.wav,audio-only,speech,surprised,8,strong,Kids are talking by the door,2,21,male,C:\Users\rbk55\OneDrive\Documents\Project_CSE432-532\SER_Project\data\audio_speech_actors\Actor_21\03-01-08-02-01-02-21.wav
03-01-08-02-02-01-21.wav,audio-only,speech,surprised,8,strong,Dogs are sitting by the door,1,21,male,C:\Users\rbk55\OneDrive\Documents\Project_CSE432-532\SER_Project\data\audio_speech_actors\Actor_21\03-01-08-02-02-01-21.wav
03-01-08-02-02-02-21.wav,audio-only,speech,surprised,8,strong,Dogs are sitting by the door,2,21,male,C:\Users\rbk55\OneDrive\Documents\Project_CSE432-532\SER_Project\data\audio_speech_actors\Actor_21\03-01-08-02-02-02-21.wav
03-01-01-01-01-01-22.wav,audio-only,speech,neutral,1,normal,Kids are talking by the door,1,22,female,C:\Users\rbk55\OneDrive\Documents\Project_CSE432-532\SER_Project\data\audio_speech_actors\Actor_22\03-01-01-01-01-01-22.wav
03-01-01-01-01-02-22.wav,audio-only,speech,neutral,1,normal,Kids are talking by the door,2,22,female,C:\Users\rbk55\OneDrive\Documents\Project_CSE432-532\SER_Project\data\audio_speech_actors\Actor_22\03-01-01-01-01-02-22.wav
03-01-01-01-02-01-22.wav,audio-only,speech,neutral,1,normal,Dogs are sitting by the door,1,22,female,C:\Users\rbk55\OneDrive\Documents\Project_CSE432-532\SER_Project\data\audio_speech_actors\Actor_22\03-01-01-01-02-01-22.wav
03-01-01-01-02-02-22.wav,audio-only,speech,neutral,1,normal,Dogs are sitting by the door,2,22,female,C:\Users\rbk55\OneDrive\Documents\Project_CSE432-532\SER_Project\data\audio_speech_actors\Actor_22\03-01-01-01-02-02-22.wav
03-01-02-01-01-01-22.wav,audio-only,speech,calm,2,normal,Kids are talking by the door,1,22,female,C:\Users\rbk55\OneDrive\Documents\Project_CSE432-532\SER_Project\data\audio_speech_actors\Actor_22\03-01-02-01-01-01-22.wav
03-01-02-01-01-02-22.wav,audio-only,speech,calm,2,normal,Kids are talking by the door,2,22,female,C:\Users\rbk55\OneDrive\Documents\Project_CSE432-532\SER_Project\data\audio_speech_actors\Actor_22\03-01-02-01-01-02-22.wav
03-01-02-01-02-01-22.wav,audio-only,speech,calm,2,normal,Dogs are sitting by the door,1,22,female,C:\Users\rbk55\OneDrive\Documents\Project_CSE432-532\SER_Project\data\audio_speech_actors\Actor_22\03-01-02-01-02-01-22.wav
03-01-02-01-02-02-22.wav,audio-only,speech,calm,2,normal,Dogs are sitting by the door,2,22,female,C:\Users\rbk55\OneDrive\Documents\Project_CSE432-532\SER_Project\data\audio_speech_actors\Actor_22\03-01-02-01-02-02-22.wav
03-01-02-02-01-01-22.wav,audio-only,speech,calm,2,strong,Kids are talking by the door,1,22,female,C:\Users\rbk55\OneDrive\Documents\Project_CSE432-532\SER_Project\data\audio_speech_actors\Actor_22\03-01-02-02-01-01-22.wav
03-01-02-02-01-02-22.wav,audio-only,speech,calm,2,strong,Kids are talking by the door,2,22,female,C:\Users\rbk55\OneDrive\Documents\Project_CSE432-532\SER_Project\data\audio_speech_actors\Actor_22\03-01-02-02-01-02-22.wav
03-01-02-02-02-01-22.wav,audio-only,speech,calm,2,strong,Dogs are sitting by the door,1,22,female,C:\Users\rbk55\OneDrive\Documents\Project_CSE432-532\SER_Project\data\audio_speech_actors\Actor_22\03-01-02-02-02-01-22.wav
03-01-02-02-02-02-22.wav,audio-only,speech,calm,2,strong,Dogs are sitting by the door,2,22,female,C:\Users\rbk55\OneDrive\Documents\Project_CSE432-532\SER_Project\data\audio_speech_actors\Actor_22\03-01-02-02-02-02-22.wav
03-01-03-01-01-01-22.wav,audio-only,speech,happy,3,normal,Kids are talking by the door,1,22,female,C:\Users\rbk55\OneDrive\Documents\Project_CSE432-532\SER_Project\data\audio_speech_actors\Actor_22\03-01-03-01-01-01-22.wav
03-01-03-01-01-02-22.wav,audio-only,speech,happy,3,normal,Kids are talking by the door,2,22,female,C:\Users\rbk55\OneDrive\Documents\Project_CSE432-532\SER_Project\data\audio_speech_actors\Actor_22\03-01-03-01-01-02-22.wav
03-01-03-01-02-01-22.wav,audio-only,speech,happy,3,normal,Dogs are sitting by the door,1,22,female,C:\Users\rbk55\OneDrive\Documents\Project_CSE432-532\SER_Project\data\audio_speech_actors\Actor_22\03-01-03-01-02-01-22.wav
03-01-03-01-02-02-22.wav,audio-only,speech,happy,3,normal,Dogs are sitting by the door,2,22,female,C:\Users\rbk55\OneDrive\Documents\Project_CSE432-532\SER_Project\data\audio_speech_actors\Actor_22\03-01-03-01-02-02-22.wav
03-01-03-02-01-01-22.wav,audio-only,speech,happy,3,strong,Kids are talking by the door,1,22,female,C:\Users\rbk55\OneDrive\Documents\Project_CSE432-532\SER_Project\data\audio_speech_actors\Actor_22\03-01-03-02-01-01-22.wav
03-01-03-02-01-02-22.wav,audio-only,speech,happy,3,strong,Kids are talking by the door,2,22,female,C:\Users\rbk55\OneDrive\Documents\Project_CSE432-532\SER_Project\data\audio_speech_actors\Actor_22\03-01-03-02-01-02-22.wav
03-01-03-02-02-01-22.wav,audio-only,speech,happy,3,strong,Dogs are sitting by the door,1,22,female,C:\Users\rbk55\OneDrive\Documents\Project_CSE432-532\SER_Project\data\audio_speech_actors\Actor_22\03-01-03-02-02-01-22.wav
03-01-03-02-02-02-22.wav,audio-only,speech,happy,3,strong,Dogs are sitting by the door,2,22,female,C:\Users\rbk55\OneDrive\Documents\Project_CSE432-532\SER_Project\data\audio_speech_actors\Actor_22\03-01-03-02-02-02-22.wav
03-01-04-01-01-01-22.wav,audio-only,speech,sad,4,normal,Kids are talking by the door,1,22,female,C:\Users\rbk55\OneDrive\Documents\Project_CSE432-532\SER_Project\data\audio_speech_actors\Actor_22\03-01-04-01-01-01-22.wav
03-01-04-01-01-02-22.wav,audio-only,speech,sad,4,normal,Kids are talking by the door,2,22,female,C:\Users\rbk55\OneDrive\Documents\Project_CSE432-532\SER_Project\data\audio_speech_actors\Actor_22\03-01-04-01-01-02-22.wav
03-01-04-01-02-01-22.wav,audio-only,speech,sad,4,normal,Dogs are sitting by the door,1,22,female,C:\Users\rbk55\OneDrive\Documents\Project_CSE432-532\SER_Project\data\audio_speech_actors\Actor_22\03-01-04-01-02-01-22.wav
03-01-04-01-02-02-22.wav,audio-only,speech,sad,4,normal,Dogs are sitting by the door,2,22,female,C:\Users\rbk55\OneDrive\Documents\Project_CSE432-532\SER_Project\data\audio_speech_actors\Actor_22\03-01-04-01-02-02-22.wav
03-01-04-02-01-01-22.wav,audio-only,speech,sad,4,strong,Kids are talking by the door,1,22,female,C:\Users\rbk55\OneDrive\Documents\Project_CSE432-532\SER_Project\data\audio_speech_actors\Actor_22\03-01-04-02-01-01-22.wav
03-01-04-02-01-02-22.wav,audio-only,speech,sad,4,strong,Kids are talking by the door,2,22,female,C:\Users\rbk55\OneDrive\Documents\Project_CSE432-532\SER_Project\data\audio_speech_actors\Actor_22\03-01-04-02-01-02-22.wav
03-01-04-02-02-01-22.wav,audio-only,speech,sad,4,strong,Dogs are sitting by the door,1,22,female,C:\Users\rbk55\OneDrive\Documents\Project_CSE432-532\SER_Project\data\audio_speech_actors\Actor_22\03-01-04-02-02-01-22.wav
03-01-04-02-02-02-22.wav,audio-only,speech,sad,4,strong,Dogs are sitting by the door,2,22,female,C:\Users\rbk55\OneDrive\Documents\Project_CSE432-532\SER_Project\data\audio_speech_actors\Actor_22\03-01-04-02-02-02-22.wav
03-01-05-01-01-01-22.wav,audio-only,speech,angry,5,normal,Kids are talking by the door,1,22,female,C:\Users\rbk55\OneDrive\Documents\Project_CSE432-532\SER_Project\data\audio_speech_actors\Actor_22\03-01-05-01-01-01-22.wav
03-01-05-01-01-02-22.wav,audio-only,speech,angry,5,normal,Kids are talking by the door,2,22,female,C:\Users\rbk55\OneDrive\Documents\Project_CSE432-532\SER_Project\data\audio_speech_actors\Actor_22\03-01-05-01-01-02-22.wav
03-01-05-01-02-01-22.wav,audio-only,speech,angry,5,normal,Dogs are sitting by the door,1,22,female,C:\Users\rbk55\OneDrive\Documents\Project_CSE432-532\SER_Project\data\audio_speech_actors\Actor_22\03-01-05-01-02-01-22.wav
03-01-05-01-02-02-22.wav,audio-only,speech,angry,5,normal,Dogs are sitting by the door,2,22,female,C:\Users\rbk55\OneDrive\Documents\Project_CSE432-532\SER_Project\data\audio_speech_actors\Actor_22\03-01-05-01-02-02-22.wav
03-01-05-02-01-01-22.wav,audio-only,speech,angry,5,strong,Kids are talking by the door,1,22,female,C:\Users\rbk55\OneDrive\Documents\Project_CSE432-532\SER_Project\data\audio_speech_actors\Actor_22\03-01-05-02-01-01-22.wav
03-01-05-02-01-02-22.wav,audio-only,speech,angry,5,strong,Kids are talking by the door,2,22,female,C:\Users\rbk55\OneDrive\Documents\Project_CSE432-532\SER_Project\data\audio_speech_actors\Actor_22\03-01-05-02-01-02-22.wav
03-01-05-02-02-01-22.wav,audio-only,speech,angry,5,strong,Dogs are sitting by the door,1,22,female,C:\Users\rbk55\OneDrive\Documents\Project_CSE432-532\SER_Project\data\audio_speech_actors\Actor_22\03-01-05-02-02-01-22.wav
03-01-05-02-02-02-22.wav,audio-only,speech,angry,5,strong,Dogs are sitting by the door,2,22,female,C:\Users\rbk55\OneDrive\Documents\Project_CSE432-532\SER_Project\data\audio_speech_actors\Actor_22\03-01-05-02-02-02-22.wav
03-01-06-01-01-01-22.wav,audio-only,speech,fearful,6,normal,Kids are talking by the door,1,22,female,C:\Users\rbk55\OneDrive\Documents\Project_CSE432-532\SER_Project\data\audio_speech_actors\Actor_22\03-01-06-01-01-01-22.wav
03-01-06-01-01-02-22.wav,audio-only,speech,fearful,6,normal,Kids are talking by the door,2,22,female,C:\Users\rbk55\OneDrive\Documents\Project_CSE432-532\SER_Project\data\audio_speech_actors\Actor_22\03-01-06-01-01-02-22.wav
03-01-06-01-02-01-22.wav,audio-only,speech,fearful,6,normal,Dogs are sitting by the door,1,22,female,C:\Users\rbk55\OneDrive\Documents\Project_CSE432-532\SER_Project\data\audio_speech_actors\Actor_22\03-01-06-01-02-01-22.wav
03-01-06-01-02-02-22.wav,audio-only,speech,fearful,6,normal,Dogs are sitting by the door,2,22,female,C:\Users\rbk55\OneDrive\Documents\Project_CSE432-532\SER_Project\data\audio_speech_actors\Actor_22\03-01-06-01-02-02-22.wav
03-01-06-02-01-01-22.wav,audio-only,speech,fearful,6,strong,Kids are talking by the door,1,22,female,C:\Users\rbk55\OneDrive\Documents\Project_CSE432-532\SER_Project\data\audio_speech_actors\Actor_22\03-01-06-02-01-01-22.wav
03-01-06-02-01-02-22.wav,audio-only,speech,fearful,6,strong,Kids are talking by the door,2,22,female,C:\Users\rbk55\OneDrive\Documents\Project_CSE432-532\SER_Project\data\audio_speech_actors\Actor_22\03-01-06-02-01-02-22.wav
03-01-06-02-02-01-22.wav,audio-only,speech,fearful,6,strong,Dogs are sitting by the door,1,22,female,C:\Users\rbk55\OneDrive\Documents\Project_CSE432-532\SER_Project\data\audio_speech_actors\Actor_22\03-01-06-02-02-01-22.wav
03-01-06-02-02-02-22.wav,audio-only,speech,fearful,6,strong,Dogs are sitting by the door,2,22,female,C:\Users\rbk55\OneDrive\Documents\Project_CSE432-532\SER_Project\data\audio_speech_actors\Actor_22\03-01-06-02-02-02-22.wav
03-01-07-01-01-01-22.wav,audio-only,speech,disgust,7,normal,Kids are talking by the door,1,22,female,C:\Users\rbk55\OneDrive\Documents\Project_CSE432-532\SER_Project\data\audio_speech_actors\Actor_22\03-01-07-01-01-01-22.wav
03-01-07-01-01-02-22.wav,audio-only,speech,disgust,7,normal,Kids are talking by the door,2,22,female,C:\Users\rbk55\OneDrive\Documents\Project_CSE432-532\SER_Project\data\audio_speech_actors\Actor_22\03-01-07-01-01-02-22.wav
03-01-07-01-02-01-22.wav,audio-only,speech,disgust,7,normal,Dogs are sitting by the door,1,22,female,C:\Users\rbk55\OneDrive\Documents\Project_CSE432-532\SER_Project\data\audio_speech_actors\Actor_22\03-01-07-01-02-01-22.wav
03-01-07-01-02-02-22.wav,audio-only,speech,disgust,7,normal,Dogs are sitting by the door,2,22,female,C:\Users\rbk55\OneDrive\Documents\Project_CSE432-532\SER_Project\data\audio_speech_actors\Actor_22\03-01-07-01-02-02-22.wav
03-01-07-02-01-01-22.wav,audio-only,speech,disgust,7,strong,Kids are talking by the door,1,22,female,C:\Users\rbk55\OneDrive\Documents\Project_CSE432-532\SER_Project\data\audio_speech_actors\Actor_22\03-01-07-02-01-01-22.wav
03-01-07-02-01-02-22.wav,audio-only,speech,disgust,7,strong,Kids are talking by the door,2,22,female,C:\Users\rbk55\OneDrive\Documents\Project_CSE432-532\SER_Project\data\audio_speech_actors\Actor_22\03-01-07-02-01-02-22.wav
03-01-07-02-02-01-22.wav,audio-only,speech,disgust,7,strong,Dogs are sitting by the door,1,22,female,C:\Users\rbk55\OneDrive\Documents\Project_CSE432-532\SER_Project\data\audio_speech_actors\Actor_22\03-01-07-02-02-01-22.wav
03-01-07-02-02-02-22.wav,audio-only,speech,disgust,7,strong,Dogs are sitting by the door,2,22,female,C:\Users\rbk55\OneDrive\Documents\Project_CSE432-532\SER_Project\data\audio_speech_actors\Actor_22\03-01-07-02-02-02-22.wav
03-01-08-01-01-01-22.wav,audio-only,speech,surprised,8,normal,Kids are talking by the door,1,22,female,C:\Users\rbk55\OneDrive\Documents\Project_CSE432-532\SER_Project\data\audio_speech_actors\Actor_22\03-01-08-01-01-01-22.wav
03-01-08-01-01-02-22.wav,audio-only,speech,surprised,8,normal,Kids are talking by the door,2,22,female,C:\Users\rbk55\OneDrive\Documents\Project_CSE432-532\SER_Project\data\audio_speech_actors\Actor_22\03-01-08-01-01-02-22.wav
03-01-08-01-02-01-22.wav,audio-only,speech,surprised,8,normal,Dogs are sitting by the door,1,22,female,C:\Users\rbk55\OneDrive\Documents\Project_CSE432-532\SER_Project\data\audio_speech_actors\Actor_22\03-01-08-01-02-01-22.wav
03-01-08-01-02-02-22.wav,audio-only,speech,surprised,8,normal,Dogs are sitting by the door,2,22,female,C:\Users\rbk55\OneDrive\Documents\Project_CSE432-532\SER_Project\data\audio_speech_actors\Actor_22\03-01-08-01-02-02-22.wav
03-01-08-02-01-01-22.wav,audio-only,speech,surprised,8,strong,Kids are talking by the door,1,22,female,C:\Users\rbk55\OneDrive\Documents\Project_CSE432-532\SER_Project\data\audio_speech_actors\Actor_22\03-01-08-02-01-01-22.wav
03-01-08-02-01-02-22.wav,audio-only,speech,surprised,8,strong,Kids are talking by the door,2,22,female,C:\Users\rbk55\OneDrive\Documents\Project_CSE432-532\SER_Project\data\audio_speech_actors\Actor_22\03-01-08-02-01-02-22.wav
03-01-08-02-02-01-22.wav,audio-only,speech,surprised,8,strong,Dogs are sitting by the door,1,22,female,C:\Users\rbk55\OneDrive\Documents\Project_CSE432-532\SER_Project\data\audio_speech_actors\Actor_22\03-01-08-02-02-01-22.wav
03-01-08-02-02-02-22.wav,audio-only,speech,surprised,8,strong,Dogs are sitting by the door,2,22,female,C:\Users\rbk55\OneDrive\Documents\Project_CSE432-532\SER_Project\data\audio_speech_actors\Actor_22\03-01-08-02-02-02-22.wav
03-01-01-01-01-01-23.wav,audio-only,speech,neutral,1,normal,Kids are talking by the door,1,23,male,C:\Users\rbk55\OneDrive\Documents\Project_CSE432-532\SER_Project\data\audio_speech_actors\Actor_23\03-01-01-01-01-01-23.wav
03-01-01-01-01-02-23.wav,audio-only,speech,neutral,1,normal,Kids are talking by the door,2,23,male,C:\Users\rbk55\OneDrive\Documents\Project_CSE432-532\SER_Project\data\audio_speech_actors\Actor_23\03-01-01-01-01-02-23.wav
03-01-01-01-02-01-23.wav,audio-only,speech,neutral,1,normal,Dogs are sitting by the door,1,23,male,C:\Users\rbk55\OneDrive\Documents\Project_CSE432-532\SER_Project\data\audio_speech_actors\Actor_23\03-01-01-01-02-01-23.wav
03-01-01-01-02-02-23.wav,audio-only,speech,neutral,1,normal,Dogs are sitting by the door,2,23,male,C:\Users\rbk55\OneDrive\Documents\Project_CSE432-532\SER_Project\data\audio_speech_actors\Actor_23\03-01-01-01-02-02-23.wav
03-01-02-01-01-01-23.wav,audio-only,speech,calm,2,normal,Kids are talking by the door,1,23,male,C:\Users\rbk55\OneDrive\Documents\Project_CSE432-532\SER_Project\data\audio_speech_actors\Actor_23\03-01-02-01-01-01-23.wav
03-01-02-01-01-02-23.wav,audio-only,speech,calm,2,normal,Kids are talking by the door,2,23,male,C:\Users\rbk55\OneDrive\Documents\Project_CSE432-532\SER_Project\data\audio_speech_actors\Actor_23\03-01-02-01-01-02-23.wav
03-01-02-01-02-01-23.wav,audio-only,speech,calm,2,normal,Dogs are sitting by the door,1,23,male,C:\Users\rbk55\OneDrive\Documents\Project_CSE432-532\SER_Project\data\audio_speech_actors\Actor_23\03-01-02-01-02-01-23.wav
03-01-02-01-02-02-23.wav,audio-only,speech,calm,2,normal,Dogs are sitting by the door,2,23,male,C:\Users\rbk55\OneDrive\Documents\Project_CSE432-532\SER_Project\data\audio_speech_actors\Actor_23\03-01-02-01-02-02-23.wav
03-01-02-02-01-01-23.wav,audio-only,speech,calm,2,strong,Kids are talking by the door,1,23,male,C:\Users\rbk55\OneDrive\Documents\Project_CSE432-532\SER_Project\data\audio_speech_actors\Actor_23\03-01-02-02-01-01-23.wav
03-01-02-02-01-02-23.wav,audio-only,speech,calm,2,strong,Kids are talking by the door,2,23,male,C:\Users\rbk55\OneDrive\Documents\Project_CSE432-532\SER_Project\data\audio_speech_actors\Actor_23\03-01-02-02-01-02-23.wav
03-01-02-02-02-01-23.wav,audio-only,speech,calm,2,strong,Dogs are sitting by the door,1,23,male,C:\Users\rbk55\OneDrive\Documents\Project_CSE432-532\SER_Project\data\audio_speech_actors\Actor_23\03-01-02-02-02-01-23.wav
03-01-02-02-02-02-23.wav,audio-only,speech,calm,2,strong,Dogs are sitting by the door,2,23,male,C:\Users\rbk55\OneDrive\Documents\Project_CSE432-532\SER_Project\data\audio_speech_actors\Actor_23\03-01-02-02-02-02-23.wav
03-01-03-01-01-01-23.wav,audio-only,speech,happy,3,normal,Kids are talking by the door,1,23,male,C:\Users\rbk55\OneDrive\Documents\Project_CSE432-532\SER_Project\data\audio_speech_actors\Actor_23\03-01-03-01-01-01-23.wav
03-01-03-01-01-02-23.wav,audio-only,speech,happy,3,normal,Kids are talking by the door,2,23,male,C:\Users\rbk55\OneDrive\Documents\Project_CSE432-532\SER_Project\data\audio_speech_actors\Actor_23\03-01-03-01-01-02-23.wav
03-01-03-01-02-01-23.wav,audio-only,speech,happy,3,normal,Dogs are sitting by the door,1,23,male,C:\Users\rbk55\OneDrive\Documents\Project_CSE432-532\SER_Project\data\audio_speech_actors\Actor_23\03-01-03-01-02-01-23.wav
03-01-03-01-02-02-23.wav,audio-only,speech,happy,3,normal,Dogs are sitting by the door,2,23,male,C:\Users\rbk55\OneDrive\Documents\Project_CSE432-532\SER_Project\data\audio_speech_actors\Actor_23\03-01-03-01-02-02-23.wav
03-01-03-02-01-01-23.wav,audio-only,speech,happy,3,strong,Kids are talking by the door,1,23,male,C:\Users\rbk55\OneDrive\Documents\Project_CSE432-532\SER_Project\data\audio_speech_actors\Actor_23\03-01-03-02-01-01-23.wav
03-01-03-02-01-02-23.wav,audio-only,speech,happy,3,strong,Kids are talking by the door,2,23,male,C:\Users\rbk55\OneDrive\Documents\Project_CSE432-532\SER_Project\data\audio_speech_actors\Actor_23\03-01-03-02-01-02-23.wav
03-01-03-02-02-01-23.wav,audio-only,speech,happy,3,strong,Dogs are sitting by the door,1,23,male,C:\Users\rbk55\OneDrive\Documents\Project_CSE432-532\SER_Project\data\audio_speech_actors\Actor_23\03-01-03-02-02-01-23.wav
03-01-03-02-02-02-23.wav,audio-only,speech,happy,3,strong,Dogs are sitting by the door,2,23,male,C:\Users\rbk55\OneDrive\Documents\Project_CSE432-532\SER_Project\data\audio_speech_actors\Actor_23\03-01-03-02-02-02-23.wav
03-01-04-01-01-01-23.wav,audio-only,speech,sad,4,normal,Kids are talking by the door,1,23,male,C:\Users\rbk55\OneDrive\Documents\Project_CSE432-532\SER_Project\data\audio_speech_actors\Actor_23\03-01-04-01-01-01-23.wav
03-01-04-01-01-02-23.wav,audio-only,speech,sad,4,normal,Kids are talking by the door,2,23,male,C:\Users\rbk55\OneDrive\Documents\Project_CSE432-532\SER_Project\data\audio_speech_actors\Actor_23\03-01-04-01-01-02-23.wav
03-01-04-01-02-01-23.wav,audio-only,speech,sad,4,normal,Dogs are sitting by the door,1,23,male,C:\Users\rbk55\OneDrive\Documents\Project_CSE432-532\SER_Project\data\audio_speech_actors\Actor_23\03-01-04-01-02-01-23.wav
03-01-04-01-02-02-23.wav,audio-only,speech,sad,4,normal,Dogs are sitting by the door,2,23,male,C:\Users\rbk55\OneDrive\Documents\Project_CSE432-532\SER_Project\data\audio_speech_actors\Actor_23\03-01-04-01-02-02-23.wav
03-01-04-02-01-01-23.wav,audio-only,speech,sad,4,strong,Kids are talking by the door,1,23,male,C:\Users\rbk55\OneDrive\Documents\Project_CSE432-532\SER_Project\data\audio_speech_actors\Actor_23\03-01-04-02-01-01-23.wav
03-01-04-02-01-02-23.wav,audio-only,speech,sad,4,strong,Kids are talking by the door,2,23,male,C:\Users\rbk55\OneDrive\Documents\Project_CSE432-532\SER_Project\data\audio_speech_actors\Actor_23\03-01-04-02-01-02-23.wav
03-01-04-02-02-01-23.wav,audio-only,speech,sad,4,strong,Dogs are sitting by the door,1,23,male,C:\Users\rbk55\OneDrive\Documents\Project_CSE432-532\SER_Project\data\audio_speech_actors\Actor_23\03-01-04-02-02-01-23.wav
03-01-04-02-02-02-23.wav,audio-only,speech,sad,4,strong,Dogs are sitting by the door,2,23,male,C:\Users\rbk55\OneDrive\Documents\Project_CSE432-532\SER_Project\data\audio_speech_actors\Actor_23\03-01-04-02-02-02-23.wav
03-01-05-01-01-01-23.wav,audio-only,speech,angry,5,normal,Kids are talking by the door,1,23,male,C:\Users\rbk55\OneDrive\Documents\Project_CSE432-532\SER_Project\data\audio_speech_actors\Actor_23\03-01-05-01-01-01-23.wav
03-01-05-01-01-02-23.wav,audio-only,speech,angry,5,normal,Kids are talking by the door,2,23,male,C:\Users\rbk55\OneDrive\Documents\Project_CSE432-532\SER_Project\data\audio_speech_actors\Actor_23\03-01-05-01-01-02-23.wav
03-01-05-01-02-01-23.wav,audio-only,speech,angry,5,normal,Dogs are sitting by the door,1,23,male,C:\Users\rbk55\OneDrive\Documents\Project_CSE432-532\SER_Project\data\audio_speech_actors\Actor_23\03-01-05-01-02-01-23.wav
03-01-05-01-02-02-23.wav,audio-only,speech,angry,5,normal,Dogs are sitting by the door,2,23,male,C:\Users\rbk55\OneDrive\Documents\Project_CSE432-532\SER_Project\data\audio_speech_actors\Actor_23\03-01-05-01-02-02-23.wav
03-01-05-02-01-01-23.wav,audio-only,speech,angry,5,strong,Kids are talking by the door,1,23,male,C:\Users\rbk55\OneDrive\Documents\Project_CSE432-532\SER_Project\data\audio_speech_actors\Actor_23\03-01-05-02-01-01-23.wav
03-01-05-02-01-02-23.wav,audio-only,speech,angry,5,strong,Kids are talking by the door,2,23,male,C:\Users\rbk55\OneDrive\Documents\Project_CSE432-532\SER_Project\data\audio_speech_actors\Actor_23\03-01-05-02-01-02-23.wav
03-01-05-02-02-01-23.wav,audio-only,speech,angry,5,strong,Dogs are sitting by the door,1,23,male,C:\Users\rbk55\OneDrive\Documents\Project_CSE432-532\SER_Project\data\audio_speech_actors\Actor_23\03-01-05-02-02-01-23.wav
03-01-05-02-02-02-23.wav,audio-only,speech,angry,5,strong,Dogs are sitting by the door,2,23,male,C:\Users\rbk55\OneDrive\Documents\Project_CSE432-532\SER_Project\data\audio_speech_actors\Actor_23\03-01-05-02-02-02-23.wav
03-01-06-01-01-01-23.wav,audio-only,speech,fearful,6,normal,Kids are talking by the door,1,23,male,C:\Users\rbk55\OneDrive\Documents\Project_CSE432-532\SER_Project\data\audio_speech_actors\Actor_23\03-01-06-01-01-01-23.wav
03-01-06-01-01-02-23.wav,audio-only,speech,fearful,6,normal,Kids are talking by the door,2,23,male,C:\Users\rbk55\OneDrive\Documents\Project_CSE432-532\SER_Project\data\audio_speech_actors\Actor_23\03-01-06-01-01-02-23.wav
03-01-06-01-02-01-23.wav,audio-only,speech,fearful,6,normal,Dogs are sitting by the door,1,23,male,C:\Users\rbk55\OneDrive\Documents\Project_CSE432-532\SER_Project\data\audio_speech_actors\Actor_23\03-01-06-01-02-01-23.wav
03-01-06-01-02-02-23.wav,audio-only,speech,fearful,6,normal,Dogs are sitting by the door,2,23,male,C:\Users\rbk55\OneDrive\Documents\Project_CSE432-532\SER_Project\data\audio_speech_actors\Actor_23\03-01-06-01-02-02-23.wav
03-01-06-02-01-01-23.wav,audio-only,speech,fearful,6,strong,Kids are talking by the door,1,23,male,C:\Users\rbk55\OneDrive\Documents\Project_CSE432-532\SER_Project\data\audio_speech_actors\Actor_23\03-01-06-02-01-01-23.wav
03-01-06-02-01-02-23.wav,audio-only,speech,fearful,6,strong,Kids are talking by the door,2,23,male,C:\Users\rbk55\OneDrive\Documents\Project_CSE432-532\SER_Project\data\audio_speech_actors\Actor_23\03-01-06-02-01-02-23.wav
03-01-06-02-02-01-23.wav,audio-only,speech,fearful,6,strong,Dogs are sitting by the door,1,23,male,C:\Users\rbk55\OneDrive\Documents\Project_CSE432-532\SER_Project\data\audio_speech_actors\Actor_23\03-01-06-02-02-01-23.wav
03-01-06-02-02-02-23.wav,audio-only,speech,fearful,6,strong,Dogs are sitting by the door,2,23,male,C:\Users\rbk55\OneDrive\Documents\Project_CSE432-532\SER_Project\data\audio_speech_actors\Actor_23\03-01-06-02-02-02-23.wav
03-01-07-01-01-01-23.wav,audio-only,speech,disgust,7,normal,Kids are talking by the door,1,23,male,C:\Users\rbk55\OneDrive\Documents\Project_CSE432-532\SER_Project\data\audio_speech_actors\Actor_23\03-01-07-01-01-01-23.wav
03-01-07-01-01-02-23.wav,audio-only,speech,disgust,7,normal,Kids are talking by the door,2,23,male,C:\Users\rbk55\OneDrive\Documents\Project_CSE432-532\SER_Project\data\audio_speech_actors\Actor_23\03-01-07-01-01-02-23.wav
03-01-07-01-02-01-23.wav,audio-only,speech,disgust,7,normal,Dogs are sitting by the door,1,23,male,C:\Users\rbk55\OneDrive\Documents\Project_CSE432-532\SER_Project\data\audio_speech_actors\Actor_23\03-01-07-01-02-01-23.wav
03-01-07-01-02-02-23.wav,audio-only,speech,disgust,7,normal,Dogs are sitting by the door,2,23,male,C:\Users\rbk55\OneDrive\Documents\Project_CSE432-532\SER_Project\data\audio_speech_actors\Actor_23\03-01-07-01-02-02-23.wav
03-01-07-02-01-01-23.wav,audio-only,speech,disgust,7,strong,Kids are talking by the door,1,23,male,C:\Users\rbk55\OneDrive\Documents\Project_CSE432-532\SER_Project\data\audio_speech_actors\Actor_23\03-01-07-02-01-01-23.wav
03-01-07-02-01-02-23.wav,audio-only,speech,disgust,7,strong,Kids are talking by the door,2,23,male,C:\Users\rbk55\OneDrive\Documents\Project_CSE432-532\SER_Project\data\audio_speech_actors\Actor_23\03-01-07-02-01-02-23.wav
03-01-07-02-02-01-23.wav,audio-only,speech,disgust,7,strong,Dogs are sitting by the door,1,23,male,C:\Users\rbk55\OneDrive\Documents\Project_CSE432-532\SER_Project\data\audio_speech_actors\Actor_23\03-01-07-02-02-01-23.wav
03-01-07-02-02-02-23.wav,audio-only,speech,disgust,7,strong,Dogs are sitting by the door,2,23,male,C:\Users\rbk55\OneDrive\Documents\Project_CSE432-532\SER_Project\data\audio_speech_actors\Actor_23\03-01-07-02-02-02-23.wav
03-01-08-01-01-01-23.wav,audio-only,speech,surprised,8,normal,Kids are talking by the door,1,23,male,C:\Users\rbk55\OneDrive\Documents\Project_CSE432-532\SER_Project\data\audio_speech_actors\Actor_23\03-01-08-01-01-01-23.wav
03-01-08-01-01-02-23.wav,audio-only,speech,surprised,8,normal,Kids are talking by the door,2,23,male,C:\Users\rbk55\OneDrive\Documents\Project_CSE432-532\SER_Project\data\audio_speech_actors\Actor_23\03-01-08-01-01-02-23.wav
03-01-08-01-02-01-23.wav,audio-only,speech,surprised,8,normal,Dogs are sitting by the door,1,23,male,C:\Users\rbk55\OneDrive\Documents\Project_CSE432-532\SER_Project\data\audio_speech_actors\Actor_23\03-01-08-01-02-01-23.wav
03-01-08-01-02-02-23.wav,audio-only,speech,surprised,8,normal,Dogs are sitting by the door,2,23,male,C:\Users\rbk55\OneDrive\Documents\Project_CSE432-532\SER_Project\data\audio_speech_actors\Actor_23\03-01-08-01-02-02-23.wav
03-01-08-02-01-01-23.wav,audio-only,speech,surprised,8,strong,Kids are talking by the door,1,23,male,C:\Users\rbk55\OneDrive\Documents\Project_CSE432-532\SER_Project\data\audio_speech_actors\Actor_23\03-01-08-02-01-01-23.wav
03-01-08-02-01-02-23.wav,audio-only,speech,surprised,8,strong,Kids are talking by the door,2,23,male,C:\Users\rbk55\OneDrive\Documents\Project_CSE432-532\SER_Project\data\audio_speech_actors\Actor_23\03-01-08-02-01-02-23.wav
03-01-08-02-02-01-23.wav,audio-only,speech,surprised,8,strong,Dogs are sitting by the door,1,23,male,C:\Users\rbk55\OneDrive\Documents\Project_CSE432-532\SER_Project\data\audio_speech_actors\Actor_23\03-01-08-02-02-01-23.wav
03-01-08-02-02-02-23.wav,audio-only,speech,surprised,8,strong,Dogs are sitting by the door,2,23,male,C:\Users\rbk55\OneDrive\Documents\Project_CSE432-532\SER_Project\data\audio_speech_actors\Actor_23\03-01-08-02-02-02-23.wav
03-01-01-01-01-01-24.wav,audio-only,speech,neutral,1,normal,Kids are talking by the door,1,24,female,C:\Users\rbk55\OneDrive\Documents\Project_CSE432-532\SER_Project\data\audio_speech_actors\Actor_24\03-01-01-01-01-01-24.wav
03-01-01-01-01-02-24.wav,audio-only,speech,neutral,1,normal,Kids are talking by the door,2,24,female,C:\Users\rbk55\OneDrive\Documents\Project_CSE432-532\SER_Project\data\audio_speech_actors\Actor_24\03-01-01-01-01-02-24.wav
03-01-01-01-02-01-24.wav,audio-only,speech,neutral,1,normal,Dogs are sitting by the door,1,24,female,C:\Users\rbk55\OneDrive\Documents\Project_CSE432-532\SER_Project\data\audio_speech_actors\Actor_24\03-01-01-01-02-01-24.wav
03-01-01-01-02-02-24.wav,audio-only,speech,neutral,1,normal,Dogs are sitting by the door,2,24,female,C:\Users\rbk55\OneDrive\Documents\Project_CSE432-532\SER_Project\data\audio_speech_actors\Actor_24\03-01-01-01-02-02-24.wav
03-01-02-01-01-01-24.wav,audio-only,speech,calm,2,normal,Kids are talking by the door,1,24,female,C:\Users\rbk55\OneDrive\Documents\Project_CSE432-532\SER_Project\data\audio_speech_actors\Actor_24\03-01-02-01-01-01-24.wav
03-01-02-01-01-02-24.wav,audio-only,speech,calm,2,normal,Kids are talking by the door,2,24,female,C:\Users\rbk55\OneDrive\Documents\Project_CSE432-532\SER_Project\data\audio_speech_actors\Actor_24\03-01-02-01-01-02-24.wav
03-01-02-01-02-01-24.wav,audio-only,speech,calm,2,normal,Dogs are sitting by the door,1,24,female,C:\Users\rbk55\OneDrive\Documents\Project_CSE432-532\SER_Project\data\audio_speech_actors\Actor_24\03-01-02-01-02-01-24.wav
03-01-02-01-02-02-24.wav,audio-only,speech,calm,2,normal,Dogs are sitting by the door,2,24,female,C:\Users\rbk55\OneDrive\Documents\Project_CSE432-532\SER_Project\data\audio_speech_actors\Actor_24\03-01-02-01-02-02-24.wav
03-01-02-02-01-01-24.wav,audio-only,speech,calm,2,strong,Kids are talking by the door,1,24,female,C:\Users\rbk55\OneDrive\Documents\Project_CSE432-532\SER_Project\data\audio_speech_actors\Actor_24\03-01-02-02-01-01-24.wav
03-01-02-02-01-02-24.wav,audio-only,speech,calm,2,strong,Kids are talking by the door,2,24,female,C:\Users\rbk55\OneDrive\Documents\Project_CSE432-532\SER_Project\data\audio_speech_actors\Actor_24\03-01-02-02-01-02-24.wav
03-01-02-02-02-01-24.wav,audio-only,speech,calm,2,strong,Dogs are sitting by the door,1,24,female,C:\Users\rbk55\OneDrive\Documents\Project_CSE432-532\SER_Project\data\audio_speech_actors\Actor_24\03-01-02-02-02-01-24.wav
03-01-02-02-02-02-24.wav,audio-only,speech,calm,2,strong,Dogs are sitting by the door,2,24,female,C:\Users\rbk55\OneDrive\Documents\Project_CSE432-532\SER_Project\data\audio_speech_actors\Actor_24\03-01-02-02-02-02-24.wav
03-01-03-01-01-01-24.wav,audio-only,speech,happy,3,normal,Kids are talking by the door,1,24,female,C:\Users\rbk55\OneDrive\Documents\Project_CSE432-532\SER_Project\data\audio_speech_actors\Actor_24\03-01-03-01-01-01-24.wav
03-01-03-01-01-02-24.wav,audio-only,speech,happy,3,normal,Kids are talking by the door,2,24,female,C:\Users\rbk55\OneDrive\Documents\Project_CSE432-532\SER_Project\data\audio_speech_actors\Actor_24\03-01-03-01-01-02-24.wav
03-01-03-01-02-01-24.wav,audio-only,speech,happy,3,normal,Dogs are sitting by the door,1,24,female,C:\Users\rbk55\OneDrive\Documents\Project_CSE432-532\SER_Project\data\audio_speech_actors\Actor_24\03-01-03-01-02-01-24.wav
03-01-03-01-02-02-24.wav,audio-only,speech,happy,3,normal,Dogs are sitting by the door,2,24,female,C:\Users\rbk55\OneDrive\Documents\Project_CSE432-532\SER_Project\data\audio_speech_actors\Actor_24\03-01-03-01-02-02-24.wav
03-01-03-02-01-01-24.wav,audio-only,speech,happy,3,strong,Kids are talking by the door,1,24,female,C:\Users\rbk55\OneDrive\Documents\Project_CSE432-532\SER_Project\data\audio_speech_actors\Actor_24\03-01-03-02-01-01-24.wav
03-01-03-02-01-02-24.wav,audio-only,speech,happy,3,strong,Kids are talking by the door,2,24,female,C:\Users\rbk55\OneDrive\Documents\Project_CSE432-532\SER_Project\data\audio_speech_actors\Actor_24\03-01-03-02-01-02-24.wav
03-01-03-02-02-01-24.wav,audio-only,speech,happy,3,strong,Dogs are sitting by the door,1,24,female,C:\Users\rbk55\OneDrive\Documents\Project_CSE432-532\SER_Project\data\audio_speech_actors\Actor_24\03-01-03-02-02-01-24.wav
03-01-03-02-02-02-24.wav,audio-only,speech,happy,3,strong,Dogs are sitting by the door,2,24,female,C:\Users\rbk55\OneDrive\Documents\Project_CSE432-532\SER_Project\data\audio_speech_actors\Actor_24\03-01-03-02-02-02-24.wav
03-01-04-01-01-01-24.wav,audio-only,speech,sad,4,normal,Kids are talking by the door,1,24,female,C:\Users\rbk55\OneDrive\Documents\Project_CSE432-532\SER_Project\data\audio_speech_actors\Actor_24\03-01-04-01-01-01-24.wav
03-01-04-01-01-02-24.wav,audio-only,speech,sad,4,normal,Kids are talking by the door,2,24,female,C:\Users\rbk55\OneDrive\Documents\Project_CSE432-532\SER_Project\data\audio_speech_actors\Actor_24\03-01-04-01-01-02-24.wav
03-01-04-01-02-01-24.wav,audio-only,speech,sad,4,normal,Dogs are sitting by the door,1,24,female,C:\Users\rbk55\OneDrive\Documents\Project_CSE432-532\SER_Project\data\audio_speech_actors\Actor_24\03-01-04-01-02-01-24.wav
03-01-04-01-02-02-24.wav,audio-only,speech,sad,4,normal,Dogs are sitting by the door,2,24,female,C:\Users\rbk55\OneDrive\Documents\Project_CSE432-532\SER_Project\data\audio_speech_actors\Actor_24\03-01-04-01-02-02-24.wav
03-01-04-02-01-01-24.wav,audio-only,speech,sad,4,strong,Kids are talking by the door,1,24,female,C:\Users\rbk55\OneDrive\Documents\Project_CSE432-532\SER_Project\data\audio_speech_actors\Actor_24\03-01-04-02-01-01-24.wav
03-01-04-02-01-02-24.wav,audio-only,speech,sad,4,strong,Kids are talking by the door,2,24,female,C:\Users\rbk55\OneDrive\Documents\Project_CSE432-532\SER_Project\data\audio_speech_actors\Actor_24\03-01-04-02-01-02-24.wav
03-01-04-02-02-01-24.wav,audio-only,speech,sad,4,strong,Dogs are sitting by the door,1,24,female,C:\Users\rbk55\OneDrive\Documents\Project_CSE432-532\SER_Project\data\audio_speech_actors\Actor_24\03-01-04-02-02-01-24.wav
03-01-04-02-02-02-24.wav,audio-only,speech,sad,4,strong,Dogs are sitting by the door,2,24,female,C:\Users\rbk55\OneDrive\Documents\Project_CSE432-532\SER_Project\data\audio_speech_actors\Actor_24\03-01-04-02-02-02-24.wav
03-01-05-01-01-01-24.wav,audio-only,speech,angry,5,normal,Kids are talking by the door,1,24,female,C:\Users\rbk55\OneDrive\Documents\Project_CSE432-532\SER_Project\data\audio_speech_actors\Actor_24\03-01-05-01-01-01-24.wav
03-01-05-01-01-02-24.wav,audio-only,speech,angry,5,normal,Kids are talking by the door,2,24,female,C:\Users\rbk55\OneDrive\Documents\Project_CSE432-532\SER_Project\data\audio_speech_actors\Actor_24\03-01-05-01-01-02-24.wav
03-01-05-01-02-01-24.wav,audio-only,speech,angry,5,normal,Dogs are sitting by the door,1,24,female,C:\Users\rbk55\OneDrive\Documents\Project_CSE432-532\SER_Project\data\audio_speech_actors\Actor_24\03-01-05-01-02-01-24.wav
03-01-05-01-02-02-24.wav,audio-only,speech,angry,5,normal,Dogs are sitting by the door,2,24,female,C:\Users\rbk55\OneDrive\Documents\Project_CSE432-532\SER_Project\data\audio_speech_actors\Actor_24\03-01-05-01-02-02-24.wav
03-01-05-02-01-01-24.wav,audio-only,speech,angry,5,strong,Kids are talking by the door,1,24,female,C:\Users\rbk55\OneDrive\Documents\Project_CSE432-532\SER_Project\data\audio_speech_actors\Actor_24\03-01-05-02-01-01-24.wav
03-01-05-02-01-02-24.wav,audio-only,speech,angry,5,strong,Kids are talking by the door,2,24,female,C:\Users\rbk55\OneDrive\Documents\Project_CSE432-532\SER_Project\data\audio_speech_actors\Actor_24\03-01-05-02-01-02-24.wav
03-01-05-02-02-01-24.wav,audio-only,speech,angry,5,strong,Dogs are sitting by the door,1,24,female,C:\Users\rbk55\OneDrive\Documents\Project_CSE432-532\SER_Project\data\audio_speech_actors\Actor_24\03-01-05-02-02-01-24.wav
03-01-05-02-02-02-24.wav,audio-only,speech,angry,5,strong,Dogs are sitting by the door,2,24,female,C:\Users\rbk55\OneDrive\Documents\Project_CSE432-532\SER_Project\data\audio_speech_actors\Actor_24\03-01-05-02-02-02-24.wav
03-01-06-01-01-01-24.wav,audio-only,speech,fearful,6,normal,Kids are talking by the door,1,24,female,C:\Users\rbk55\OneDrive\Documents\Project_CSE432-532\SER_Project\data\audio_speech_actors\Actor_24\03-01-06-01-01-01-24.wav
03-01-06-01-01-02-24.wav,audio-only,speech,fearful,6,normal,Kids are talking by the door,2,24,female,C:\Users\rbk55\OneDrive\Documents\Project_CSE432-532\SER_Project\data\audio_speech_actors\Actor_24\03-01-06-01-01-02-24.wav
03-01-06-01-02-01-24.wav,audio-only,speech,fearful,6,normal,Dogs are sitting by the door,1,24,female,C:\Users\rbk55\OneDrive\Documents\Project_CSE432-532\SER_Project\data\audio_speech_actors\Actor_24\03-01-06-01-02-01-24.wav
03-01-06-01-02-02-24.wav,audio-only,speech,fearful,6,normal,Dogs are sitting by the door,2,24,female,C:\Users\rbk55\OneDrive\Documents\Project_CSE432-532\SER_Project\data\audio_speech_actors\Actor_24\03-01-06-01-02-02-24.wav
03-01-06-02-01-01-24.wav,audio-only,speech,fearful,6,strong,Kids are talking by the door,1,24,female,C:\Users\rbk55\OneDrive\Documents\Project_CSE432-532\SER_Project\data\audio_speech_actors\Actor_24\03-01-06-02-01-01-24.wav
03-01-06-02-01-02-24.wav,audio-only,speech,fearful,6,strong,Kids are talking by the door,2,24,female,C:\Users\rbk55\OneDrive\Documents\Project_CSE432-532\SER_Project\data\audio_speech_actors\Actor_24\03-01-06-02-01-02-24.wav
03-01-06-02-02-01-24.wav,audio-only,speech,fearful,6,strong,Dogs are sitting by the door,1,24,female,C:\Users\rbk55\OneDrive\Documents\Project_CSE432-532\SER_Project\data\audio_speech_actors\Actor_24\03-01-06-02-02-01-24.wav
03-01-06-02-02-02-24.wav,audio-only,speech,fearful,6,strong,Dogs are sitting by the door,2,24,female,C:\Users\rbk55\OneDrive\Documents\Project_CSE432-532\SER_Project\data\audio_speech_actors\Actor_24\03-01-06-02-02-02-24.wav
03-01-07-01-01-01-24.wav,audio-only,speech,disgust,7,normal,Kids are talking by the door,1,24,female,C:\Users\rbk55\OneDrive\Documents\Project_CSE432-532\SER_Project\data\audio_speech_actors\Actor_24\03-01-07-01-01-01-24.wav
03-01-07-01-01-02-24.wav,audio-only,speech,disgust,7,normal,Kids are talking by the door,2,24,female,C:\Users\rbk55\OneDrive\Documents\Project_CSE432-532\SER_Project\data\audio_speech_actors\Actor_24\03-01-07-01-01-02-24.wav
03-01-07-01-02-01-24.wav,audio-only,speech,disgust,7,normal,Dogs are sitting by the door,1,24,female,C:\Users\rbk55\OneDrive\Documents\Project_CSE432-532\SER_Project\data\audio_speech_actors\Actor_24\03-01-07-01-02-01-24.wav
03-01-07-01-02-02-24.wav,audio-only,speech,disgust,7,normal,Dogs are sitting by the door,2,24,female,C:\Users\rbk55\OneDrive\Documents\Project_CSE432-532\SER_Project\data\audio_speech_actors\Actor_24\03-01-07-01-02-02-24.wav
03-01-07-02-01-01-24.wav,audio-only,speech,disgust,7,strong,Kids are talking by the door,1,24,female,C:\Users\rbk55\OneDrive\Documents\Project_CSE432-532\SER_Project\data\audio_speech_actors\Actor_24\03-01-07-02-01-01-24.wav
03-01-07-02-01-02-24.wav,audio-only,speech,disgust,7,strong,Kids are talking by the door,2,24,female,C:\Users\rbk55\OneDrive\Documents\Project_CSE432-532\SER_Project\data\audio_speech_actors\Actor_24\03-01-07-02-01-02-24.wav
03-01-07-02-02-01-24.wav,audio-only,speech,disgust,7,strong,Dogs are sitting by the door,1,24,female,C:\Users\rbk55\OneDrive\Documents\Project_CSE432-532\SER_Project\data\audio_speech_actors\Actor_24\03-01-07-02-02-01-24.wav
03-01-07-02-02-02-24.wav,audio-only,speech,disgust,7,strong,Dogs are sitting by the door,2,24,female,C:\Users\rbk55\OneDrive\Documents\Project_CSE432-532\SER_Project\data\audio_speech_actors\Actor_24\03-01-07-02-02-02-24.wav
03-01-08-01-01-01-24.wav,audio-only,speech,surprised,8,normal,Kids are talking by the door,1,24,female,C:\Users\rbk55\OneDrive\Documents\Project_CSE432-532\SER_Project\data\audio_speech_actors\Actor_24\03-01-08-01-01-01-24.wav
03-01-08-01-01-02-24.wav,audio-only,speech,surprised,8,normal,Kids are talking by the door,2,24,female,C:\Users\rbk55\OneDrive\Documents\Project_CSE432-532\SER_Project\data\audio_speech_actors\Actor_24\03-01-08-01-01-02-24.wav
03-01-08-01-02-01-24.wav,audio-only,speech,surprised,8,normal,Dogs are sitting by the door,1,24,female,C:\Users\rbk55\OneDrive\Documents\Project_CSE432-532\SER_Project\data\audio_speech_actors\Actor_24\03-01-08-01-02-01-24.wav
03-01-08-01-02-02-24.wav,audio-only,speech,surprised,8,normal,Dogs are sitting by the door,2,24,female,C:\Users\rbk55\OneDrive\Documents\Project_CSE432-532\SER_Project\data\audio_speech_actors\Actor_24\03-01-08-01-02-02-24.wav
03-01-08-02-01-01-24.wav,audio-only,speech,surprised,8,strong,Kids are talking by the door,1,24,female,C:\Users\rbk55\OneDrive\Documents\Project_CSE432-532\SER_Project\data\audio_speech_actors\Actor_24\03-01-08-02-01-01-24.wav
03-01-08-02-01-02-24.wav,audio-only,speech,surprised,8,strong,Kids are talking by the door,2,24,female,C:\Users\rbk55\OneDrive\Documents\Project_CSE432-532\SER_Project\data\audio_speech_actors\Actor_24\03-01-08-02-01-02-24.wav
03-01-08-02-02-01-24.wav,audio-only,speech,surprised,8,strong,Dogs are sitting by the door,1,24,female,C:\Users\rbk55\OneDrive\Documents\Project_CSE432-532\SER_Project\data\audio_speech_actors\Actor_24\03-01-08-02-02-01-24.wav
03-01-08-02-02-02-24.wav,audio-only,speech,surprised,8,strong,Dogs are sitting by the door,2,24,female,C:\Users\rbk55\OneDrive\Documents\Project_CSE432-532\SER_Project\data\audio_speech_actors\Actor_24\03-01-08-02-02-02-24.wav
